item_id,order_id,product_id,quantity,unit_price,discount_percent
ITEM000001,ORD000001,P00104,4,2525.96,29.02
ITEM000002,ORD000002,P00346,3,26039.89,0.9
ITEM000003,ORD000003,P00264,1,61577.89,17.34
ITEM000004,ORD000004,P00120,-2,16503.75,39.8
ITEM000005,ORD000005,P00527,5,40757.47,9.75
ITEM000006,ORD000006,P00051,3,40372.04,8.61
ITEM000007,ORD000007,P00448,3,75151.45,31.13
ITEM000008,ORD000008,P00284,5,62344.25,24.18
ITEM000009,ORD000009,P00186,3,45044.74,16.29
ITEM000010,ORD000010,P00020,4,35377.4,10.99
ITEM000011,ORD000011,P00474,5,12401.1,25.39
ITEM000012,ORD000012,P00100,2,10619.75,28.36
ITEM000013,ORD000013,P00227,1,7410.15,29.13
ITEM000014,ORD000014,P00472,5,15102.18,23.81
ITEM000015,ORD000015,P00555,4,11556.92,22.31
ITEM000016,ORD000016,P00352,3,22261.57,32.91
ITEM000017,ORD000017,P00156,4,35045.44,19.96
ITEM000018,ORD000018,P00546,2,46969.48,10.23
ITEM000019,ORD000019,P00034,5,41158.51,25.26
ITEM000020,ORD000020,P00575,3,20440.37,29.92
ITEM000021,ORD000021,P00543,3,21199.54,30.03
ITEM000022,ORD000022,P00463,4,43191.37,24.99
ITEM000023,ORD000023,P00171,5,5207.21,17.26
ITEM000024,ORD000024,P00024,3,1827.63,19.63
ITEM000025,ORD000025,P00241,4,70346.48,5.27
ITEM000026,ORD000026,P00127,1,18196.67,8.45
ITEM000027,ORD000027,P00114,5,35430.51,34.6
ITEM000028,ORD000028,P00411,5,55187.71,30.05
ITEM000029,ORD000029,P00429,5,9331.3,30.82
ITEM000030,ORD000030,P00109,3,56105.04,21.3
ITEM000031,ORD000031,P00231,4,37635.28,18.56
ITEM000032,ORD000032,P00461,2,10698.35,7.11
ITEM000033,ORD000033,P00296,1,31079.08,13.36
ITEM000034,ORD000034,P00476,2,76428.51,3.93
ITEM000035,ORD000035,P00595,4,33398.06,16.41
ITEM000036,ORD000036,P00030,5,32489.38,24.39
ITEM000037,ORD000037,P00516,1,32507.14,29.29
ITEM000038,ORD000038,P00024,-3,1873.47,6.66
ITEM000039,ORD000039,P00484,1,49177.27,0.91
ITEM000040,ORD000040,P00399,5,33374.5,7.72
ITEM000041,ORD000041,P00166,4,26753.65,34.99
ITEM000042,ORD000042,P00180,4,51169.06,36.86
ITEM000043,ORD000043,P00331,2,60345.83,35.78
ITEM000044,ORD000044,P00212,5,62773.89,9.8
ITEM000045,ORD000045,P00455,2,11425.02,38.91
ITEM000046,ORD000046,P00513,1,60267.06,33.52
ITEM000047,ORD000047,P00164,2,17727.42,38.5
ITEM000048,ORD000048,P00008,1,23412.13,16.25
ITEM000049,ORD000049,P00533,4,21349.29,2.81
ITEM000050,ORD000050,P00428,3,83564.58,21.49
ITEM000051,ORD000051,P00547,1,2198.02,33.11
ITEM000052,ORD000052,P00062,3,29466.53,33.13
ITEM000053,ORD000053,P00041,3,60932.21,37.1
ITEM000054,ORD000054,P00451,4,27046.52,4.14
ITEM000055,ORD000055,P00269,5,52513.99,4.47
ITEM000056,ORD000056,P00174,3,28061.43,13.59
ITEM000057,ORD000057,P00249,4,42261.77,3.89
ITEM000058,ORD000058,P00076,4,51643.83,19.66
ITEM000059,ORD000059,P00251,3,37790.85,27.57
ITEM000060,ORD000060,P00339,4,11043.39,22.73
ITEM000061,ORD000061,P00037,2,11314.85,11.54
ITEM000062,ORD000062,P00227,3,7247.72,28.55
ITEM000063,ORD000063,P00315,2,11557.65,12.19
ITEM000064,ORD000064,P00451,3,19788.76,32.21
ITEM000065,ORD000065,P00132,2,61943.94,34.37
ITEM000066,ORD000066,P00264,2,40896.26,8.47
ITEM000067,ORD000067,P00311,2,32044.97,10.38
ITEM000068,ORD000068,P00521,5,10403.81,24.74
ITEM000069,ORD000069,P00175,3,58174.58,23.49
ITEM000070,ORD000070,P00514,3,36448.29,15.12
ITEM000071,ORD000071,P00497,2,7340.06,19.28
ITEM000072,ORD000072,P00496,-4,52040.6,37.88
ITEM000073,ORD000073,P00351,2,59249.64,8.97
ITEM000074,ORD000074,P00285,5,19806.24,31.57
ITEM000075,ORD000075,P00202,3,45425.68,22.78
ITEM000076,ORD000076,P00013,5,30220.34,29.66
ITEM000077,ORD000077,P00373,1,25182.87,3.95
ITEM000078,ORD000078,P00338,5,839.61,22.13
ITEM000079,ORD000079,P00548,5,69380.01,38.82
ITEM000080,ORD000080,P00058,4,23556.23,9.92
ITEM000081,ORD000081,P00263,2,9885.39,26.03
ITEM000082,ORD000082,P00251,2,44646.47,18.24
ITEM000083,ORD000083,P00042,5,28979.23,11.1
ITEM000084,ORD000084,P00195,1,47538.51,5.3
ITEM000085,ORD000085,P00311,1,26448.08,9.76
ITEM000086,ORD000086,P00596,4,24074.35,21.48
ITEM000087,ORD000087,P00053,3,16421.03,2.92
ITEM000088,ORD000088,P00490,1,4477.85,19.04
ITEM000089,ORD000089,P00103,5,16796.14,23.93
ITEM000090,ORD000090,P00308,5,15932.08,17.19
ITEM000091,ORD000091,P00115,4,81461.72,7.79
ITEM000092,ORD000092,P00468,1,51558.27,16.29
ITEM000093,ORD000093,P00278,4,15960.21,13.15
ITEM000094,ORD000094,P00495,5,44602.23,25.81
ITEM000095,ORD000095,P00271,5,38343.96,11.01
ITEM000096,ORD000096,P00575,5,23228.88,17.6
ITEM000097,ORD000097,P00187,4,46966.31,35.73
ITEM000098,ORD000098,P00522,4,44488.04,7.15
ITEM000099,ORD000099,P00443,-3,3741.06,34.48
ITEM000100,ORD000100,P00351,5,75418.74,7.74
ITEM000101,ORD000101,P00112,2,35826.57,20.07
ITEM000102,ORD000102,P00328,5,68191.69,27.39
ITEM000103,ORD000103,P00216,5,7471.07,12.95
ITEM000104,ORD000104,P00197,4,70352.11,34.09
ITEM000105,ORD000105,P00161,3,11894.6,39.25
ITEM000106,ORD000106,P00427,3,60564.66,10.51
ITEM000107,ORD000107,P00311,3,25515.33,13.35
ITEM000108,ORD000108,P00363,3,11247.3,17.01
ITEM000109,ORD000109,P00403,4,40852.26,37.6
ITEM000110,ORD000110,P00057,4,65084.58,32.21
ITEM000111,ORD000111,P00468,3,44989.87,28.17
ITEM000112,ORD000112,P00214,3,57131.9,14.94
ITEM000113,ORD000113,P00330,4,20339.06,13.03
ITEM000114,ORD000114,P00574,2,58373.59,24.7
ITEM000115,ORD000115,P00451,3,19242.91,9.73
ITEM000116,ORD000116,P00334,4,5006.12,23.72
ITEM000117,ORD000117,P00048,4,62975.03,36.36
ITEM000118,ORD000118,P00499,2,59464.66,24.27
ITEM000119,ORD000119,P00385,1,48382.83,25.59
ITEM000120,ORD000120,P00283,5,53273.57,36.94
ITEM000121,ORD000121,P00114,4,32477.98,29.99
ITEM000122,ORD000122,P00333,4,51406.64,34.96
ITEM000123,ORD000123,P00307,5,24749.02,3.52
ITEM000124,ORD000124,P00252,3,45860.3,30.51
ITEM000125,ORD000125,P00267,5,58242.89,11.66
ITEM000126,ORD000126,P00023,2,58348.04,2.72
ITEM000127,ORD000127,P00322,3,50903.25,17.83
ITEM000128,ORD000128,P00220,2,43033.22,9.11
ITEM000129,ORD000129,P00371,3,883.82,38.86
ITEM000130,ORD000130,P00266,3,32774.78,37.31
ITEM000131,ORD000131,P00144,1,41312.74,17.09
ITEM000132,ORD000132,P00499,1,77177.54,2.41
ITEM000133,ORD000133,P00525,3,27777.62,17.49
ITEM000134,ORD000134,P00033,5,36577.39,13.08
ITEM000135,ORD000135,P00552,4,23278.15,13.35
ITEM000136,ORD000136,P00069,1,50313.29,38.97
ITEM000137,ORD000137,P00116,5,32869.58,20.54
ITEM000138,ORD000138,P00090,5,83092.2,24.4
ITEM000139,ORD000139,P00196,1,10831.33,17.24
ITEM000140,ORD000140,P00284,4,56224.79,35.22
ITEM000141,ORD000141,P00156,3,23757.52,25.91
ITEM000142,ORD000142,P00348,4,64191.7,27.7
ITEM000143,ORD000143,P00443,1,4430.21,11.75
ITEM000144,ORD000144,P00400,1,20470.61,12.9
ITEM000145,ORD000145,P00155,3,63759.29,23.38
ITEM000146,ORD000146,P00335,5,47353.31,26.62
ITEM000147,ORD000147,P00589,3,28731.84,28.6
ITEM000148,ORD000148,P00591,2,49708.68,5.93
ITEM000149,ORD000149,P00316,2,5000.32,21.34
ITEM000150,ORD000150,P00041,2,65280.53,38.19
ITEM000151,ORD000151,P00336,3,57636.98,26.33
ITEM000152,ORD000152,P00207,3,27783.54,39.64
ITEM000153,ORD000153,P00239,2,18907.49,1.09
ITEM000154,ORD000154,P00451,1,27582.36,15.0
ITEM000155,ORD000155,P00455,2,9416.45,17.87
ITEM000156,ORD000156,P00409,-2,45590.4,15.22
ITEM000157,ORD000157,P00128,-1,76694.34,20.27
ITEM000158,ORD000158,P00593,5,3640.72,30.26
ITEM000159,ORD000159,P00124,4,20152.66,14.34
ITEM000160,ORD000160,P00325,4,39716.58,39.41
ITEM000161,ORD000161,P00520,3,32071.55,20.35
ITEM000162,ORD000162,P00468,1,44644.18,32.14
ITEM000163,ORD000163,P00410,1,36906.8,37.83
ITEM000164,ORD000164,P00067,4,80957.54,26.08
ITEM000165,ORD000165,P00235,1,9514.77,32.41
ITEM000166,ORD000166,P00483,1,75483.41,10.99
ITEM000167,ORD000167,P00332,1,7056.53,9.96
ITEM000168,ORD000168,P00579,1,49784.64,6.23
ITEM000169,ORD000169,P00482,1,54409.56,32.1
ITEM000170,ORD000170,P00301,3,5734.27,32.93
ITEM000171,ORD000171,P00430,-2,17188.79,20.74
ITEM000172,ORD000172,P00156,2,27976.67,37.0
ITEM000173,ORD000173,P00167,-1,10419.51,12.24
ITEM000174,ORD000174,P00383,3,70320.31,1.14
ITEM000175,ORD000175,P00027,3,44823.11,18.82
ITEM000176,ORD000176,P00148,4,16651.28,15.08
ITEM000177,ORD000177,P00538,2,43219.34,0.6
ITEM000178,ORD000178,P00229,1,5560.53,2.65
ITEM000179,ORD000179,P00488,4,71017.69,34.25
ITEM000180,ORD000180,P00550,4,48302.87,24.13
ITEM000181,ORD000181,P00001,-3,26902.31,35.98
ITEM000182,ORD000182,P00264,2,48435.91,21.6
ITEM000183,ORD000183,P00099,4,32147.79,33.24
ITEM000184,ORD000184,P00585,2,3448.74,20.59
ITEM000185,ORD000185,P00147,2,76436.12,29.73
ITEM000186,ORD000186,P00414,3,2225.26,4.21
ITEM000187,ORD000187,P00232,3,27422.89,26.37
ITEM000188,ORD000188,P00337,4,13898.56,20.8
ITEM000189,ORD000189,P00592,3,27912.26,5.27
ITEM000190,ORD000190,P00433,3,66093.59,23.17
ITEM000191,ORD000191,P00036,4,48621.58,31.77
ITEM000192,ORD000192,P00187,1,51027.26,1.36
ITEM000193,ORD000193,P00244,2,20711.26,0.47
ITEM000194,ORD000194,P00493,4,16981.39,7.51
ITEM000195,ORD000195,P00592,4,24227.18,8.59
ITEM000196,ORD000196,P00270,5,17575.61,29.8
ITEM000197,ORD000197,P00527,3,32070.74,35.7
ITEM000198,ORD000198,P00262,3,11798.52,19.49
ITEM000199,ORD000199,P00563,4,45093.38,26.72
ITEM000200,ORD000200,P00351,5,57786.46,31.28
ITEM000201,ORD000201,P00437,1,66433.07,5.05
ITEM000202,ORD000202,P00233,4,844.43,4.81
ITEM000203,ORD000203,P00303,2,1349.01,12.28
ITEM000204,ORD000204,P00447,5,76141.67,3.32
ITEM000205,ORD000205,P00517,2,24480.88,37.65
ITEM000206,ORD000206,P00524,-2,38852.98,27.22
ITEM000207,ORD000207,P00018,2,8020.78,14.16
ITEM000208,ORD000208,P00156,5,35125.92,21.0
ITEM000209,ORD000209,P00546,3,44175.09,27.75
ITEM000210,ORD000210,P00544,2,18517.81,4.01
ITEM000211,ORD000211,P00170,5,23684.1,37.23
ITEM000212,ORD000212,P00156,5,36314.41,24.39
ITEM000213,ORD000213,P00208,3,56249.99,38.77
ITEM000214,ORD000214,P00411,3,54665.25,20.87
ITEM000215,ORD000215,P00432,4,16632.26,5.44
ITEM000216,ORD000216,P00308,1,16589.79,28.33
ITEM000217,ORD000217,P00320,2,13712.97,24.52
ITEM000218,ORD000218,P00069,1,54783.95,5.61
ITEM000219,ORD000219,P00493,2,16330.63,32.28
ITEM000220,ORD000220,P00249,4,55931.28,25.84
ITEM000221,ORD000221,P00401,5,18098.76,33.37
ITEM000222,ORD000222,P00073,2,33229.98,11.05
ITEM000223,ORD000223,P00412,1,12243.53,23.44
ITEM000224,ORD000224,P00156,2,29108.07,26.89
ITEM000225,ORD000225,P00336,-1,50911.4,20.82
ITEM000226,ORD000226,P00537,1,31469.19,23.94
ITEM000227,ORD000227,P00238,4,31338.05,4.99
ITEM000228,ORD000228,P00466,2,49004.07,39.16
ITEM000229,ORD000229,P00350,3,10572.02,1.64
ITEM000230,ORD000230,P00262,1,10905.16,17.04
ITEM000231,ORD000231,P00173,4,62737.19,8.99
ITEM000232,ORD000232,P00106,1,26084.06,24.13
ITEM000233,ORD000233,P00372,2,4091.1,26.6
ITEM000234,ORD000234,P00443,4,3655.92,4.21
ITEM000235,ORD000235,P00287,3,21025.04,25.61
ITEM000236,ORD000236,P00337,4,13890.01,10.05
ITEM000237,ORD000237,P00366,1,37417.75,28.52
ITEM000238,ORD000238,P00498,2,44315.9,8.86
ITEM000239,ORD000239,P00445,3,7766.52,31.24
ITEM000240,ORD000240,P00500,5,5857.49,22.62
ITEM000241,ORD000241,P00532,4,45043.5,4.31
ITEM000242,ORD000242,P00101,5,33025.81,38.67
ITEM000243,ORD000243,P00245,3,28913.5,28.37
ITEM000244,ORD000244,P00432,4,18673.42,1.59
ITEM000245,ORD000245,P00451,4,24591.9,20.91
ITEM000246,ORD000246,P00409,4,57479.82,1.03
ITEM000247,ORD000247,P00581,2,54194.67,37.84
ITEM000248,ORD000248,P00102,3,69455.08,32.08
ITEM000249,ORD000249,P00468,3,54579.67,27.32
ITEM000250,ORD000250,P00361,2,55603.42,31.35
ITEM000251,ORD000251,P00333,4,48720.02,25.39
ITEM000252,ORD000252,P00165,2,62907.64,34.54
ITEM000253,ORD000253,P00330,4,20015.33,31.24
ITEM000254,ORD000254,P00177,4,74577.59,13.35
ITEM000255,ORD000255,P00552,2,23703.62,12.23
ITEM000256,ORD000256,P00093,4,25403.28,19.89
ITEM000257,ORD000257,P00191,4,51224.35,34.24
ITEM000258,ORD000258,P00498,3,39205.12,17.51
ITEM000259,ORD000259,P00371,2,1263.39,12.91
ITEM000260,ORD000260,P00115,2,74679.71,36.35
ITEM000261,ORD000261,P00574,3,57370.58,21.53
ITEM000262,ORD000262,P00408,5,61599.99,7.94
ITEM000263,ORD000263,P00093,5,33515.88,26.53
ITEM000264,ORD000264,P00270,2,19987.65,21.31
ITEM000265,ORD000265,P00407,2,87051.37,4.15
ITEM000266,ORD000266,P00301,5,5609.97,3.29
ITEM000267,ORD000267,P00231,4,43669.66,9.84
ITEM000268,ORD000268,P00159,3,36717.89,8.98
ITEM000269,ORD000269,P00225,2,36852.68,17.61
ITEM000270,ORD000270,P00222,2,34721.65,9.75
ITEM000271,ORD000271,P00022,5,3350.76,17.56
ITEM000272,ORD000272,P00570,5,28724.97,7.69
ITEM000273,ORD000273,P00191,5,62163.28,25.09
ITEM000274,ORD000274,P00397,3,24883.76,39.28
ITEM000275,ORD000275,P00270,4,16967.11,36.0
ITEM000276,ORD000276,P00241,3,59599.31,3.08
ITEM000277,ORD000277,P00138,3,36533.52,39.45
ITEM000278,ORD000278,P00253,5,12477.82,3.86
ITEM000279,ORD000279,P00520,4,32969.51,4.19
ITEM000280,ORD000280,P00234,3,27630.54,25.8
ITEM000281,ORD000281,P00568,2,12500.87,22.97
ITEM000282,ORD000282,P00055,4,51465.25,19.89
ITEM000283,ORD000283,P00447,1,75213.7,6.85
ITEM000284,ORD000284,P00574,4,52497.09,2.3
ITEM000285,ORD000285,P00356,4,83239.64,5.92
ITEM000286,ORD000286,P00363,1,14057.69,11.04
ITEM000287,ORD000287,P00259,1,35469.48,19.63
ITEM000288,ORD000288,P00137,4,38209.72,18.08
ITEM000289,ORD000289,P00552,3,23879.38,22.79
ITEM000290,ORD000290,P00521,4,9027.29,21.58
ITEM000291,ORD000291,P00323,1,67954.65,2.12
ITEM000292,ORD000292,P00367,5,6931.2,39.09
ITEM000293,ORD000293,P00066,5,55654.25,6.45
ITEM000294,ORD000294,P00200,2,68105.93,30.95
ITEM000295,ORD000295,P00184,2,54474.71,37.15
ITEM000296,ORD000296,P00123,3,38030.81,37.85
ITEM000297,ORD000297,P00588,4,39842.13,15.25
ITEM000298,ORD000298,P00486,2,8172.17,7.32
ITEM000299,ORD000299,P00319,3,59640.27,17.21
ITEM000300,ORD000300,P00259,-4,25800.88,10.42
ITEM000301,ORD000301,P00206,2,10744.36,25.89
ITEM000302,ORD000302,P00084,3,11933.81,3.76
ITEM000303,ORD000303,P00264,1,62663.26,2.44
ITEM000304,ORD000304,P00571,1,58274.01,3.82
ITEM000305,ORD000305,P00002,-5,25731.87,13.07
ITEM000306,ORD000306,P00314,1,44702.86,22.72
ITEM000307,ORD000307,P00384,1,28418.53,7.54
ITEM000308,ORD000308,P00511,2,68149.72,39.03
ITEM000309,ORD000309,P00100,2,12836.18,22.96
ITEM000310,ORD000310,P00452,2,33020.71,32.57
ITEM000311,ORD000311,P00456,1,59161.68,37.41
ITEM000312,ORD000312,P00124,3,21847.02,4.31
ITEM000313,ORD000313,P00185,5,46490.17,36.01
ITEM000314,ORD000314,P00510,2,3999.21,39.89
ITEM000315,ORD000315,P00346,4,32648.95,21.92
ITEM000316,ORD000316,P00399,4,40307.76,26.75
ITEM000317,ORD000317,P00068,-3,37597.34,5.66
ITEM000318,ORD000318,P00503,2,53541.1,1.66
ITEM000319,ORD000319,P00061,4,9672.58,36.39
ITEM000320,ORD000320,P00102,5,46330.79,26.19
ITEM000321,ORD000321,P00540,5,58740.52,21.28
ITEM000322,ORD000322,P00404,5,18920.57,11.3
ITEM000323,ORD000323,P00139,-4,50416.63,11.72
ITEM000324,ORD000324,P00437,4,52560.28,3.3
ITEM000325,ORD000325,P00025,4,20198.97,22.45
ITEM000326,ORD000326,P00399,3,33154.64,31.45
ITEM000327,ORD000327,P00295,1,61658.21,1.67
ITEM000328,ORD000328,P00092,3,16963.4,29.91
ITEM000329,ORD000329,P00585,5,3545.31,12.55
ITEM000330,ORD000330,P00050,5,44777.56,38.67
ITEM000331,ORD000331,P00395,2,58312.22,21.51
ITEM000332,ORD000332,P00445,5,9713.58,7.13
ITEM000333,ORD000333,P00380,1,57022.84,3.95
ITEM000334,ORD000334,P00191,2,65961.68,2.92
ITEM000335,ORD000335,P00209,4,26695.66,25.62
ITEM000336,ORD000336,P00016,1,45562.85,8.24
ITEM000337,ORD000337,P00120,3,12142.27,9.62
ITEM000338,ORD000338,P00339,2,12441.57,33.06
ITEM000339,ORD000339,P00381,4,12787.77,5.67
ITEM000340,ORD000340,P00253,5,12997.59,35.28
ITEM000341,ORD000341,P00433,5,67543.29,36.08
ITEM000342,ORD000342,P00318,2,80971.99,26.13
ITEM000343,ORD000343,P00280,4,15061.68,16.64
ITEM000344,ORD000344,P00424,4,13385.76,36.04
ITEM000345,ORD000345,P00500,3,5839.98,25.06
ITEM000346,ORD000346,P00405,1,29326.48,17.97
ITEM000347,ORD000347,P00229,1,6168.48,4.61
ITEM000348,ORD000348,P00501,1,61243.57,13.1
ITEM000349,ORD000349,P00263,4,8115.25,11.46
ITEM000350,ORD000350,P00584,3,2345.29,4.78
ITEM000351,ORD000351,P00207,1,34053.25,19.92
ITEM000352,ORD000352,P00131,5,10705.09,18.76
ITEM000353,ORD000353,P00112,1,36136.3,33.32
ITEM000354,ORD000354,P00189,1,32587.39,32.26
ITEM000355,ORD000355,P00248,4,49158.68,17.52
ITEM000356,ORD000356,P00147,4,74304.46,1.64
ITEM000357,ORD000357,P00516,2,35037.36,29.0
ITEM000358,ORD000358,P00045,5,12007.78,6.11
ITEM000359,ORD000359,P00257,2,61877.43,8.03
ITEM000360,ORD000360,P00058,4,21499.67,37.87
ITEM000361,ORD000361,P00518,1,57128.65,25.09
ITEM000362,ORD000362,P00344,4,45986.32,17.62
ITEM000363,ORD000363,P00252,5,44915.43,22.27
ITEM000364,ORD000364,P00147,5,86886.25,2.27
ITEM000365,ORD000365,P00067,4,67196.67,0.7
ITEM000366,ORD000366,P00174,3,27460.12,5.74
ITEM000367,ORD000367,P00107,2,43126.19,0.14
ITEM000368,ORD000368,P00060,4,32250.57,4.79
ITEM000369,ORD000369,P00230,1,44424.83,2.96
ITEM000370,ORD000370,P00488,5,61605.95,11.3
ITEM000371,ORD000371,P00397,4,27106.47,9.51
ITEM000372,ORD000372,P00503,5,41227.76,39.21
ITEM000373,ORD000373,P00466,4,74345.06,6.13
ITEM000374,ORD000374,P00550,3,50835.32,11.47
ITEM000375,ORD000375,P00179,4,44001.44,35.28
ITEM000376,ORD000376,P00377,1,2614.63,11.99
ITEM000377,ORD000377,P00044,4,446.78,35.19
ITEM000378,ORD000378,P00233,4,596.51,25.06
ITEM000379,ORD000379,P00214,4,60999.74,16.71
ITEM000380,ORD000380,P00464,4,40016.06,18.54
ITEM000381,ORD000381,P00346,3,29211.28,5.32
ITEM000382,ORD000382,P00543,2,20543.64,28.5
ITEM000383,ORD000383,P00583,2,15626.02,29.17
ITEM000384,ORD000384,P00373,4,27096.77,30.56
ITEM000385,ORD000385,P00419,3,26080.38,8.54
ITEM000386,ORD000386,P00145,4,35144.29,26.09
ITEM000387,ORD000387,P00308,5,19988.23,7.98
ITEM000388,ORD000388,P00346,5,32143.79,26.39
ITEM000389,ORD000389,P00530,4,25774.94,17.72
ITEM000390,ORD000390,P00212,4,66054.12,6.89
ITEM000391,ORD000391,P00577,2,11137.75,23.0
ITEM000392,ORD000392,P00203,2,58085.73,18.74
ITEM000393,ORD000393,P00134,4,48766.93,37.32
ITEM000394,ORD000394,P00544,-1,21389.05,31.48
ITEM000395,ORD000395,P00088,1,34297.58,34.49
ITEM000396,ORD000396,P00055,3,56958.88,12.53
ITEM000397,ORD000397,P00366,2,54673.72,38.32
ITEM000398,ORD000398,P00315,1,10451.64,36.37
ITEM000399,ORD000399,P00598,4,46549.78,28.14
ITEM000400,ORD000400,P00297,3,32043.64,22.48
ITEM000401,ORD000401,P00156,2,28700.73,21.29
ITEM000402,ORD000402,P00420,2,56696.31,25.15
ITEM000403,ORD000403,P00288,-2,56958.75,26.55
ITEM000404,ORD000404,P00151,4,30097.22,1.58
ITEM000405,ORD000405,P00391,4,35282.12,6.82
ITEM000406,ORD000406,P00021,5,5459.98,32.72
ITEM000407,ORD000407,P00452,5,34046.58,17.89
ITEM000408,ORD000408,P00021,4,6084.57,22.67
ITEM000409,ORD000409,P00348,1,75163.08,2.76
ITEM000410,ORD000410,P00139,5,40410.44,15.74
ITEM000411,ORD000411,P00154,1,12324.46,31.64
ITEM000412,ORD000412,P00202,3,40895.86,31.71
ITEM000413,ORD000413,P00086,3,14361.63,31.97
ITEM000414,ORD000414,P00017,5,30131.17,16.71
ITEM000415,ORD000415,P00174,3,34260.53,7.68
ITEM000416,ORD000416,P00287,5,21021.21,0.94
ITEM000417,ORD000417,P00327,2,24922.05,9.55
ITEM000418,ORD000418,P00314,3,38084.39,17.32
ITEM000419,ORD000419,P00042,3,36617.37,30.39
ITEM000420,ORD000420,P00470,1,47009.46,1.25
ITEM000421,ORD000421,P00011,5,46300.26,15.23
ITEM000422,ORD000422,P00482,4,65314.59,27.81
ITEM000423,ORD000423,P00277,4,58475.61,32.13
ITEM000424,ORD000424,P00435,4,71443.31,5.29
ITEM000425,ORD000425,P00355,3,19655.52,19.55
ITEM000426,ORD000426,P00274,1,81870.92,36.75
ITEM000427,ORD000427,P00087,3,71723.44,35.83
ITEM000428,ORD000428,P00024,2,2042.17,4.28
ITEM000429,ORD000429,P00077,2,39184.12,6.16
ITEM000430,ORD000430,P00243,1,31434.78,0.39
ITEM000431,ORD000431,P00014,3,29429.25,24.7
ITEM000432,ORD000432,P00160,5,53995.74,34.85
ITEM000433,ORD000433,P00472,3,17871.9,4.23
ITEM000434,ORD000434,P00125,1,69694.32,7.98
ITEM000435,ORD000435,P00084,2,9810.17,38.06
ITEM000436,ORD000436,P00004,4,57154.33,9.32
ITEM000437,ORD000437,P00052,1,25158.95,25.02
ITEM000438,ORD000438,P00198,4,65948.84,28.33
ITEM000439,ORD000439,P00508,5,9907.76,18.77
ITEM000440,ORD000440,P00063,4,28212.47,0.25
ITEM000441,ORD000441,P00181,2,55813.02,35.13
ITEM000442,ORD000442,P00590,2,48884.35,28.11
ITEM000443,ORD000443,P00078,2,26107.66,12.86
ITEM000444,ORD000444,P00234,2,23732.84,33.44
ITEM000445,ORD000445,P00304,5,15087.9,25.62
ITEM000446,ORD000446,P00224,4,48202.37,13.79
ITEM000447,ORD000447,P00247,5,48324.96,35.62
ITEM000448,ORD000448,P00258,-3,50211.33,2.59
ITEM000449,ORD000449,P00065,4,45206.43,29.32
ITEM000450,ORD000450,P00441,1,31087.75,35.95
ITEM000451,ORD000451,P00457,1,9879.42,26.98
ITEM000452,ORD000452,P00327,5,35965.45,36.58
ITEM000453,ORD000453,P00068,5,37932.75,33.59
ITEM000454,ORD000454,P00462,3,29116.87,19.22
ITEM000455,ORD000455,P00512,3,35489.93,12.54
ITEM000456,ORD000456,P00195,2,41419.37,1.71
ITEM000457,ORD000457,P00362,4,12012.9,18.47
ITEM000458,ORD000458,P00413,4,79641.92,18.58
ITEM000459,ORD000459,P00157,2,4943.86,15.42
ITEM000460,ORD000460,P00026,2,9179.3,15.26
ITEM000461,ORD000461,P00153,4,55294.21,17.38
ITEM000462,ORD000462,P00177,2,66477.84,7.36
ITEM000463,ORD000463,P00098,1,48823.2,6.0
ITEM000464,ORD000464,P00346,2,20805.04,15.69
ITEM000465,ORD000465,P00311,5,27487.73,7.6
ITEM000466,ORD000466,P00512,4,30499.65,34.06
ITEM000467,ORD000467,P00500,-1,5176.36,4.24
ITEM000468,ORD000468,P00332,4,8981.57,5.66
ITEM000469,ORD000469,P00532,4,66302.21,16.65
ITEM000470,ORD000470,P00014,-3,26552.71,13.54
ITEM000471,ORD000471,P00319,5,68220.06,4.87
ITEM000472,ORD000472,P00133,5,13716.55,28.99
ITEM000473,ORD000473,P00132,3,60746.45,18.94
ITEM000474,ORD000474,P00019,4,49097.49,9.84
ITEM000475,ORD000475,P00335,2,57910.42,36.1
ITEM000476,ORD000476,P00488,3,59109.87,23.09
ITEM000477,ORD000477,P00340,2,1153.74,38.62
ITEM000478,ORD000478,P00587,2,1746.32,24.38
ITEM000479,ORD000479,P00256,4,55944.84,35.62
ITEM000480,ORD000480,P00321,5,28159.07,15.37
ITEM000481,ORD000481,P00152,5,59655.65,21.17
ITEM000482,ORD000482,P00474,5,12979.61,37.89
ITEM000483,ORD000483,P00273,1,20254.17,31.1
ITEM000484,ORD000484,P00283,2,53118.04,31.11
ITEM000485,ORD000485,P00486,2,6064.06,0.12
ITEM000486,ORD000486,P00365,5,64303.58,5.84
ITEM000487,ORD000487,P00280,3,13692.61,12.57
ITEM000488,ORD000488,P00550,2,67833.49,25.83
ITEM000489,ORD000489,P00124,3,20089.71,29.42
ITEM000490,ORD000490,P00200,5,63275.82,11.3
ITEM000491,ORD000491,P00386,4,45518.17,34.11
ITEM000492,ORD000492,P00306,3,58965.32,11.84
ITEM000493,ORD000493,P00030,-4,29857.06,18.6
ITEM000494,ORD000494,P00152,4,69242.83,22.21
ITEM000495,ORD000495,P00455,3,8100.98,10.94
ITEM000496,ORD000496,P00283,2,62519.44,18.13
ITEM000497,ORD000497,P00167,5,8561.11,38.24
ITEM000498,ORD000498,P00127,1,22562.62,22.1
ITEM000499,ORD000499,P00378,2,53059.25,28.82
ITEM000500,ORD000500,P00564,1,75678.82,25.85
ITEM000501,ORD000501,P00406,2,64565.57,33.44
ITEM000502,ORD000502,P00036,3,41827.74,30.26
ITEM000503,ORD000503,P00041,5,50310.19,28.69
ITEM000504,ORD000504,P00136,4,49298.65,2.72
ITEM000505,ORD000505,P00156,1,30255.15,37.6
ITEM000506,ORD000506,P00241,1,65647.03,38.89
ITEM000507,ORD000507,P00347,1,52101.07,30.03
ITEM000508,ORD000508,P00505,4,6948.2,20.99
ITEM000509,ORD000509,P00406,2,72099.9,3.58
ITEM000510,ORD000510,P00213,4,18367.69,30.51
ITEM000511,ORD000511,P00268,2,15798.63,25.79
ITEM000512,ORD000512,P00572,1,20465.02,33.72
ITEM000513,ORD000513,P00231,4,29394.48,8.76
ITEM000514,ORD000514,P00239,2,20376.32,5.51
ITEM000515,ORD000515,P00328,3,65376.64,25.37
ITEM000516,ORD000516,P00406,1,70812.34,11.59
ITEM000517,ORD000517,P00025,4,25571.47,1.61
ITEM000518,ORD000518,P00037,2,11851.04,19.66
ITEM000519,ORD000519,P00358,1,37463.34,14.72
ITEM000520,ORD000520,P00169,4,39251.66,21.45
ITEM000521,ORD000521,P00289,3,5426.57,20.44
ITEM000522,ORD000522,P00164,2,20272.46,10.25
ITEM000523,ORD000523,P00201,3,4135.64,15.71
ITEM000524,ORD000524,P00293,4,17801.77,24.13
ITEM000525,ORD000525,P00525,4,31073.72,4.51
ITEM000526,ORD000526,P00397,1,25277.71,34.97
ITEM000527,ORD000527,P00205,5,75062.72,11.94
ITEM000528,ORD000528,P00220,5,54323.99,14.44
ITEM000529,ORD000529,P00056,2,36709.21,35.38
ITEM000530,ORD000530,P00259,2,32325.98,12.4
ITEM000531,ORD000531,P00222,2,53310.49,8.25
ITEM000532,ORD000532,P00398,3,6265.4,15.63
ITEM000533,ORD000533,P00170,4,27029.41,23.87
ITEM000534,ORD000534,P00255,1,16434.81,35.38
ITEM000535,ORD000535,P00032,5,18859.92,0.45
ITEM000536,ORD000536,P00281,1,25786.78,15.26
ITEM000537,ORD000537,P00582,2,31715.27,14.72
ITEM000538,ORD000538,P00196,4,10714.29,14.91
ITEM000539,ORD000539,P00287,-4,18892.91,11.9
ITEM000540,ORD000540,P00036,1,41343.04,10.51
ITEM000541,ORD000541,P00210,1,86804.58,29.77
ITEM000542,ORD000542,P00032,4,20308.65,4.5
ITEM000543,ORD000543,P00241,4,68896.3,23.19
ITEM000544,ORD000544,P00571,3,47606.35,28.12
ITEM000545,ORD000545,P00492,1,18041.84,6.13
ITEM000546,ORD000546,P00067,4,72341.3,1.2
ITEM000547,ORD000547,P00510,4,4416.51,16.5
ITEM000548,ORD000548,P00014,5,29757.68,26.26
ITEM000549,ORD000549,P00288,3,51207.01,8.11
ITEM000550,ORD000550,P00274,-1,73893.5,38.53
ITEM000551,ORD000551,P00193,2,25658.28,32.41
ITEM000552,ORD000552,P00046,5,23569.0,17.41
ITEM000553,ORD000553,P00501,2,79818.18,29.7
ITEM000554,ORD000554,P00294,3,22544.44,14.69
ITEM000555,ORD000555,P00484,5,33820.52,26.34
ITEM000556,ORD000556,P00381,5,16712.36,12.83
ITEM000557,ORD000557,P00356,4,59567.61,16.07
ITEM000558,ORD000558,P00479,3,24576.68,5.91
ITEM000559,ORD000559,P00507,5,56061.25,38.46
ITEM000560,ORD000560,P00089,5,55291.17,5.51
ITEM000561,ORD000561,P00368,4,52466.81,21.57
ITEM000562,ORD000562,P00169,1,42126.46,36.73
ITEM000563,ORD000563,P00149,5,38406.31,25.31
ITEM000564,ORD000564,P00164,5,14914.5,32.65
ITEM000565,ORD000565,P00211,4,52629.71,16.76
ITEM000566,ORD000566,P00115,5,73367.0,20.78
ITEM000567,ORD000567,P00590,1,39301.8,22.02
ITEM000568,ORD000568,P00169,2,49618.54,31.51
ITEM000569,ORD000569,P00501,1,66203.98,33.46
ITEM000570,ORD000570,P00383,5,80419.93,20.92
ITEM000571,ORD000571,P00403,2,55652.08,29.99
ITEM000572,ORD000572,P00109,2,59843.1,18.15
ITEM000573,ORD000573,P00193,1,27967.63,38.77
ITEM000574,ORD000574,P00111,4,30733.9,2.89
ITEM000575,ORD000575,P00314,2,43868.97,12.11
ITEM000576,ORD000576,P00215,5,67813.81,38.06
ITEM000577,ORD000577,P00196,1,7353.44,11.83
ITEM000578,ORD000578,P00213,2,25464.28,27.22
ITEM000579,ORD000579,P00069,3,47659.39,4.76
ITEM000580,ORD000580,P00367,4,6483.98,23.9
ITEM000581,ORD000581,P00352,4,22912.24,12.15
ITEM000582,ORD000582,P00490,5,4814.66,27.16
ITEM000583,ORD000583,P00033,4,28296.09,1.24
ITEM000584,ORD000584,P00485,4,44826.7,30.79
ITEM000585,ORD000585,P00433,5,64880.73,14.04
ITEM000586,ORD000586,P00503,1,44168.53,38.51
ITEM000587,ORD000587,P00089,4,55259.53,3.68
ITEM000588,ORD000588,P00252,1,43335.46,29.96
ITEM000589,ORD000589,P00248,5,57446.69,1.37
ITEM000590,ORD000590,P00318,5,75713.7,34.19
ITEM000591,ORD000591,P00222,5,43450.89,0.41
ITEM000592,ORD000592,P00132,5,69201.0,31.23
ITEM000593,ORD000593,P00519,4,15872.3,7.25
ITEM000594,ORD000594,P00282,5,44366.88,37.0
ITEM000595,ORD000595,P00050,3,60391.22,27.93
ITEM000596,ORD000596,P00503,2,55990.31,11.74
ITEM000597,ORD000597,P00167,1,9375.69,13.26
ITEM000598,ORD000598,P00113,2,23945.44,3.07
ITEM000599,ORD000599,P00494,4,25600.05,15.49
ITEM000600,ORD000600,P00181,4,49139.06,7.31
ITEM000601,ORD000601,P00349,5,62047.05,9.15
ITEM000602,ORD000602,P00456,1,45121.95,5.57
ITEM000603,ORD000603,P00577,1,10115.21,14.67
ITEM000604,ORD000604,P00441,1,31563.64,35.91
ITEM000605,ORD000605,P00378,5,47183.25,18.95
ITEM000606,ORD000606,P00286,4,28841.86,16.89
ITEM000607,ORD000607,P00067,1,58987.24,37.95
ITEM000608,ORD000608,P00367,4,8085.55,36.77
ITEM000609,ORD000609,P00141,1,45451.45,3.46
ITEM000610,ORD000610,P00192,-2,35004.96,39.86
ITEM000611,ORD000611,P00383,5,58813.47,2.67
ITEM000612,ORD000612,P00190,5,67254.47,22.39
ITEM000613,ORD000613,P00238,2,28800.59,5.33
ITEM000614,ORD000614,P00401,1,19929.23,20.41
ITEM000615,ORD000615,P00013,1,25648.9,10.64
ITEM000616,ORD000616,P00544,1,17840.93,32.46
ITEM000617,ORD000617,P00328,2,81164.2,32.05
ITEM000618,ORD000618,P00194,4,20447.65,8.56
ITEM000619,ORD000619,P00177,4,65252.18,25.08
ITEM000620,ORD000620,P00073,2,29345.94,34.31
ITEM000621,ORD000621,P00149,1,41137.37,39.59
ITEM000622,ORD000622,P00075,5,23679.55,25.08
ITEM000623,ORD000623,P00424,3,18159.01,33.12
ITEM000624,ORD000624,P00417,1,56451.09,1.72
ITEM000625,ORD000625,P00329,4,13441.35,26.87
ITEM000626,ORD000626,P00383,4,64803.12,33.45
ITEM000627,ORD000627,P00231,2,37353.56,37.98
ITEM000628,ORD000628,P00522,4,47721.59,30.22
ITEM000629,ORD000629,P00162,2,11238.99,11.51
ITEM000630,ORD000630,P00077,4,43746.3,16.69
ITEM000631,ORD000631,P00576,-1,45286.05,31.08
ITEM000632,ORD000632,P00041,3,57159.15,11.23
ITEM000633,ORD000633,P00350,3,10097.44,24.21
ITEM000634,ORD000634,P00316,4,6227.87,15.44
ITEM000635,ORD000635,P00574,5,53491.28,31.43
ITEM000636,ORD000636,P00141,4,54366.78,27.66
ITEM000637,ORD000637,P00351,5,65792.56,25.25
ITEM000638,ORD000638,P00258,3,54094.51,34.99
ITEM000639,ORD000639,P00526,2,58240.72,36.23
ITEM000640,ORD000640,P00246,5,50203.22,38.89
ITEM000641,ORD000641,P00197,3,62349.46,16.46
ITEM000642,ORD000642,P00271,5,42026.3,26.36
ITEM000643,ORD000643,P00143,3,35197.42,27.44
ITEM000644,ORD000644,P00556,5,16517.7,31.92
ITEM000645,ORD000645,P00596,5,20634.67,28.98
ITEM000646,ORD000646,P00299,2,29363.24,31.6
ITEM000647,ORD000647,P00346,2,32109.16,32.38
ITEM000648,ORD000648,P00384,2,22075.25,28.68
ITEM000649,ORD000649,P00582,4,40081.43,5.85
ITEM000650,ORD000650,P00074,3,8492.27,15.06
ITEM000651,ORD000651,P00564,4,54160.84,7.56
ITEM000652,ORD000652,P00261,4,63598.01,39.63
ITEM000653,ORD000653,P00598,3,47369.34,16.82
ITEM000654,ORD000654,P00273,1,25586.96,25.12
ITEM000655,ORD000655,P00502,5,11718.63,17.49
ITEM000656,ORD000656,P00321,1,19649.87,4.92
ITEM000657,ORD000657,P00056,1,41521.8,11.09
ITEM000658,ORD000658,P00562,5,61039.98,31.35
ITEM000659,ORD000659,P00434,2,23361.7,26.41
ITEM000660,ORD000660,P00062,1,20808.29,39.07
ITEM000661,ORD000661,P00284,3,55627.55,9.22
ITEM000662,ORD000662,P00585,3,5078.4,14.14
ITEM000663,ORD000663,P00243,2,20581.78,23.36
ITEM000664,ORD000664,P00226,2,7738.98,33.0
ITEM000665,ORD000665,P00209,5,32844.39,38.18
ITEM000666,ORD000666,P00094,5,45511.91,39.15
ITEM000667,ORD000667,P00277,4,52003.6,9.85
ITEM000668,ORD000668,P00417,2,44053.46,24.38
ITEM000669,ORD000669,P00178,2,29526.5,0.13
ITEM000670,ORD000670,P00316,4,6431.78,23.99
ITEM000671,ORD000671,P00396,4,48349.45,4.01
ITEM000672,ORD000672,P00084,4,13471.57,17.7
ITEM000673,ORD000673,P00394,5,71296.84,0.92
ITEM000674,ORD000674,P00279,2,52180.2,19.66
ITEM000675,ORD000675,P00537,3,25431.06,19.96
ITEM000676,ORD000676,P00398,4,6724.41,14.92
ITEM000677,ORD000677,P00080,5,45375.25,27.33
ITEM000678,ORD000678,P00173,4,47891.49,12.57
ITEM000679,ORD000679,P00415,3,34558.53,11.63
ITEM000680,ORD000680,P00237,4,52803.46,18.79
ITEM000681,ORD000681,P00025,5,21883.53,27.9
ITEM000682,ORD000682,P00464,1,31081.44,13.81
ITEM000683,ORD000683,P00391,1,37300.3,28.97
ITEM000684,ORD000684,P00435,1,62980.69,13.93
ITEM000685,ORD000685,P00276,3,73642.0,10.39
ITEM000686,ORD000686,P00162,2,9272.06,23.42
ITEM000687,ORD000687,P00530,5,30933.94,7.83
ITEM000688,ORD000688,P00038,4,44585.63,30.43
ITEM000689,ORD000689,P00093,2,22430.04,27.81
ITEM000690,ORD000690,P00052,3,21206.58,37.28
ITEM000691,ORD000691,P00464,2,29563.8,34.34
ITEM000692,ORD000692,P00286,2,24395.18,12.46
ITEM000693,ORD000693,P00534,1,62741.13,3.69
ITEM000694,ORD000694,P00054,5,9016.5,31.37
ITEM000695,ORD000695,P00181,3,64473.16,37.68
ITEM000696,ORD000696,P00172,2,44203.61,38.45
ITEM000697,ORD000697,P00079,1,40015.17,10.76
ITEM000698,ORD000698,P00184,5,57695.38,18.5
ITEM000699,ORD000699,P00378,2,48487.88,37.29
ITEM000700,ORD000700,P00252,1,40571.89,6.87
ITEM000701,ORD000701,P00279,5,50723.19,20.04
ITEM000702,ORD000702,P00059,4,23283.81,1.93
ITEM000703,ORD000703,P00160,2,44555.61,24.36
ITEM000704,ORD000704,P00377,5,3073.32,18.5
ITEM000705,ORD000705,P00466,2,68100.5,28.54
ITEM000706,ORD000706,P00166,5,32067.86,2.68
ITEM000707,ORD000707,P00387,2,6666.35,18.43
ITEM000708,ORD000708,P00502,4,14804.3,29.05
ITEM000709,ORD000709,P00538,4,63308.04,37.73
ITEM000710,ORD000710,P00363,5,11958.29,33.51
ITEM000711,ORD000711,P00415,3,39774.12,16.31
ITEM000712,ORD000712,P00516,4,25419.82,1.46
ITEM000713,ORD000713,P00076,5,53640.49,33.68
ITEM000714,ORD000714,P00119,5,38339.35,15.3
ITEM000715,ORD000715,P00307,3,22288.42,19.49
ITEM000716,ORD000716,P00017,2,24557.49,25.54
ITEM000717,ORD000717,P00151,4,43953.12,31.62
ITEM000718,ORD000718,P00144,3,36724.0,5.69
ITEM000719,ORD000719,P00233,4,641.48,15.97
ITEM000720,ORD000720,P00477,3,34134.54,18.53
ITEM000721,ORD000721,P00426,1,26768.95,5.82
ITEM000722,ORD000722,P00104,3,2357.97,14.02
ITEM000723,ORD000723,P00396,4,44685.23,11.76
ITEM000724,ORD000724,P00525,5,35841.78,37.36
ITEM000725,ORD000725,P00491,1,52616.91,7.74
ITEM000726,ORD000726,P00519,2,15310.72,4.05
ITEM000727,ORD000727,P00576,3,32460.01,20.38
ITEM000728,ORD000728,P00534,3,55515.37,16.14
ITEM000729,ORD000729,P00472,3,16625.95,11.4
ITEM000730,ORD000730,P00053,5,14999.71,35.34
ITEM000731,ORD000731,P00500,4,6279.7,1.45
ITEM000732,ORD000732,P00562,5,68920.57,39.95
ITEM000733,ORD000733,P00158,4,18553.55,28.57
ITEM000734,ORD000734,P00274,2,56462.51,36.6
ITEM000735,ORD000735,P00096,5,28080.44,15.78
ITEM000736,ORD000736,P00043,1,28254.31,38.14
ITEM000737,ORD000737,P00200,4,57147.76,16.7
ITEM000738,ORD000738,P00156,4,30605.86,10.21
ITEM000739,ORD000739,P00216,1,8533.92,6.54
ITEM000740,ORD000740,P00039,3,31923.17,31.48
ITEM000741,ORD000741,P00225,4,37455.18,6.62
ITEM000742,ORD000742,P00506,1,48989.27,18.38
ITEM000743,ORD000743,P00351,5,72437.39,14.88
ITEM000744,ORD000744,P00481,3,13198.49,21.92
ITEM000745,ORD000745,P00339,3,10202.84,26.71
ITEM000746,ORD000746,P00533,3,20858.19,31.13
ITEM000747,ORD000747,P00252,2,51040.55,17.35
ITEM000748,ORD000748,P00279,3,53416.7,12.02
ITEM000749,ORD000749,P00415,1,47912.17,12.01
ITEM000750,ORD000750,P00264,1,61251.01,22.2
ITEM000751,ORD000751,P00225,2,30664.97,6.13
ITEM000752,ORD000752,P00101,5,41170.17,16.51
ITEM000753,ORD000753,P00410,4,40966.92,11.96
ITEM000754,ORD000754,P00249,2,52058.49,37.94
ITEM000755,ORD000755,P00068,3,51660.84,2.28
ITEM000756,ORD000756,P00416,4,38449.53,18.93
ITEM000757,ORD000757,P00032,3,29183.61,4.73
ITEM000758,ORD000758,P00242,4,9005.3,19.67
ITEM000759,ORD000759,P00406,5,60735.88,17.2
ITEM000760,ORD000760,P00241,3,51213.6,32.18
ITEM000761,ORD000761,P00345,2,19796.94,23.74
ITEM000762,ORD000762,P00085,1,16798.15,31.85
ITEM000763,ORD000763,P00009,2,68052.14,19.71
ITEM000764,ORD000764,P00095,2,58651.95,0.08
ITEM000765,ORD000765,P00182,1,50570.34,39.35
ITEM000766,ORD000766,P00376,3,75212.56,3.5
ITEM000767,ORD000767,P00170,3,25052.75,1.56
ITEM000768,ORD000768,P00597,1,87428.24,24.57
ITEM000769,ORD000769,P00197,2,73672.23,32.97
ITEM000770,ORD000770,P00503,1,41619.07,11.66
ITEM000771,ORD000771,P00539,1,40435.26,11.38
ITEM000772,ORD000772,P00067,4,70030.59,10.4
ITEM000773,ORD000773,P00528,1,6480.87,8.95
ITEM000774,ORD000774,P00291,1,965.71,13.55
ITEM000775,ORD000775,P00167,4,11994.36,14.35
ITEM000776,ORD000776,P00522,3,40137.95,28.23
ITEM000777,ORD000777,P00411,4,66293.83,9.41
ITEM000778,ORD000778,P00317,-3,5043.39,18.45
ITEM000779,ORD000779,P00159,1,37938.01,23.51
ITEM000780,ORD000780,P00121,2,25053.32,17.96
ITEM000781,ORD000781,P00153,1,52918.33,13.31
ITEM000782,ORD000782,P00328,5,60428.35,19.26
ITEM000783,ORD000783,P00420,1,66483.08,26.73
ITEM000784,ORD000784,P00566,5,61347.83,28.36
ITEM000785,ORD000785,P00485,1,37330.17,15.63
ITEM000786,ORD000786,P00354,1,29762.79,33.64
ITEM000787,ORD000787,P00259,4,27288.37,19.9
ITEM000788,ORD000788,P00408,3,54915.11,32.63
ITEM000789,ORD000789,P00433,3,74881.77,30.06
ITEM000790,ORD000790,P00189,1,34076.22,6.57
ITEM000791,ORD000791,P00257,4,53604.74,35.02
ITEM000792,ORD000792,P00343,2,29262.56,5.61
ITEM000793,ORD000793,P00526,5,63874.97,11.11
ITEM000794,ORD000794,P00208,2,69058.33,30.83
ITEM000795,ORD000795,P00370,3,71300.91,14.92
ITEM000796,ORD000796,P00003,1,48904.72,32.97
ITEM000797,ORD000797,P00514,2,31014.79,13.3
ITEM000798,ORD000798,P00518,3,66846.9,35.58
ITEM000799,ORD000799,P00202,4,51370.36,29.25
ITEM000800,ORD000800,P00041,4,78391.22,23.64
ITEM000801,ORD000801,P00298,5,15678.64,18.26
ITEM000802,ORD000802,P00292,3,20157.9,23.57
ITEM000803,ORD000803,P00065,4,56659.45,16.69
ITEM000804,ORD000804,P00475,5,53391.81,36.92
ITEM000805,ORD000805,P00229,4,5127.2,35.66
ITEM000806,ORD000806,P00040,2,57848.83,23.18
ITEM000807,ORD000807,P00405,3,20379.96,9.17
ITEM000808,ORD000808,P00228,4,13622.97,0.09
ITEM000809,ORD000809,P00049,1,48038.43,10.95
ITEM000810,ORD000810,P00560,4,40989.14,34.74
ITEM000811,ORD000811,P00314,5,42125.57,19.87
ITEM000812,ORD000812,P00595,2,27623.41,22.09
ITEM000813,ORD000813,P00119,2,38671.77,15.56
ITEM000814,ORD000814,P00337,2,13133.49,8.01
ITEM000815,ORD000815,P00440,1,42427.63,9.82
ITEM000816,ORD000816,P00492,1,13090.62,37.24
ITEM000817,ORD000817,P00265,2,27524.82,26.87
ITEM000818,ORD000818,P00426,2,36502.18,8.16
ITEM000819,ORD000819,P00168,3,36985.44,37.27
ITEM000820,ORD000820,P00317,5,6404.76,25.56
ITEM000821,ORD000821,P00079,2,41728.67,34.12
ITEM000822,ORD000822,P00004,2,39604.01,30.81
ITEM000823,ORD000823,P00277,2,51660.41,18.05
ITEM000824,ORD000824,P00125,5,71588.67,31.18
ITEM000825,ORD000825,P00477,5,23558.34,26.72
ITEM000826,ORD000826,P00285,1,16250.76,3.68
ITEM000827,ORD000827,P00181,4,72341.95,21.81
ITEM000828,ORD000828,P00257,1,79936.35,24.81
ITEM000829,ORD000829,P00089,1,52536.4,13.68
ITEM000830,ORD000830,P00535,5,33652.19,39.64
ITEM000831,ORD000831,P00360,1,3835.62,15.57
ITEM000832,ORD000832,P00443,1,5341.47,31.03
ITEM000833,ORD000833,P00413,2,56757.03,24.84
ITEM000834,ORD000834,P00496,5,76113.75,2.68
ITEM000835,ORD000835,P00233,4,748.57,18.31
ITEM000836,ORD000836,P00330,3,15243.79,1.68
ITEM000837,ORD000837,P00464,2,24974.74,14.22
ITEM000838,ORD000838,P00382,3,17369.69,33.5
ITEM000839,ORD000839,P00323,4,44281.39,33.72
ITEM000840,ORD000840,P00534,5,81331.61,23.72
ITEM000841,ORD000841,P00485,4,40982.42,22.06
ITEM000842,ORD000842,P00349,1,56384.13,1.3
ITEM000843,ORD000843,P00325,2,42445.1,32.89
ITEM000844,ORD000844,P00301,1,6365.86,2.2
ITEM000845,ORD000845,P00308,2,22847.98,32.63
ITEM000846,ORD000846,P00157,3,4091.97,16.48
ITEM000847,ORD000847,P00077,5,38990.64,19.93
ITEM000848,ORD000848,P00308,4,16064.39,39.25
ITEM000849,ORD000849,P00336,-2,52641.59,34.78
ITEM000850,ORD000850,P00538,5,54248.4,4.0
ITEM000851,ORD000851,P00117,1,67482.35,30.72
ITEM000852,ORD000852,P00326,1,19126.52,8.49
ITEM000853,ORD000853,P00081,2,52141.91,12.46
ITEM000854,ORD000854,P00564,5,85449.7,3.19
ITEM000855,ORD000855,P00563,5,49271.47,21.84
ITEM000856,ORD000856,P00566,3,54731.4,16.15
ITEM000857,ORD000857,P00042,3,39280.61,16.81
ITEM000858,ORD000858,P00342,3,28167.48,5.48
ITEM000859,ORD000859,P00097,5,27169.98,35.66
ITEM000860,ORD000860,P00044,4,536.76,16.24
ITEM000861,ORD000861,P00110,3,30056.44,37.59
ITEM000862,ORD000862,P00254,1,23508.03,7.41
ITEM000863,ORD000863,P00583,1,13658.89,0.67
ITEM000864,ORD000864,P00224,2,46044.56,38.29
ITEM000865,ORD000865,P00522,2,55116.25,0.21
ITEM000866,ORD000866,P00536,3,1615.78,29.19
ITEM000867,ORD000867,P00193,4,24045.64,2.37
ITEM000868,ORD000868,P00217,5,28337.04,7.7
ITEM000869,ORD000869,P00541,3,23155.23,16.18
ITEM000870,ORD000870,P00422,5,48059.79,9.96
ITEM000871,ORD000871,P00128,4,55133.71,24.21
ITEM000872,ORD000872,P00002,1,32115.53,7.65
ITEM000873,ORD000873,P00260,2,16450.49,32.58
ITEM000874,ORD000874,P00595,1,33305.27,9.95
ITEM000875,ORD000875,P00042,2,40531.56,29.8
ITEM000876,ORD000876,P00074,4,8535.0,8.73
ITEM000877,ORD000877,P00116,5,29916.3,8.41
ITEM000878,ORD000878,P00114,1,37791.68,13.65
ITEM000879,ORD000879,P00458,2,6462.32,25.92
ITEM000880,ORD000880,P00127,3,17543.25,16.45
ITEM000881,ORD000881,P00532,3,56246.54,8.06
ITEM000882,ORD000882,P00150,2,65362.31,7.52
ITEM000883,ORD000883,P00249,4,48876.25,10.96
ITEM000884,ORD000884,P00051,-3,29637.39,18.54
ITEM000885,ORD000885,P00063,1,37262.35,20.97
ITEM000886,ORD000886,P00209,4,25249.6,11.49
ITEM000887,ORD000887,P00291,-3,859.38,30.76
ITEM000888,ORD000888,P00485,5,31565.39,18.18
ITEM000889,ORD000889,P00311,2,30039.74,27.54
ITEM000890,ORD000890,P00283,4,69579.43,10.79
ITEM000891,ORD000891,P00492,2,15743.93,5.34
ITEM000892,ORD000892,P00241,4,55202.67,39.46
ITEM000893,ORD000893,P00565,5,30184.32,5.79
ITEM000894,ORD000894,P00275,3,2108.06,27.6
ITEM000895,ORD000895,P00279,5,50428.72,29.86
ITEM000896,ORD000896,P00021,1,5167.68,35.39
ITEM000897,ORD000897,P00248,3,40993.36,9.77
ITEM000898,ORD000898,P00570,5,23986.0,36.98
ITEM000899,ORD000899,P00188,4,71019.53,0.13
ITEM000900,ORD000900,P00021,3,5654.19,30.79
ITEM000901,ORD000901,P00430,5,18829.43,19.24
ITEM000902,ORD000902,P00192,1,39976.14,28.84
ITEM000903,ORD000903,P00436,3,36469.62,10.88
ITEM000904,ORD000904,P00205,4,72919.75,38.43
ITEM000905,ORD000905,P00579,5,56491.6,15.2
ITEM000906,ORD000906,P00201,2,3175.63,34.31
ITEM000907,ORD000907,P00366,4,55036.06,21.3
ITEM000908,ORD000908,P00505,2,6573.01,22.5
ITEM000909,ORD000909,P00079,1,36470.24,5.48
ITEM000910,ORD000910,P00421,1,23471.91,16.49
ITEM000911,ORD000911,P00075,1,30720.39,39.04
ITEM000912,ORD000912,P00452,2,28468.18,8.58
ITEM000913,ORD000913,P00380,1,36942.75,0.47
ITEM000914,ORD000914,P00419,1,30169.03,25.72
ITEM000915,ORD000915,P00461,2,7138.03,36.94
ITEM000916,ORD000916,P00122,1,61270.5,31.64
ITEM000917,ORD000917,P00550,2,45747.76,27.56
ITEM000918,ORD000918,P00555,2,12582.71,27.83
ITEM000919,ORD000919,P00007,4,40444.84,8.65
ITEM000920,ORD000920,P00422,3,43210.89,20.15
ITEM000921,ORD000921,P00235,5,7918.47,17.08
ITEM000922,ORD000922,P00358,3,40451.76,22.25
ITEM000923,ORD000923,P00169,1,50826.09,39.23
ITEM000924,ORD000924,P00586,1,47205.98,7.7
ITEM000925,ORD000925,P00161,2,10863.14,29.3
ITEM000926,ORD000926,P00201,2,2962.82,11.8
ITEM000927,ORD000927,P00063,4,28866.2,5.38
ITEM000928,ORD000928,P00121,2,28917.29,30.26
ITEM000929,ORD000929,P00307,4,24105.43,2.53
ITEM000930,ORD000930,P00163,4,22070.15,6.86
ITEM000931,ORD000931,P00036,5,38541.47,33.72
ITEM000932,ORD000932,P00431,1,2655.7,6.3
ITEM000933,ORD000933,P00075,2,27093.67,17.38
ITEM000934,ORD000934,P00171,3,6187.62,28.55
ITEM000935,ORD000935,P00544,5,23509.15,36.69
ITEM000936,ORD000936,P00338,4,885.83,39.89
ITEM000937,ORD000937,P00546,5,37397.38,17.96
ITEM000938,ORD000938,P00177,5,73964.64,17.8
ITEM000939,ORD000939,P00324,3,49584.04,37.05
ITEM000940,ORD000940,P00021,2,4777.81,15.02
ITEM000941,ORD000941,P00549,4,24694.36,34.99
ITEM000942,ORD000942,P00119,2,38287.72,9.19
ITEM000943,ORD000943,P00547,1,2330.93,15.78
ITEM000944,ORD000944,P00595,2,21309.52,7.19
ITEM000945,ORD000945,P00238,2,30360.51,2.03
ITEM000946,ORD000946,P00557,1,15398.0,22.09
ITEM000947,ORD000947,P00348,5,64492.99,10.39
ITEM000948,ORD000948,P00341,5,29728.96,7.13
ITEM000949,ORD000949,P00438,4,49296.35,8.21
ITEM000950,ORD000950,P00226,1,6802.17,24.99
ITEM000951,ORD000951,P00074,4,11479.29,21.87
ITEM000952,ORD000952,P00330,4,14946.95,11.05
ITEM000953,ORD000953,P00346,1,20954.25,0.46
ITEM000954,ORD000954,P00028,1,79242.27,28.92
ITEM000955,ORD000955,P00086,3,11469.22,29.69
ITEM000956,ORD000956,P00600,1,17842.91,7.62
ITEM000957,ORD000957,P00101,4,46676.11,21.56
ITEM000958,ORD000958,P00381,1,18664.32,29.94
ITEM000959,ORD000959,P00027,2,71715.6,12.51
ITEM000960,ORD000960,P00118,5,59010.72,30.1
ITEM000961,ORD000961,P00268,2,14452.99,32.51
ITEM000962,ORD000962,P00591,5,57839.6,19.65
ITEM000963,ORD000963,P00079,2,29822.84,30.53
ITEM000964,ORD000964,P00514,5,41058.73,12.56
ITEM000965,ORD000965,P00481,1,12769.09,18.69
ITEM000966,ORD000966,P00046,5,15866.75,26.48
ITEM000967,ORD000967,P00252,4,40996.97,13.66
ITEM000968,ORD000968,P00371,5,921.81,6.0
ITEM000969,ORD000969,P00387,5,7185.28,16.52
ITEM000970,ORD000970,P00276,5,53363.12,12.87
ITEM000971,ORD000971,P00051,3,35417.51,6.81
ITEM000972,ORD000972,P00591,4,64979.06,22.1
ITEM000973,ORD000973,P00041,-4,50222.93,8.32
ITEM000974,ORD000974,P00421,5,32074.62,22.33
ITEM000975,ORD000975,P00364,1,63475.54,31.14
ITEM000976,ORD000976,P00539,2,28555.95,2.43
ITEM000977,ORD000977,P00049,1,49310.51,10.11
ITEM000978,ORD000978,P00542,1,48809.75,36.61
ITEM000979,ORD000979,P00006,3,76718.95,10.35
ITEM000980,ORD000980,P00182,5,74743.38,19.94
ITEM000981,ORD000981,P00255,5,13260.87,28.73
ITEM000982,ORD000982,P00193,5,25182.44,15.99
ITEM000983,ORD000983,P00249,2,53243.22,5.66
ITEM000984,ORD000984,P00410,5,43100.16,29.04
ITEM000985,ORD000985,P00535,5,42248.52,26.68
ITEM000986,ORD000986,P00315,4,10098.52,0.83
ITEM000987,ORD000987,P00430,2,19094.83,29.01
ITEM000988,ORD000988,P00542,4,35399.33,12.38
ITEM000989,ORD000989,P00258,1,43900.02,1.63
ITEM000990,ORD000990,P00400,3,32609.61,25.27
ITEM000991,ORD000991,P00161,3,11844.89,14.95
ITEM000992,ORD000992,P00298,1,10732.47,31.55
ITEM000993,ORD000993,P00378,3,59476.89,7.48
ITEM000994,ORD000994,P00197,1,66855.85,18.79
ITEM000995,ORD000995,P00316,4,7067.03,34.52
ITEM000996,ORD000996,P00526,-5,78234.08,21.21
ITEM000997,ORD000997,P00024,2,1977.37,14.73
ITEM000998,ORD000998,P00570,5,23363.76,33.22
ITEM000999,ORD000999,P00283,3,63046.39,5.37
ITEM001000,ORD001000,P00064,3,9808.9,27.47
ITEM001001,ORD001001,P00059,3,24701.11,36.66
ITEM001002,ORD001002,P00214,3,54056.21,21.05
ITEM001003,ORD001003,P00323,1,52554.0,8.88
ITEM001004,ORD001004,P00145,1,34755.37,28.45
ITEM001005,ORD001005,P00466,5,60824.97,35.14
ITEM001006,ORD001006,P00127,5,14982.99,39.02
ITEM001007,ORD001007,P00247,5,50910.05,27.15
ITEM001008,ORD001008,P00505,-2,5600.92,25.76
ITEM001009,ORD001009,P00232,1,38319.18,34.19
ITEM001010,ORD001010,P00079,1,42495.25,24.48
ITEM001011,ORD001011,P00518,4,74081.66,13.1
ITEM001012,ORD001012,P00399,1,32579.35,20.03
ITEM001013,ORD001013,P00417,5,55671.67,20.98
ITEM001014,ORD001014,P00009,1,80012.04,8.35
ITEM001015,ORD001015,P00028,1,70231.97,13.38
ITEM001016,ORD001016,P00425,1,72989.93,33.5
ITEM001017,ORD001017,P00537,1,24387.58,15.09
ITEM001018,ORD001018,P00484,4,35769.32,11.35
ITEM001019,ORD001019,P00123,4,56984.36,35.29
ITEM001020,ORD001020,P00219,4,45150.19,31.68
ITEM001021,ORD001021,P00138,1,24757.85,24.15
ITEM001022,ORD001022,P00127,5,20449.43,23.0
ITEM001023,ORD001023,P00112,5,37413.03,9.25
ITEM001024,ORD001024,P00543,4,21639.45,1.06
ITEM001025,ORD001025,P00143,4,35292.13,32.6
ITEM001026,ORD001026,P00162,2,11278.29,20.23
ITEM001027,ORD001027,P00076,2,42281.24,13.41
ITEM001028,ORD001028,P00429,1,8389.98,37.35
ITEM001029,ORD001029,P00302,2,43048.84,16.29
ITEM001030,ORD001030,P00044,3,496.4,31.12
ITEM001031,ORD001031,P00346,2,26952.04,15.82
ITEM001032,ORD001032,P00446,1,21447.6,3.84
ITEM001033,ORD001033,P00132,4,66858.15,0.72
ITEM001034,ORD001034,P00044,2,551.49,2.22
ITEM001035,ORD001035,P00209,3,29455.85,35.38
ITEM001036,ORD001036,P00091,1,33276.01,27.4
ITEM001037,ORD001037,P00075,3,34257.65,8.51
ITEM001038,ORD001038,P00180,2,37235.1,13.62
ITEM001039,ORD001039,P00054,4,8426.97,7.34
ITEM001040,ORD001040,P00586,1,43370.16,33.9
ITEM001041,ORD001041,P00435,5,69464.04,5.7
ITEM001042,ORD001042,P00216,5,8002.28,11.62
ITEM001043,ORD001043,P00042,1,28605.97,35.85
ITEM001044,ORD001044,P00006,5,89275.0,31.21
ITEM001045,ORD001045,P00351,3,56985.09,34.51
ITEM001046,ORD001046,P00564,5,58743.15,1.84
ITEM001047,ORD001047,P00240,3,6973.87,4.97
ITEM001048,ORD001048,P00105,3,16029.52,27.76
ITEM001049,ORD001049,P00049,5,39252.67,22.58
ITEM001050,ORD001050,P00067,3,59726.55,7.27
ITEM001051,ORD001051,P00017,4,31365.14,23.32
ITEM001052,ORD001052,P00170,4,30666.22,28.25
ITEM001053,ORD001053,P00431,5,3437.99,15.03
ITEM001054,ORD001054,P00304,5,16833.21,30.38
ITEM001055,ORD001055,P00468,1,69583.63,11.82
ITEM001056,ORD001056,P00549,3,21255.4,25.47
ITEM001057,ORD001057,P00583,2,10657.61,22.61
ITEM001058,ORD001058,P00302,1,48249.41,35.49
ITEM001059,ORD001059,P00584,5,3299.94,34.27
ITEM001060,ORD001060,P00180,2,34263.73,33.57
ITEM001061,ORD001061,P00229,3,6567.6,31.05
ITEM001062,ORD001062,P00441,4,29563.17,38.43
ITEM001063,ORD001063,P00057,4,74166.0,0.92
ITEM001064,ORD001064,P00572,4,21756.97,25.61
ITEM001065,ORD001065,P00469,4,27208.76,1.22
ITEM001066,ORD001066,P00453,2,19099.5,12.38
ITEM001067,ORD001067,P00234,5,26292.66,13.03
ITEM001068,ORD001068,P00371,2,1233.05,20.81
ITEM001069,ORD001069,P00575,1,29741.64,39.24
ITEM001070,ORD001070,P00004,3,61228.09,35.49
ITEM001071,ORD001071,P00121,2,36908.88,22.65
ITEM001072,ORD001072,P00445,3,7423.36,32.18
ITEM001073,ORD001073,P00151,4,38998.2,14.35
ITEM001074,ORD001074,P00151,4,40268.23,3.74
ITEM001075,ORD001075,P00564,4,73753.52,13.79
ITEM001076,ORD001076,P00075,2,21636.42,19.28
ITEM001077,ORD001077,P00437,1,58764.96,27.43
ITEM001078,ORD001078,P00150,2,79298.0,12.55
ITEM001079,ORD001079,P00345,1,16639.05,7.68
ITEM001080,ORD001080,P00274,4,69617.58,9.62
ITEM001081,ORD001081,P00319,5,62862.66,35.96
ITEM001082,ORD001082,P00031,2,39660.88,8.95
ITEM001083,ORD001083,P00007,5,33962.52,15.63
ITEM001084,ORD001084,P00399,1,41179.99,4.67
ITEM001085,ORD001085,P00397,5,19371.22,3.25
ITEM001086,ORD001086,P00198,5,52623.42,38.78
ITEM001087,ORD001087,P00027,1,70509.26,15.01
ITEM001088,ORD001088,P00058,5,24455.05,3.2
ITEM001089,ORD001089,P00075,3,22173.67,16.31
ITEM001090,ORD001090,P00182,5,52421.7,23.3
ITEM001091,ORD001091,P00454,4,72609.77,2.01
ITEM001092,ORD001092,P00378,2,62121.39,10.8
ITEM001093,ORD001093,P00508,4,8761.22,11.26
ITEM001094,ORD001094,P00167,1,11511.13,17.96
ITEM001095,ORD001095,P00144,4,43565.8,16.47
ITEM001096,ORD001096,P00134,5,44141.94,0.78
ITEM001097,ORD001097,P00095,4,52545.98,33.04
ITEM001098,ORD001098,P00394,1,78398.15,22.62
ITEM001099,ORD001099,P00069,3,37537.46,37.46
ITEM001100,ORD001100,P00547,3,1791.91,7.81
ITEM001101,ORD001101,P00208,4,62609.79,37.49
ITEM001102,ORD001102,P00322,3,46994.15,6.85
ITEM001103,ORD001103,P00354,4,30861.23,21.79
ITEM001104,ORD001104,P00082,4,51542.54,33.98
ITEM001105,ORD001105,P00169,1,36299.69,6.54
ITEM001106,ORD001106,P00389,1,3419.18,16.88
ITEM001107,ORD001107,P00526,3,52656.25,19.83
ITEM001108,ORD001108,P00588,3,32650.57,7.62
ITEM001109,ORD001109,P00459,1,38847.11,21.81
ITEM001110,ORD001110,P00315,3,11692.27,29.04
ITEM001111,ORD001111,P00173,5,51012.12,5.63
ITEM001112,ORD001112,P00406,3,70813.07,38.92
ITEM001113,ORD001113,P00097,4,31850.23,39.8
ITEM001114,ORD001114,P00243,4,22930.38,10.01
ITEM001115,ORD001115,P00105,4,16178.99,4.33
ITEM001116,ORD001116,P00146,4,13761.74,19.99
ITEM001117,ORD001117,P00526,2,76849.48,3.01
ITEM001118,ORD001118,P00166,1,33772.87,35.77
ITEM001119,ORD001119,P00550,2,47394.84,7.74
ITEM001120,ORD001120,P00532,4,48659.15,21.85
ITEM001121,ORD001121,P00504,5,56942.84,30.32
ITEM001122,ORD001122,P00238,5,30403.18,4.6
ITEM001123,ORD001123,P00528,2,6628.47,39.84
ITEM001124,ORD001124,P00419,1,22483.64,22.9
ITEM001125,ORD001125,P00461,1,8850.15,28.11
ITEM001126,ORD001126,P00558,4,36940.98,37.08
ITEM001127,ORD001127,P00122,4,52838.63,2.44
ITEM001128,ORD001128,P00509,2,81527.56,20.73
ITEM001129,ORD001129,P00151,1,34931.86,0.09
ITEM001130,ORD001130,P00554,2,13578.04,33.63
ITEM001131,ORD001131,P00185,2,48952.38,13.12
ITEM001132,ORD001132,P00164,1,22346.94,27.15
ITEM001133,ORD001133,P00375,1,14846.48,21.56
ITEM001134,ORD001134,P00459,1,35619.04,16.2
ITEM001135,ORD001135,P00154,1,10065.3,30.8
ITEM001136,ORD001136,P00179,1,43702.94,5.55
ITEM001137,ORD001137,P00582,4,48282.85,30.2
ITEM001138,ORD001138,P00041,-5,66843.57,30.9
ITEM001139,ORD001139,P00275,2,2015.36,24.36
ITEM001140,ORD001140,P00296,5,36033.37,38.12
ITEM001141,ORD001141,P00130,1,73382.62,31.94
ITEM001142,ORD001142,P00236,5,60381.31,28.77
ITEM001143,ORD001143,P00257,5,81808.75,25.93
ITEM001144,ORD001144,P00306,5,63397.87,29.42
ITEM001145,ORD001145,P00525,5,38508.35,25.89
ITEM001146,ORD001146,P00291,3,994.44,21.83
ITEM001147,ORD001147,P00469,1,24245.24,17.66
ITEM001148,ORD001148,P00366,2,42669.11,21.76
ITEM001149,ORD001149,P00459,4,32320.1,21.57
ITEM001150,ORD001150,P00192,1,43468.52,18.08
ITEM001151,ORD001151,P00390,1,19939.56,2.54
ITEM001152,ORD001152,P00473,-4,65434.23,19.7
ITEM001153,ORD001153,P00555,2,13710.3,22.98
ITEM001154,ORD001154,P00447,5,61630.21,33.82
ITEM001155,ORD001155,P00133,3,15450.02,7.85
ITEM001156,ORD001156,P00040,5,48804.78,20.98
ITEM001157,ORD001157,P00409,2,57820.27,31.7
ITEM001158,ORD001158,P00378,1,63752.47,35.32
ITEM001159,ORD001159,P00370,4,58696.0,24.78
ITEM001160,ORD001160,P00468,5,45522.55,26.92
ITEM001161,ORD001161,P00172,3,68761.82,7.04
ITEM001162,ORD001162,P00351,3,57958.44,7.3
ITEM001163,ORD001163,P00537,4,27292.63,15.76
ITEM001164,ORD001164,P00144,3,44750.91,24.46
ITEM001165,ORD001165,P00191,2,63695.56,5.32
ITEM001166,ORD001166,P00546,-5,50605.75,31.58
ITEM001167,ORD001167,P00228,2,15934.61,36.06
ITEM001168,ORD001168,P00587,1,1464.46,6.58
ITEM001169,ORD001169,P00082,3,57275.18,30.46
ITEM001170,ORD001170,P00495,2,59753.42,13.73
ITEM001171,ORD001171,P00172,5,48507.5,37.84
ITEM001172,ORD001172,P00227,2,6500.15,24.32
ITEM001173,ORD001173,P00379,1,44893.85,39.66
ITEM001174,ORD001174,P00517,1,26499.73,15.65
ITEM001175,ORD001175,P00375,1,15948.51,19.59
ITEM001176,ORD001176,P00270,4,22029.73,22.35
ITEM001177,ORD001177,P00017,5,23149.16,19.51
ITEM001178,ORD001178,P00295,3,52747.4,7.77
ITEM001179,ORD001179,P00123,5,54869.44,2.98
ITEM001180,ORD001180,P00116,4,41245.92,6.59
ITEM001181,ORD001181,P00204,5,1535.74,13.34
ITEM001182,ORD001182,P00242,3,8690.54,3.44
ITEM001183,ORD001183,P00373,2,25132.24,3.53
ITEM001184,ORD001184,P00301,4,4398.19,33.1
ITEM001185,ORD001185,P00208,-1,62071.11,6.94
ITEM001186,ORD001186,P00220,4,46548.01,33.84
ITEM001187,ORD001187,P00538,1,45217.79,17.05
ITEM001188,ORD001188,P00325,1,35774.6,24.83
ITEM001189,ORD001189,P00154,1,8914.91,30.79
ITEM001190,ORD001190,P00090,1,78222.36,7.09
ITEM001191,ORD001191,P00393,5,29565.06,39.9
ITEM001192,ORD001192,P00537,4,28646.43,24.2
ITEM001193,ORD001193,P00135,4,38098.94,14.44
ITEM001194,ORD001194,P00241,5,59215.89,34.26
ITEM001195,ORD001195,P00357,4,38134.98,5.47
ITEM001196,ORD001196,P00339,5,11576.05,32.38
ITEM001197,ORD001197,P00439,4,28887.5,12.98
ITEM001198,ORD001198,P00598,5,45194.71,30.17
ITEM001199,ORD001199,P00552,4,23239.13,34.5
ITEM001200,ORD001200,P00142,4,64235.54,20.41
ITEM001201,ORD001201,P00287,5,18710.75,29.32
ITEM001202,ORD001202,P00433,3,70101.92,12.69
ITEM001203,ORD001203,P00295,2,60908.58,12.18
ITEM001204,ORD001204,P00122,1,61451.0,17.12
ITEM001205,ORD001205,P00341,1,29728.01,34.04
ITEM001206,ORD001206,P00041,1,53404.45,12.27
ITEM001207,ORD001207,P00236,5,66833.05,9.28
ITEM001208,ORD001208,P00243,2,28581.39,33.03
ITEM001209,ORD001209,P00119,3,37786.78,2.77
ITEM001210,ORD001210,P00006,3,66744.17,1.35
ITEM001211,ORD001211,P00209,4,31932.34,7.29
ITEM001212,ORD001212,P00103,3,14572.15,34.04
ITEM001213,ORD001213,P00538,5,48839.03,23.46
ITEM001214,ORD001214,P00503,2,46875.98,34.01
ITEM001215,ORD001215,P00228,4,15203.36,25.49
ITEM001216,ORD001216,P00452,3,35178.14,5.99
ITEM001217,ORD001217,P00007,2,32811.84,20.61
ITEM001218,ORD001218,P00172,3,51736.8,37.99
ITEM001219,ORD001219,P00072,5,7436.94,32.54
ITEM001220,ORD001220,P00557,1,19606.95,7.62
ITEM001221,ORD001221,P00065,2,41807.25,5.73
ITEM001222,ORD001222,P00008,3,22810.0,2.36
ITEM001223,ORD001223,P00009,1,67382.52,16.61
ITEM001224,ORD001224,P00502,2,12387.61,22.11
ITEM001225,ORD001225,P00354,1,38645.69,30.68
ITEM001226,ORD001226,P00414,5,2061.64,26.61
ITEM001227,ORD001227,P00182,2,73302.01,19.2
ITEM001228,ORD001228,P00329,3,19486.34,14.53
ITEM001229,ORD001229,P00273,4,17108.99,6.19
ITEM001230,ORD001230,P00585,1,3854.32,24.74
ITEM001231,ORD001231,P00524,4,44312.01,26.31
ITEM001232,ORD001232,P00247,1,60127.88,21.97
ITEM001233,ORD001233,P00187,4,75356.41,25.82
ITEM001234,ORD001234,P00180,1,41378.69,8.6
ITEM001235,ORD001235,P00454,2,82479.21,26.22
ITEM001236,ORD001236,P00191,1,54796.28,6.9
ITEM001237,ORD001237,P00591,5,70063.29,8.56
ITEM001238,ORD001238,P00422,2,65320.11,29.31
ITEM001239,ORD001239,P00335,5,38429.79,12.13
ITEM001240,ORD001240,P00567,5,59528.78,35.87
ITEM001241,ORD001241,P00333,3,48792.25,9.78
ITEM001242,ORD001242,P00592,5,21246.96,22.24
ITEM001243,ORD001243,P00316,3,5948.1,19.56
ITEM001244,ORD001244,P00475,4,44597.54,32.33
ITEM001245,ORD001245,P00297,2,48140.83,22.84
ITEM001246,ORD001246,P00268,3,18750.73,38.12
ITEM001247,ORD001247,P00511,5,73981.66,4.66
ITEM001248,ORD001248,P00458,5,9011.57,34.42
ITEM001249,ORD001249,P00450,1,51213.99,6.97
ITEM001250,ORD001250,P00072,2,6759.67,9.86
ITEM001251,ORD001251,P00480,5,71275.08,28.75
ITEM001252,ORD001252,P00220,4,51824.31,32.7
ITEM001253,ORD001253,P00142,5,71149.32,37.83
ITEM001254,ORD001254,P00532,-2,47515.95,1.12
ITEM001255,ORD001255,P00101,2,46866.06,15.89
ITEM001256,ORD001256,P00056,5,30212.86,1.51
ITEM001257,ORD001257,P00046,3,22840.48,19.56
ITEM001258,ORD001258,P00477,5,28863.41,34.54
ITEM001259,ORD001259,P00449,3,31109.97,27.73
ITEM001260,ORD001260,P00382,5,16861.18,9.47
ITEM001261,ORD001261,P00548,4,70847.27,31.95
ITEM001262,ORD001262,P00042,2,25060.64,39.12
ITEM001263,ORD001263,P00242,4,8146.5,32.59
ITEM001264,ORD001264,P00588,3,28182.39,2.66
ITEM001265,ORD001265,P00167,2,12305.27,22.82
ITEM001266,ORD001266,P00096,1,33753.85,25.72
ITEM001267,ORD001267,P00172,5,64574.43,26.56
ITEM001268,ORD001268,P00095,3,40506.79,11.09
ITEM001269,ORD001269,P00524,2,36924.78,32.93
ITEM001270,ORD001270,P00006,5,69386.01,18.8
ITEM001271,ORD001271,P00216,5,6898.17,24.35
ITEM001272,ORD001272,P00118,2,52415.37,25.33
ITEM001273,ORD001273,P00156,1,25696.6,4.72
ITEM001274,ORD001274,P00472,4,15449.28,26.41
ITEM001275,ORD001275,P00055,1,51160.52,29.84
ITEM001276,ORD001276,P00092,1,11596.7,16.11
ITEM001277,ORD001277,P00133,2,11939.95,24.7
ITEM001278,ORD001278,P00033,4,25548.19,13.72
ITEM001279,ORD001279,P00542,4,49646.44,7.92
ITEM001280,ORD001280,P00220,1,42404.44,7.7
ITEM001281,ORD001281,P00390,-3,13999.88,0.54
ITEM001282,ORD001282,P00184,4,75610.34,26.61
ITEM001283,ORD001283,P00309,5,41813.02,30.57
ITEM001284,ORD001284,P00289,2,4264.06,11.38
ITEM001285,ORD001285,P00572,4,27684.43,5.62
ITEM001286,ORD001286,P00346,1,28049.73,13.07
ITEM001287,ORD001287,P00138,2,32572.37,15.02
ITEM001288,ORD001288,P00018,-5,6142.44,33.87
ITEM001289,ORD001289,P00359,4,43186.24,2.64
ITEM001290,ORD001290,P00002,2,37153.5,22.75
ITEM001291,ORD001291,P00354,2,43177.24,23.34
ITEM001292,ORD001292,P00018,1,6264.97,18.15
ITEM001293,ORD001293,P00146,3,10487.5,37.41
ITEM001294,ORD001294,P00563,3,42599.09,15.49
ITEM001295,ORD001295,P00134,-2,62462.68,10.37
ITEM001296,ORD001296,P00077,2,32177.81,39.6
ITEM001297,ORD001297,P00056,4,29091.34,24.57
ITEM001298,ORD001298,P00491,2,58224.7,11.12
ITEM001299,ORD001299,P00171,5,5932.35,17.72
ITEM001300,ORD001300,P00088,4,43360.49,23.63
ITEM001301,ORD001301,P00423,2,18394.6,34.4
ITEM001302,ORD001302,P00544,1,18212.51,10.44
ITEM001303,ORD001303,P00163,1,20301.27,28.41
ITEM001304,ORD001304,P00293,1,20258.92,4.99
ITEM001305,ORD001305,P00372,4,4237.3,22.58
ITEM001306,ORD001306,P00463,3,53810.52,31.47
ITEM001307,ORD001307,P00067,3,64777.14,27.08
ITEM001308,ORD001308,P00357,3,40823.31,33.74
ITEM001309,ORD001309,P00253,3,11901.12,4.26
ITEM001310,ORD001310,P00258,4,43300.26,4.42
ITEM001311,ORD001311,P00569,1,19503.47,31.89
ITEM001312,ORD001312,P00527,1,27054.77,1.07
ITEM001313,ORD001313,P00423,5,19474.26,17.97
ITEM001314,ORD001314,P00283,1,56554.6,16.95
ITEM001315,ORD001315,P00044,5,357.23,3.9
ITEM001316,ORD001316,P00376,4,56433.47,23.71
ITEM001317,ORD001317,P00111,3,40763.95,18.54
ITEM001318,ORD001318,P00201,5,2702.9,18.12
ITEM001319,ORD001319,P00253,1,11798.85,9.17
ITEM001320,ORD001320,P00082,1,77682.63,11.51
ITEM001321,ORD001321,P00544,3,19636.56,7.98
ITEM001322,ORD001322,P00411,2,46984.29,7.86
ITEM001323,ORD001323,P00018,5,6982.65,13.96
ITEM001324,ORD001324,P00541,3,24394.79,28.14
ITEM001325,ORD001325,P00260,4,12261.89,4.82
ITEM001326,ORD001326,P00006,3,61821.71,26.84
ITEM001327,ORD001327,P00206,5,11031.48,32.9
ITEM001328,ORD001328,P00451,3,27630.22,35.59
ITEM001329,ORD001329,P00448,2,53499.2,23.41
ITEM001330,ORD001330,P00538,2,60024.31,27.98
ITEM001331,ORD001331,P00487,1,5820.15,39.19
ITEM001332,ORD001332,P00413,4,65179.12,12.42
ITEM001333,ORD001333,P00339,5,7762.8,2.71
ITEM001334,ORD001334,P00120,1,15548.77,19.43
ITEM001335,ORD001335,P00479,1,26117.4,1.49
ITEM001336,ORD001336,P00269,5,40822.58,30.73
ITEM001337,ORD001337,P00566,1,78305.51,22.52
ITEM001338,ORD001338,P00277,5,48276.97,9.97
ITEM001339,ORD001339,P00068,3,48730.52,1.69
ITEM001340,ORD001340,P00514,1,41398.41,11.91
ITEM001341,ORD001341,P00509,4,77668.89,21.17
ITEM001342,ORD001342,P00505,2,7286.05,7.95
ITEM001343,ORD001343,P00450,1,69473.63,15.29
ITEM001344,ORD001344,P00570,3,18706.03,36.32
ITEM001345,ORD001345,P00102,2,49823.76,11.47
ITEM001346,ORD001346,P00051,4,38613.1,10.65
ITEM001347,ORD001347,P00239,2,18825.61,17.48
ITEM001348,ORD001348,P00216,5,7463.89,23.8
ITEM001349,ORD001349,P00597,5,84824.97,39.83
ITEM001350,ORD001350,P00457,1,6351.22,32.9
ITEM001351,ORD001351,P00271,2,51706.32,33.92
ITEM001352,ORD001352,P00143,1,35684.52,2.04
ITEM001353,ORD001353,P00472,5,18312.49,4.23
ITEM001354,ORD001354,P00421,1,31876.45,26.43
ITEM001355,ORD001355,P00029,3,43221.35,37.24
ITEM001356,ORD001356,P00559,1,50058.21,27.37
ITEM001357,ORD001357,P00586,5,45691.48,35.4
ITEM001358,ORD001358,P00599,4,19450.95,35.9
ITEM001359,ORD001359,P00086,4,16737.62,29.24
ITEM001360,ORD001360,P00551,5,36357.86,38.58
ITEM001361,ORD001361,P00521,1,12558.34,34.06
ITEM001362,ORD001362,P00560,4,63650.52,12.16
ITEM001363,ORD001363,P00142,2,65694.57,18.05
ITEM001364,ORD001364,P00365,5,65261.32,37.08
ITEM001365,ORD001365,P00585,4,5169.16,14.95
ITEM001366,ORD001366,P00012,5,44601.43,32.47
ITEM001367,ORD001367,P00266,5,24384.69,18.97
ITEM001368,ORD001368,P00485,1,46290.34,7.19
ITEM001369,ORD001369,P00194,4,21297.13,11.98
ITEM001370,ORD001370,P00413,1,76245.13,26.72
ITEM001371,ORD001371,P00162,5,12751.1,26.97
ITEM001372,ORD001372,P00277,2,66578.73,16.94
ITEM001373,ORD001373,P00517,2,25299.0,30.09
ITEM001374,ORD001374,P00593,4,4808.07,2.0
ITEM001375,ORD001375,P00045,5,14585.8,28.54
ITEM001376,ORD001376,P00265,1,29163.05,16.94
ITEM001377,ORD001377,P00364,4,43750.22,35.98
ITEM001378,ORD001378,P00255,2,15466.78,26.97
ITEM001379,ORD001379,P00567,5,62314.09,28.91
ITEM001380,ORD001380,P00363,1,13079.93,18.41
ITEM001381,ORD001381,P00408,2,50655.61,1.81
ITEM001382,ORD001382,P00432,3,19625.94,15.05
ITEM001383,ORD001383,P00560,2,59163.56,37.42
ITEM001384,ORD001384,P00440,1,41018.07,20.47
ITEM001385,ORD001385,P00156,1,29116.23,6.12
ITEM001386,ORD001386,P00347,1,51399.76,6.39
ITEM001387,ORD001387,P00365,5,72991.09,33.02
ITEM001388,ORD001388,P00417,3,51355.69,5.0
ITEM001389,ORD001389,P00515,5,34021.28,31.15
ITEM001390,ORD001390,P00273,5,19759.53,27.87
ITEM001391,ORD001391,P00234,5,19464.76,17.44
ITEM001392,ORD001392,P00265,4,25327.5,39.62
ITEM001393,ORD001393,P00540,4,59475.44,2.73
ITEM001394,ORD001394,P00023,5,59864.8,3.57
ITEM001395,ORD001395,P00076,2,53724.02,4.52
ITEM001396,ORD001396,P00255,3,16771.43,39.49
ITEM001397,ORD001397,P00168,2,50660.93,4.32
ITEM001398,ORD001398,P00219,4,53340.77,35.78
ITEM001399,ORD001399,P00350,2,10704.23,1.75
ITEM001400,ORD001400,P00261,3,66784.93,3.78
ITEM001401,ORD001401,P00341,1,43201.11,14.41
ITEM001402,ORD001402,P00286,3,28006.03,10.49
ITEM001403,ORD001403,P00100,4,11169.93,1.26
ITEM001404,ORD001404,P00198,3,50932.84,31.51
ITEM001405,ORD001405,P00427,4,81303.09,18.8
ITEM001406,ORD001406,P00496,1,76923.26,5.07
ITEM001407,ORD001407,P00265,5,26052.6,30.12
ITEM001408,ORD001408,P00043,5,31843.98,36.3
ITEM001409,ORD001409,P00003,4,48403.03,22.05
ITEM001410,ORD001410,P00100,3,9761.27,10.83
ITEM001411,ORD001411,P00530,1,34705.69,33.59
ITEM001412,ORD001412,P00190,4,74483.67,37.89
ITEM001413,ORD001413,P00560,4,56481.67,21.54
ITEM001414,ORD001414,P00255,5,14778.09,24.74
ITEM001415,ORD001415,P00451,3,28684.84,15.25
ITEM001416,ORD001416,P00320,1,10438.07,23.53
ITEM001417,ORD001417,P00322,1,34573.78,24.55
ITEM001418,ORD001418,P00185,1,53749.36,31.24
ITEM001419,ORD001419,P00370,2,68197.78,15.26
ITEM001420,ORD001420,P00046,3,16498.72,18.98
ITEM001421,ORD001421,P00433,1,53241.76,23.84
ITEM001422,ORD001422,P00569,4,14820.34,12.58
ITEM001423,ORD001423,P00421,2,22085.16,23.17
ITEM001424,ORD001424,P00336,3,50052.28,15.16
ITEM001425,ORD001425,P00008,1,16583.66,26.24
ITEM001426,ORD001426,P00587,3,1822.08,11.95
ITEM001427,ORD001427,P00595,3,22963.84,11.73
ITEM001428,ORD001428,P00386,4,45152.8,10.96
ITEM001429,ORD001429,P00571,5,51867.83,19.9
ITEM001430,ORD001430,P00052,3,30327.06,10.49
ITEM001431,ORD001431,P00015,3,51802.98,34.61
ITEM001432,ORD001432,P00502,4,13336.26,35.7
ITEM001433,ORD001433,P00585,4,4783.09,12.34
ITEM001434,ORD001434,P00327,2,27075.48,20.26
ITEM001435,ORD001435,P00030,4,30800.57,34.28
ITEM001436,ORD001436,P00379,3,59284.44,35.04
ITEM001437,ORD001437,P00134,2,60501.36,13.46
ITEM001438,ORD001438,P00297,1,32175.79,25.3
ITEM001439,ORD001439,P00356,2,85211.42,0.37
ITEM001440,ORD001440,P00436,2,39035.79,4.74
ITEM001441,ORD001441,P00156,3,25318.07,30.48
ITEM001442,ORD001442,P00463,4,68409.45,19.13
ITEM001443,ORD001443,P00486,3,6665.15,30.55
ITEM001444,ORD001444,P00069,4,37655.52,3.16
ITEM001445,ORD001445,P00288,1,37198.01,36.43
ITEM001446,ORD001446,P00516,3,31516.51,20.68
ITEM001447,ORD001447,P00398,1,4870.6,36.18
ITEM001448,ORD001448,P00550,1,47565.02,23.55
ITEM001449,ORD001449,P00406,4,77640.23,39.67
ITEM001450,ORD001450,P00131,2,10200.73,6.92
ITEM001451,ORD001451,P00367,4,10255.34,35.89
ITEM001452,ORD001452,P00280,4,11363.23,28.73
ITEM001453,ORD001453,P00270,2,19312.22,17.0
ITEM001454,ORD001454,P00151,1,44933.05,2.14
ITEM001455,ORD001455,P00542,3,35695.43,30.39
ITEM001456,ORD001456,P00491,3,49211.79,13.83
ITEM001457,ORD001457,P00396,5,43871.75,22.16
ITEM001458,ORD001458,P00173,3,68794.21,37.92
ITEM001459,ORD001459,P00180,3,34662.75,26.87
ITEM001460,ORD001460,P00239,5,15293.05,10.13
ITEM001461,ORD001461,P00275,1,1614.05,37.78
ITEM001462,ORD001462,P00261,3,69814.74,11.41
ITEM001463,ORD001463,P00479,3,24287.22,34.79
ITEM001464,ORD001464,P00079,1,29212.08,7.74
ITEM001465,ORD001465,P00459,3,36928.28,24.59
ITEM001466,ORD001466,P00504,5,65317.2,39.33
ITEM001467,ORD001467,P00462,4,31117.6,15.93
ITEM001468,ORD001468,P00212,2,69053.06,25.8
ITEM001469,ORD001469,P00171,-4,4714.65,7.67
ITEM001470,ORD001470,P00569,5,16256.62,6.79
ITEM001471,ORD001471,P00075,4,26255.92,0.5
ITEM001472,ORD001472,P00556,1,20707.44,2.69
ITEM001473,ORD001473,P00397,2,26193.99,10.2
ITEM001474,ORD001474,P00200,1,52270.97,39.77
ITEM001475,ORD001475,P00236,3,68997.19,20.12
ITEM001476,ORD001476,P00149,3,44077.26,9.18
ITEM001477,ORD001477,P00236,3,47689.97,34.31
ITEM001478,ORD001478,P00107,5,44854.76,34.9
ITEM001479,ORD001479,P00452,4,32986.21,20.57
ITEM001480,ORD001480,P00069,4,45133.78,6.89
ITEM001481,ORD001481,P00261,3,78100.18,38.22
ITEM001482,ORD001482,P00268,3,17440.99,33.03
ITEM001483,ORD001483,P00216,5,8160.86,27.54
ITEM001484,ORD001484,P00487,5,7952.4,18.01
ITEM001485,ORD001485,P00566,1,51953.16,27.45
ITEM001486,ORD001486,P00329,2,18619.07,4.93
ITEM001487,ORD001487,P00550,4,71690.41,20.5
ITEM001488,ORD001488,P00262,5,11443.1,32.16
ITEM001489,ORD001489,P00582,5,37956.07,23.45
ITEM001490,ORD001490,P00527,2,41270.89,30.57
ITEM001491,ORD001491,P00063,3,41195.93,12.58
ITEM001492,ORD001492,P00593,2,5179.91,4.19
ITEM001493,ORD001493,P00461,2,7825.33,9.3
ITEM001494,ORD001494,P00092,-5,14542.03,38.54
ITEM001495,ORD001495,P00259,2,28549.37,36.18
ITEM001496,ORD001496,P00571,2,55939.13,6.51
ITEM001497,ORD001497,P00242,2,7862.09,4.13
ITEM001498,ORD001498,P00116,5,39363.96,15.68
ITEM001499,ORD001499,P00161,5,8381.85,6.9
ITEM001500,ORD001500,P00528,1,7155.56,22.28
ITEM001501,ORD001501,P00218,2,5063.74,1.79
ITEM001502,ORD001502,P00120,1,13531.82,7.03
ITEM001503,ORD001503,P00003,1,38911.37,20.88
ITEM001504,ORD001504,P00473,4,58505.63,1.81
ITEM001505,ORD001505,P00031,5,46681.53,23.87
ITEM001506,ORD001506,P00572,4,28812.56,4.87
ITEM001507,ORD001507,P00561,1,63932.39,7.57
ITEM001508,ORD001508,P00393,1,26180.92,36.69
ITEM001509,ORD001509,P00241,5,52515.4,12.77
ITEM001510,ORD001510,P00250,1,5315.39,30.2
ITEM001511,ORD001511,P00495,3,47905.22,30.04
ITEM001512,ORD001512,P00564,2,60754.96,12.37
ITEM001513,ORD001513,P00324,1,36573.62,7.94
ITEM001514,ORD001514,P00018,4,8375.35,16.17
ITEM001515,ORD001515,P00187,1,57786.82,32.62
ITEM001516,ORD001516,P00338,5,999.47,33.36
ITEM001517,ORD001517,P00340,1,1154.24,1.84
ITEM001518,ORD001518,P00444,4,46267.71,3.68
ITEM001519,ORD001519,P00014,4,29983.46,11.96
ITEM001520,ORD001520,P00089,1,68954.02,35.67
ITEM001521,ORD001521,P00231,3,28651.18,17.88
ITEM001522,ORD001522,P00332,1,8120.22,32.72
ITEM001523,ORD001523,P00276,5,60528.21,20.91
ITEM001524,ORD001524,P00016,3,42838.77,30.41
ITEM001525,ORD001525,P00441,4,29346.08,11.77
ITEM001526,ORD001526,P00145,4,44048.05,22.7
ITEM001527,ORD001527,P00415,2,37209.92,18.36
ITEM001528,ORD001528,P00016,5,32991.23,17.34
ITEM001529,ORD001529,P00569,5,20574.63,22.63
ITEM001530,ORD001530,P00484,5,50018.44,26.42
ITEM001531,ORD001531,P00497,5,4941.27,1.23
ITEM001532,ORD001532,P00440,2,43192.29,33.76
ITEM001533,ORD001533,P00584,4,3445.82,0.93
ITEM001534,ORD001534,P00243,2,20573.03,3.48
ITEM001535,ORD001535,P00442,3,42028.81,38.54
ITEM001536,ORD001536,P00535,5,40607.11,34.91
ITEM001537,ORD001537,P00390,1,14741.82,3.15
ITEM001538,ORD001538,P00006,5,67743.37,5.57
ITEM001539,ORD001539,P00075,4,26359.26,20.42
ITEM001540,ORD001540,P00121,4,30708.0,11.63
ITEM001541,ORD001541,P00093,2,27767.24,15.4
ITEM001542,ORD001542,P00190,1,56523.09,26.92
ITEM001543,ORD001543,P00565,2,25253.55,24.34
ITEM001544,ORD001544,P00413,2,65511.35,7.08
ITEM001545,ORD001545,P00145,5,52597.95,13.37
ITEM001546,ORD001546,P00077,4,32736.89,28.29
ITEM001547,ORD001547,P00271,3,38710.01,5.28
ITEM001548,ORD001548,P00567,3,78170.07,14.91
ITEM001549,ORD001549,P00047,3,49466.03,20.23
ITEM001550,ORD001550,P00003,5,40780.33,33.78
ITEM001551,ORD001551,P00376,4,80740.38,28.41
ITEM001552,ORD001552,P00019,1,41342.81,15.97
ITEM001553,ORD001553,P00351,4,58172.24,2.11
ITEM001554,ORD001554,P00176,2,58374.98,11.14
ITEM001555,ORD001555,P00482,2,69137.22,36.78
ITEM001556,ORD001556,P00336,3,36347.08,3.56
ITEM001557,ORD001557,P00533,5,15389.09,27.55
ITEM001558,ORD001558,P00464,2,26344.14,39.75
ITEM001559,ORD001559,P00075,4,34275.22,21.69
ITEM001560,ORD001560,P00383,1,65817.59,2.36
ITEM001561,ORD001561,P00360,5,4440.17,30.12
ITEM001562,ORD001562,P00061,1,6851.86,14.87
ITEM001563,ORD001563,P00002,5,28419.11,18.55
ITEM001564,ORD001564,P00112,1,37869.53,17.1
ITEM001565,ORD001565,P00045,3,13622.32,32.68
ITEM001566,ORD001566,P00452,1,38000.4,5.45
ITEM001567,ORD001567,P00045,1,15401.65,32.39
ITEM001568,ORD001568,P00322,1,32394.15,19.35
ITEM001569,ORD001569,P00089,5,65012.34,12.49
ITEM001570,ORD001570,P00336,3,41464.23,25.83
ITEM001571,ORD001571,P00582,5,38768.4,23.72
ITEM001572,ORD001572,P00587,2,1866.67,16.49
ITEM001573,ORD001573,P00135,5,44143.09,38.26
ITEM001574,ORD001574,P00119,4,37288.83,3.52
ITEM001575,ORD001575,P00528,2,7988.34,8.09
ITEM001576,ORD001576,P00319,5,56408.4,36.07
ITEM001577,ORD001577,P00073,1,23980.64,1.82
ITEM001578,ORD001578,P00361,5,67257.95,16.13
ITEM001579,ORD001579,P00188,-1,56832.24,11.87
ITEM001580,ORD001580,P00369,4,291.88,30.56
ITEM001581,ORD001581,P00248,-3,54914.45,6.06
ITEM001582,ORD001582,P00543,1,22347.98,10.92
ITEM001583,ORD001583,P00559,4,44619.35,17.17
ITEM001584,ORD001584,P00199,5,66342.65,39.59
ITEM001585,ORD001585,P00258,3,54025.16,20.14
ITEM001586,ORD001586,P00561,3,67941.93,12.72
ITEM001587,ORD001587,P00234,4,30087.88,31.91
ITEM001588,ORD001588,P00306,4,82567.96,21.61
ITEM001589,ORD001589,P00339,3,7899.64,32.65
ITEM001590,ORD001590,P00284,1,54617.72,17.96
ITEM001591,ORD001591,P00344,3,47563.19,38.44
ITEM001592,ORD001592,P00164,2,18619.69,29.17
ITEM001593,ORD001593,P00010,5,4926.95,37.48
ITEM001594,ORD001594,P00333,1,34631.03,25.16
ITEM001595,ORD001595,P00317,1,6332.66,24.0
ITEM001596,ORD001596,P00240,1,8047.52,39.87
ITEM001597,ORD001597,P00474,5,13194.76,3.79
ITEM001598,ORD001598,P00020,2,30159.96,11.8
ITEM001599,ORD001599,P00456,4,43839.35,28.11
ITEM001600,ORD001600,P00173,1,53249.77,24.84
ITEM001601,ORD001601,P00240,-3,7621.71,37.29
ITEM001602,ORD001602,P00086,2,16973.38,35.72
ITEM001603,ORD001603,P00139,2,43382.23,12.55
ITEM001604,ORD001604,P00580,3,69335.75,2.38
ITEM001605,ORD001605,P00162,4,12070.45,27.99
ITEM001606,ORD001606,P00052,1,24293.14,13.49
ITEM001607,ORD001607,P00188,3,70717.51,26.19
ITEM001608,ORD001608,P00266,4,33228.34,24.71
ITEM001609,ORD001609,P00033,4,27740.78,38.23
ITEM001610,ORD001610,P00505,1,7670.0,28.17
ITEM001611,ORD001611,P00133,4,16033.54,1.98
ITEM001612,ORD001612,P00363,5,12495.85,25.76
ITEM001613,ORD001613,P00237,1,39375.88,39.3
ITEM001614,ORD001614,P00295,5,52513.13,12.16
ITEM001615,ORD001615,P00013,2,27673.73,23.16
ITEM001616,ORD001616,P00004,3,46430.24,37.51
ITEM001617,ORD001617,P00220,4,36765.68,24.46
ITEM001618,ORD001618,P00292,1,20843.98,12.0
ITEM001619,ORD001619,P00097,2,44182.73,13.47
ITEM001620,ORD001620,P00179,5,33046.89,30.4
ITEM001621,ORD001621,P00250,3,5552.47,13.62
ITEM001622,ORD001622,P00047,3,48302.56,1.33
ITEM001623,ORD001623,P00418,4,867.35,23.1
ITEM001624,ORD001624,P00020,4,34011.92,37.72
ITEM001625,ORD001625,P00561,1,44020.44,15.47
ITEM001626,ORD001626,P00450,4,53426.95,31.13
ITEM001627,ORD001627,P00248,4,46587.69,27.78
ITEM001628,ORD001628,P00129,2,6942.86,22.81
ITEM001629,ORD001629,P00296,3,31793.8,38.53
ITEM001630,ORD001630,P00384,2,17901.89,15.71
ITEM001631,ORD001631,P00470,4,57521.56,33.86
ITEM001632,ORD001632,P00343,3,28646.36,6.43
ITEM001633,ORD001633,P00357,1,36157.86,8.5
ITEM001634,ORD001634,P00389,3,3488.38,35.95
ITEM001635,ORD001635,P00189,3,23417.38,21.49
ITEM001636,ORD001636,P00189,5,22794.39,7.47
ITEM001637,ORD001637,P00587,2,1371.5,8.85
ITEM001638,ORD001638,P00339,1,7980.71,29.49
ITEM001639,ORD001639,P00033,5,24109.45,35.8
ITEM001640,ORD001640,P00432,1,15720.21,0.22
ITEM001641,ORD001641,P00554,5,20377.56,20.42
ITEM001642,ORD001642,P00249,1,40871.21,36.11
ITEM001643,ORD001643,P00091,4,33383.06,8.8
ITEM001644,ORD001644,P00140,5,68683.02,11.26
ITEM001645,ORD001645,P00343,4,34559.49,35.06
ITEM001646,ORD001646,P00577,5,11886.33,21.72
ITEM001647,ORD001647,P00332,5,10023.82,3.51
ITEM001648,ORD001648,P00434,3,25210.92,1.86
ITEM001649,ORD001649,P00247,4,68655.74,35.29
ITEM001650,ORD001650,P00009,2,65384.02,14.15
ITEM001651,ORD001651,P00192,1,31703.74,39.33
ITEM001652,ORD001652,P00026,5,6603.39,36.29
ITEM001653,ORD001653,P00118,1,63150.88,33.67
ITEM001654,ORD001654,P00232,5,24635.28,7.56
ITEM001655,ORD001655,P00173,1,59736.84,24.32
ITEM001656,ORD001656,P00176,1,46822.46,36.42
ITEM001657,ORD001657,P00128,5,64728.57,19.55
ITEM001658,ORD001658,P00005,3,11401.85,17.35
ITEM001659,ORD001659,P00115,5,69639.86,21.42
ITEM001660,ORD001660,P00341,5,36943.92,29.21
ITEM001661,ORD001661,P00321,5,26653.55,27.61
ITEM001662,ORD001662,P00482,2,75831.86,3.77
ITEM001663,ORD001663,P00570,5,18062.2,2.01
ITEM001664,ORD001664,P00348,2,62694.39,30.62
ITEM001665,ORD001665,P00222,1,46451.66,15.02
ITEM001666,ORD001666,P00159,5,56992.52,19.18
ITEM001667,ORD001667,P00177,5,56746.62,38.46
ITEM001668,ORD001668,P00319,1,76007.74,39.82
ITEM001669,ORD001669,P00142,2,64694.73,19.07
ITEM001670,ORD001670,P00002,-1,28413.13,8.55
ITEM001671,ORD001671,P00302,5,34974.37,37.06
ITEM001672,ORD001672,P00235,2,9566.38,6.22
ITEM001673,ORD001673,P00259,1,28698.77,19.49
ITEM001674,ORD001674,P00286,2,31197.49,36.98
ITEM001675,ORD001675,P00538,1,40917.1,38.96
ITEM001676,ORD001676,P00369,5,347.21,7.85
ITEM001677,ORD001677,P00011,2,67156.3,29.39
ITEM001678,ORD001678,P00131,-1,9197.46,39.15
ITEM001679,ORD001679,P00284,2,49768.43,5.25
ITEM001680,ORD001680,P00450,4,56235.13,37.21
ITEM001681,ORD001681,P00106,2,19741.58,7.76
ITEM001682,ORD001682,P00134,-5,43014.09,13.42
ITEM001683,ORD001683,P00049,4,36929.95,7.88
ITEM001684,ORD001684,P00059,3,31202.08,23.79
ITEM001685,ORD001685,P00451,4,23287.69,15.92
ITEM001686,ORD001686,P00599,1,17171.47,8.97
ITEM001687,ORD001687,P00073,1,29145.08,39.63
ITEM001688,ORD001688,P00092,4,15521.12,32.52
ITEM001689,ORD001689,P00076,4,39088.2,34.61
ITEM001690,ORD001690,P00042,2,33968.07,38.23
ITEM001691,ORD001691,P00224,1,66536.7,1.17
ITEM001692,ORD001692,P00254,5,29517.56,2.68
ITEM001693,ORD001693,P00397,4,18935.89,22.7
ITEM001694,ORD001694,P00208,1,69125.31,0.56
ITEM001695,ORD001695,P00058,3,21784.23,35.39
ITEM001696,ORD001696,P00428,4,69170.05,30.13
ITEM001697,ORD001697,P00042,4,28476.12,15.76
ITEM001698,ORD001698,P00157,1,4585.2,32.17
ITEM001699,ORD001699,P00371,3,814.66,23.25
ITEM001700,ORD001700,P00261,3,69915.36,17.64
ITEM001701,ORD001701,P00442,4,52922.89,27.39
ITEM001702,ORD001702,P00194,2,21338.27,13.75
ITEM001703,ORD001703,P00310,5,52342.92,18.14
ITEM001704,ORD001704,P00133,2,14482.13,17.35
ITEM001705,ORD001705,P00121,1,27856.06,5.87
ITEM001706,ORD001706,P00222,4,49037.97,36.79
ITEM001707,ORD001707,P00352,5,26685.27,10.66
ITEM001708,ORD001708,P00155,1,59125.21,34.01
ITEM001709,ORD001709,P00041,5,71305.43,37.97
ITEM001710,ORD001710,P00101,5,49582.72,5.9
ITEM001711,ORD001711,P00246,-3,70600.51,28.45
ITEM001712,ORD001712,P00585,4,3728.82,8.04
ITEM001713,ORD001713,P00347,2,64567.06,28.81
ITEM001714,ORD001714,P00289,4,6492.26,7.47
ITEM001715,ORD001715,P00375,1,12238.29,9.43
ITEM001716,ORD001716,P00252,3,53913.09,37.97
ITEM001717,ORD001717,P00036,2,36388.84,28.26
ITEM001718,ORD001718,P00375,5,13090.61,1.12
ITEM001719,ORD001719,P00274,3,80230.38,31.13
ITEM001720,ORD001720,P00400,5,29107.34,19.98
ITEM001721,ORD001721,P00465,-4,35081.79,35.8
ITEM001722,ORD001722,P00275,3,2535.99,14.42
ITEM001723,ORD001723,P00246,4,55314.19,18.89
ITEM001724,ORD001724,P00278,4,14188.73,29.13
ITEM001725,ORD001725,P00515,4,34049.79,2.54
ITEM001726,ORD001726,P00214,3,51978.9,7.08
ITEM001727,ORD001727,P00293,3,17727.33,27.91
ITEM001728,ORD001728,P00009,5,61338.76,33.55
ITEM001729,ORD001729,P00314,5,31272.02,13.67
ITEM001730,ORD001730,P00409,5,43973.19,31.46
ITEM001731,ORD001731,P00381,-5,15450.5,12.08
ITEM001732,ORD001732,P00458,2,6333.91,36.91
ITEM001733,ORD001733,P00014,4,29428.72,11.05
ITEM001734,ORD001734,P00246,3,66883.17,23.54
ITEM001735,ORD001735,P00122,3,45189.54,4.9
ITEM001736,ORD001736,P00293,1,28579.95,38.15
ITEM001737,ORD001737,P00558,5,33060.75,31.71
ITEM001738,ORD001738,P00162,4,12365.78,12.04
ITEM001739,ORD001739,P00325,3,40223.85,32.38
ITEM001740,ORD001740,P00464,5,31458.47,26.31
ITEM001741,ORD001741,P00469,2,17923.44,36.3
ITEM001742,ORD001742,P00019,1,53248.7,27.45
ITEM001743,ORD001743,P00125,4,76922.28,32.88
ITEM001744,ORD001744,P00172,2,69656.53,3.18
ITEM001745,ORD001745,P00563,4,33573.83,37.3
ITEM001746,ORD001746,P00288,3,38631.58,14.51
ITEM001747,ORD001747,P00287,2,17019.11,36.23
ITEM001748,ORD001748,P00472,3,13936.98,27.21
ITEM001749,ORD001749,P00511,1,54472.64,7.76
ITEM001750,ORD001750,P00168,1,50146.07,16.44
ITEM001751,ORD001751,P00350,2,7523.51,17.79
ITEM001752,ORD001752,P00464,2,34069.16,16.01
ITEM001753,ORD001753,P00332,4,7252.57,18.72
ITEM001754,ORD001754,P00115,3,86096.3,25.83
ITEM001755,ORD001755,P00048,3,66528.76,32.55
ITEM001756,ORD001756,P00550,1,45193.21,37.44
ITEM001757,ORD001757,P00334,5,4441.93,1.83
ITEM001758,ORD001758,P00026,2,7995.1,27.3
ITEM001759,ORD001759,P00132,1,53464.6,12.79
ITEM001760,ORD001760,P00200,1,53307.01,24.17
ITEM001761,ORD001761,P00233,5,795.98,4.94
ITEM001762,ORD001762,P00223,4,53413.53,25.1
ITEM001763,ORD001763,P00089,4,77722.86,36.34
ITEM001764,ORD001764,P00204,-1,1130.22,24.9
ITEM001765,ORD001765,P00360,2,4192.61,15.63
ITEM001766,ORD001766,P00028,5,72145.55,23.02
ITEM001767,ORD001767,P00497,2,5756.73,28.77
ITEM001768,ORD001768,P00361,2,74646.12,5.93
ITEM001769,ORD001769,P00155,4,47241.92,24.64
ITEM001770,ORD001770,P00535,5,41538.3,0.06
ITEM001771,ORD001771,P00373,4,28924.64,33.13
ITEM001772,ORD001772,P00228,-3,13521.55,9.07
ITEM001773,ORD001773,P00438,1,42314.76,38.88
ITEM001774,ORD001774,P00481,4,10216.55,1.96
ITEM001775,ORD001775,P00471,1,44039.05,15.56
ITEM001776,ORD001776,P00510,1,4295.23,32.28
ITEM001777,ORD001777,P00205,4,52381.59,0.57
ITEM001778,ORD001778,P00128,2,59402.89,14.17
ITEM001779,ORD001779,P00567,2,85525.11,22.33
ITEM001780,ORD001780,P00574,2,56121.65,38.55
ITEM001781,ORD001781,P00505,4,8188.88,30.48
ITEM001782,ORD001782,P00547,3,2570.74,19.14
ITEM001783,ORD001783,P00333,4,49892.62,5.24
ITEM001784,ORD001784,P00215,2,78368.03,39.3
ITEM001785,ORD001785,P00146,2,14825.41,20.33
ITEM001786,ORD001786,P00109,-5,50416.23,39.89
ITEM001787,ORD001787,P00355,5,23709.2,34.32
ITEM001788,ORD001788,P00580,2,64949.53,26.6
ITEM001789,ORD001789,P00189,2,32192.41,14.15
ITEM001790,ORD001790,P00059,4,23940.03,35.54
ITEM001791,ORD001791,P00346,2,25374.66,1.97
ITEM001792,ORD001792,P00399,2,38530.76,25.42
ITEM001793,ORD001793,P00491,2,44800.22,25.91
ITEM001794,ORD001794,P00545,1,1806.82,27.35
ITEM001795,ORD001795,P00504,3,47494.98,9.45
ITEM001796,ORD001796,P00498,3,36988.81,22.36
ITEM001797,ORD001797,P00313,1,49929.52,12.96
ITEM001798,ORD001798,P00014,1,21589.67,15.41
ITEM001799,ORD001799,P00411,1,57980.67,11.47
ITEM001800,ORD001800,P00409,2,54961.59,28.8
ITEM001801,ORD001801,P00375,4,10333.02,29.22
ITEM001802,ORD001802,P00488,1,53732.01,10.06
ITEM001803,ORD001803,P00075,2,34209.56,26.39
ITEM001804,ORD001804,P00378,1,56232.92,28.82
ITEM001805,ORD001805,P00074,1,10704.63,36.73
ITEM001806,ORD001806,P00351,3,62997.19,0.68
ITEM001807,ORD001807,P00094,5,45126.86,23.7
ITEM001808,ORD001808,P00217,5,23958.68,21.88
ITEM001809,ORD001809,P00367,2,6687.39,32.14
ITEM001810,ORD001810,P00141,1,51989.45,17.38
ITEM001811,ORD001811,P00163,1,18595.04,34.68
ITEM001812,ORD001812,P00509,1,56316.11,26.47
ITEM001813,ORD001813,P00154,3,7904.73,8.07
ITEM001814,ORD001814,P00250,4,6093.37,24.81
ITEM001815,ORD001815,P00474,5,11226.32,18.16
ITEM001816,ORD001816,P00038,5,58180.54,18.98
ITEM001817,ORD001817,P00076,2,41760.14,35.73
ITEM001818,ORD001818,P00237,1,57604.07,39.4
ITEM001819,ORD001819,P00190,2,68087.86,15.58
ITEM001820,ORD001820,P00029,4,65631.16,27.82
ITEM001821,ORD001821,P00544,5,20869.91,25.95
ITEM001822,ORD001822,P00431,3,2900.07,25.5
ITEM001823,ORD001823,P00213,5,26233.31,27.93
ITEM001824,ORD001824,P00317,2,4773.79,3.67
ITEM001825,ORD001825,P00392,-3,3147.99,1.24
ITEM001826,ORD001826,P00525,5,38638.14,7.27
ITEM001827,ORD001827,P00128,2,48815.08,4.84
ITEM001828,ORD001828,P00071,3,20282.26,30.98
ITEM001829,ORD001829,P00498,4,37875.7,11.31
ITEM001830,ORD001830,P00468,3,58011.34,28.44
ITEM001831,ORD001831,P00002,2,32364.4,22.45
ITEM001832,ORD001832,P00406,3,63972.88,26.62
ITEM001833,ORD001833,P00446,4,20232.76,22.9
ITEM001834,ORD001834,P00461,3,10530.73,3.56
ITEM001835,ORD001835,P00207,4,39431.1,17.07
ITEM001836,ORD001836,P00035,3,67864.79,1.32
ITEM001837,ORD001837,P00417,2,46749.42,27.96
ITEM001838,ORD001838,P00482,2,53624.84,29.56
ITEM001839,ORD001839,P00279,5,42498.5,7.46
ITEM001840,ORD001840,P00476,4,55945.93,35.31
ITEM001841,ORD001841,P00580,3,48490.64,27.84
ITEM001842,ORD001842,P00229,3,4962.98,27.79
ITEM001843,ORD001843,P00478,1,3115.94,13.99
ITEM001844,ORD001844,P00166,5,23886.47,16.54
ITEM001845,ORD001845,P00212,4,57787.15,39.5
ITEM001846,ORD001846,P00322,5,38259.87,20.98
ITEM001847,ORD001847,P00574,5,57535.18,24.47
ITEM001848,ORD001848,P00358,3,34546.4,17.38
ITEM001849,ORD001849,P00306,3,77212.09,34.99
ITEM001850,ORD001850,P00300,2,64929.59,10.3
ITEM001851,ORD001851,P00075,3,29779.65,15.82
ITEM001852,ORD001852,P00251,5,35816.57,28.23
ITEM001853,ORD001853,P00265,3,26547.54,11.4
ITEM001854,ORD001854,P00589,3,28543.34,10.55
ITEM001855,ORD001855,P00539,5,29322.69,8.98
ITEM001856,ORD001856,P00337,5,12358.23,24.22
ITEM001857,ORD001857,P00489,2,11038.6,26.76
ITEM001858,ORD001858,P00546,5,45078.72,37.35
ITEM001859,ORD001859,P00103,2,13440.63,38.69
ITEM001860,ORD001860,P00585,4,3455.36,27.65
ITEM001861,ORD001861,P00118,4,62100.33,19.16
ITEM001862,ORD001862,P00309,5,47906.73,11.48
ITEM001863,ORD001863,P00423,3,20629.2,32.01
ITEM001864,ORD001864,P00136,2,48497.19,0.41
ITEM001865,ORD001865,P00310,3,57440.75,33.93
ITEM001866,ORD001866,P00391,1,31104.47,24.44
ITEM001867,ORD001867,P00581,1,81326.97,5.66
ITEM001868,ORD001868,P00365,1,53465.4,4.59
ITEM001869,ORD001869,P00473,3,72872.97,34.57
ITEM001870,ORD001870,P00542,5,38923.43,13.23
ITEM001871,ORD001871,P00346,4,33109.11,22.22
ITEM001872,ORD001872,P00441,1,34530.41,24.38
ITEM001873,ORD001873,P00071,3,19136.48,22.1
ITEM001874,ORD001874,P00194,3,22617.28,15.86
ITEM001875,ORD001875,P00227,1,5580.69,37.38
ITEM001876,ORD001876,P00564,3,55701.39,8.19
ITEM001877,ORD001877,P00188,-2,66878.02,6.3
ITEM001878,ORD001878,P00139,1,52456.07,7.8
ITEM001879,ORD001879,P00469,3,18766.97,16.26
ITEM001880,ORD001880,P00111,1,33544.41,26.53
ITEM001881,ORD001881,P00594,4,56294.55,27.73
ITEM001882,ORD001882,P00406,5,81730.03,1.31
ITEM001883,ORD001883,P00322,2,43996.56,11.22
ITEM001884,ORD001884,P00597,1,58900.67,32.19
ITEM001885,ORD001885,P00092,4,13837.66,11.44
ITEM001886,ORD001886,P00477,3,24479.6,1.5
ITEM001887,ORD001887,P00213,-3,17299.75,9.14
ITEM001888,ORD001888,P00376,1,58314.8,32.6
ITEM001889,ORD001889,P00288,4,43872.9,7.25
ITEM001890,ORD001890,P00345,2,16155.76,5.34
ITEM001891,ORD001891,P00157,5,5062.35,0.37
ITEM001892,ORD001892,P00017,2,23268.43,22.94
ITEM001893,ORD001893,P00111,2,31809.65,0.4
ITEM001894,ORD001894,P00023,2,44036.15,16.33
ITEM001895,ORD001895,P00452,1,36622.35,4.91
ITEM001896,ORD001896,P00439,4,34325.96,32.63
ITEM001897,ORD001897,P00449,4,23638.11,19.14
ITEM001898,ORD001898,P00356,3,62132.74,29.94
ITEM001899,ORD001899,P00178,3,35305.85,8.42
ITEM001900,ORD001900,P00081,2,79850.74,29.39
ITEM001901,ORD001901,P00570,3,26687.15,6.83
ITEM001902,ORD001902,P00030,2,33333.64,36.72
ITEM001903,ORD001903,P00135,1,41003.86,11.84
ITEM001904,ORD001904,P00070,5,26213.01,31.89
ITEM001905,ORD001905,P00017,1,24786.08,6.52
ITEM001906,ORD001906,P00168,2,41308.15,35.24
ITEM001907,ORD001907,P00060,4,32879.41,28.89
ITEM001908,ORD001908,P00266,5,30649.41,31.05
ITEM001909,ORD001909,P00105,4,17540.26,27.64
ITEM001910,ORD001910,P00329,3,16688.06,24.89
ITEM001911,ORD001911,P00188,3,45179.21,14.39
ITEM001912,ORD001912,P00555,2,11902.55,36.82
ITEM001913,ORD001913,P00158,4,21468.62,13.58
ITEM001914,ORD001914,P00066,2,48416.63,23.95
ITEM001915,ORD001915,P00599,3,15394.73,30.33
ITEM001916,ORD001916,P00289,3,6341.15,28.99
ITEM001917,ORD001917,P00151,2,37103.36,25.09
ITEM001918,ORD001918,P00463,5,63151.11,3.05
ITEM001919,ORD001919,P00191,1,49140.27,3.44
ITEM001920,ORD001920,P00049,1,42544.64,38.64
ITEM001921,ORD001921,P00043,2,34193.26,39.3
ITEM001922,ORD001922,P00567,4,82554.2,29.71
ITEM001923,ORD001923,P00052,1,26026.31,1.98
ITEM001924,ORD001924,P00497,3,6807.5,31.92
ITEM001925,ORD001925,P00231,5,31373.56,4.14
ITEM001926,ORD001926,P00258,3,37773.72,12.73
ITEM001927,ORD001927,P00113,4,15776.24,7.02
ITEM001928,ORD001928,P00505,4,7615.68,9.99
ITEM001929,ORD001929,P00571,4,45324.17,0.86
ITEM001930,ORD001930,P00297,2,32864.26,15.03
ITEM001931,ORD001931,P00386,3,45206.71,10.43
ITEM001932,ORD001932,P00392,2,4152.57,29.6
ITEM001933,ORD001933,P00002,5,38790.66,8.09
ITEM001934,ORD001934,P00297,3,35884.88,35.09
ITEM001935,ORD001935,P00019,3,52440.6,20.74
ITEM001936,ORD001936,P00521,5,11320.75,13.22
ITEM001937,ORD001937,P00278,4,11537.7,6.65
ITEM001938,ORD001938,P00384,-5,25353.11,30.64
ITEM001939,ORD001939,P00358,1,37993.95,35.0
ITEM001940,ORD001940,P00195,4,39684.94,24.96
ITEM001941,ORD001941,P00187,4,59485.78,26.32
ITEM001942,ORD001942,P00164,5,20158.34,16.56
ITEM001943,ORD001943,P00275,2,2037.9,19.92
ITEM001944,ORD001944,P00327,2,26580.1,14.35
ITEM001945,ORD001945,P00158,1,19414.19,35.43
ITEM001946,ORD001946,P00358,5,28800.21,32.38
ITEM001947,ORD001947,P00138,1,33440.82,22.91
ITEM001948,ORD001948,P00162,2,11205.59,4.68
ITEM001949,ORD001949,P00331,4,57930.73,6.07
ITEM001950,ORD001950,P00326,3,25394.62,28.05
ITEM001951,ORD001951,P00412,2,10697.58,18.53
ITEM001952,ORD001952,P00158,4,17013.99,24.9
ITEM001953,ORD001953,P00304,2,12277.24,15.08
ITEM001954,ORD001954,P00344,3,63214.37,1.08
ITEM001955,ORD001955,P00565,3,22754.66,8.19
ITEM001956,ORD001956,P00110,2,38670.77,30.41
ITEM001957,ORD001957,P00042,1,29087.25,21.38
ITEM001958,ORD001958,P00230,2,34033.57,25.69
ITEM001959,ORD001959,P00182,2,49409.92,33.15
ITEM001960,ORD001960,P00079,3,39611.42,20.45
ITEM001961,ORD001961,P00116,3,40092.88,34.79
ITEM001962,ORD001962,P00557,4,17897.55,39.66
ITEM001963,ORD001963,P00306,1,55635.99,23.31
ITEM001964,ORD001964,P00544,3,17448.86,21.49
ITEM001965,ORD001965,P00399,3,41025.81,30.0
ITEM001966,ORD001966,P00001,1,31085.04,7.11
ITEM001967,ORD001967,P00515,4,27061.22,20.98
ITEM001968,ORD001968,P00251,3,41312.27,31.04
ITEM001969,ORD001969,P00398,4,5721.65,34.81
ITEM001970,ORD001970,P00319,1,73908.27,28.97
ITEM001971,ORD001971,P00223,3,56704.45,4.47
ITEM001972,ORD001972,P00145,4,49787.33,7.16
ITEM001973,ORD001973,P00198,2,43852.25,27.61
ITEM001974,ORD001974,P00047,3,42760.05,10.12
ITEM001975,ORD001975,P00223,1,47115.27,19.42
ITEM001976,ORD001976,P00524,5,53158.64,28.0
ITEM001977,ORD001977,P00115,1,70837.39,24.6
ITEM001978,ORD001978,P00158,4,21070.59,23.76
ITEM001979,ORD001979,P00285,5,19069.78,3.86
ITEM001980,ORD001980,P00165,5,67037.61,4.44
ITEM001981,ORD001981,P00563,1,32860.21,35.01
ITEM001982,ORD001982,P00433,4,47139.53,27.53
ITEM001983,ORD001983,P00173,1,43993.98,13.91
ITEM001984,ORD001984,P00202,2,46313.27,7.74
ITEM001985,ORD001985,P00406,2,83151.02,0.15
ITEM001986,ORD001986,P00048,3,66370.49,10.81
ITEM001987,ORD001987,P00543,2,23977.98,0.08
ITEM001988,ORD001988,P00364,5,61220.82,37.0
ITEM001989,ORD001989,P00176,-5,56915.45,2.5
ITEM001990,ORD001990,P00462,4,26496.54,17.29
ITEM001991,ORD001991,P00469,4,26793.96,34.31
ITEM001992,ORD001992,P00182,5,76063.26,8.27
ITEM001993,ORD001993,P00514,5,42879.56,26.93
ITEM001994,ORD001994,P00209,2,35820.89,16.3
ITEM001995,ORD001995,P00086,5,12600.71,4.56
ITEM001996,ORD001996,P00556,4,15259.96,18.2
ITEM001997,ORD001997,P00254,4,26198.57,38.61
ITEM001998,ORD001998,P00112,1,51082.11,7.59
ITEM001999,ORD001999,P00518,2,56362.01,9.02
ITEM002000,ORD002000,P00157,1,4805.06,33.97
ITEM002001,ORD001498,P00230,3,51375.96,18.44
ITEM002002,ORD001229,P00065,5,48336.7,28.33
ITEM002003,ORD001566,P00021,4,6099.23,19.29
ITEM002004,ORD000790,P00098,1,49599.31,25.17
ITEM002005,ORD000759,P00596,2,18658.04,35.95
ITEM002006,ORD001103,P00536,1,1826.1,32.53
ITEM002007,ORD000507,P00077,5,34228.67,24.27
ITEM002008,ORD001959,P00420,1,54011.26,20.13
ITEM002009,ORD000227,P00361,5,59886.87,34.13
ITEM002010,ORD001318,P00253,5,13138.28,14.0
ITEM002011,ORD001019,P00183,1,8515.0,32.88
ITEM002012,ORD000309,P00401,4,19896.21,38.13
ITEM002013,ORD000818,P00547,4,2553.64,24.47
ITEM002014,ORD000725,P00589,1,19931.88,17.93
ITEM002015,ORD000631,P00520,5,33441.25,38.1
ITEM002016,ORD000704,P00334,2,4330.48,26.85
ITEM002017,ORD001287,P00010,4,7087.95,35.46
ITEM002018,ORD001187,P00024,4,1579.99,19.01
ITEM002019,ORD001567,P00422,4,55882.44,39.88
ITEM002020,ORD000129,P00449,5,30215.15,19.38
ITEM002021,ORD001152,P00004,5,56918.61,18.29
ITEM002022,ORD001405,P00510,3,3917.65,27.42
ITEM002023,ORD001743,P00585,3,4017.27,3.01
ITEM002024,ORD001043,P00199,5,74294.47,33.88
ITEM002025,ORD000231,P00421,4,23968.36,33.56
ITEM002026,ORD001063,P00352,2,23191.85,23.26
ITEM002027,ORD001656,P00547,1,2809.02,11.72
ITEM002028,ORD001197,P00547,1,2008.5,12.64
ITEM002029,ORD001623,P00171,5,6438.11,35.03
ITEM002030,ORD000670,P00176,1,58579.73,39.46
ITEM002031,ORD000336,P00409,2,64973.92,1.56
ITEM002032,ORD000820,P00297,5,41627.07,2.45
ITEM002033,ORD001721,P00558,2,34466.87,33.34
ITEM002034,ORD000735,P00533,1,20542.23,0.02
ITEM002035,ORD001797,P00553,5,43536.45,35.0
ITEM002036,ORD001648,P00043,3,30961.01,26.67
ITEM002037,ORD001108,P00565,2,29870.19,29.48
ITEM002038,ORD000537,P00109,5,51920.39,39.37
ITEM002039,ORD000485,P00015,2,68575.76,17.88
ITEM002040,ORD000759,P00014,1,18948.55,1.84
ITEM002041,ORD000707,P00400,4,21679.24,35.54
ITEM002042,ORD001595,P00365,2,49737.6,38.73
ITEM002043,ORD000733,P00397,3,18224.7,10.44
ITEM002044,ORD001158,P00197,4,76110.33,26.6
ITEM002045,ORD001838,P00302,4,41590.18,2.07
ITEM002046,ORD001559,P00492,1,17432.26,21.23
ITEM002047,ORD000332,P00425,1,55147.86,25.24
ITEM002048,ORD000418,P00438,3,50076.21,4.92
ITEM002049,ORD000473,P00278,3,13582.63,38.76
ITEM002050,ORD000270,P00045,4,15565.02,26.61
ITEM002051,ORD001956,P00433,5,73233.5,16.03
ITEM002052,ORD001878,P00384,-2,21054.77,1.54
ITEM002053,ORD000291,P00130,1,57409.34,13.77
ITEM002054,ORD001224,P00447,4,50896.04,37.3
ITEM002055,ORD001574,P00183,2,8343.06,7.23
ITEM002056,ORD001248,P00009,3,58241.05,37.27
ITEM002057,ORD001327,P00302,4,48678.2,10.34
ITEM002058,ORD000630,P00492,4,14689.76,11.54
ITEM002059,ORD001609,P00334,3,4320.41,24.03
ITEM002060,ORD000669,P00175,1,63538.35,32.71
ITEM002061,ORD001095,P00231,3,28733.52,33.22
ITEM002062,ORD001986,P00141,3,54251.17,13.91
ITEM002063,ORD000209,P00171,5,4407.69,29.64
ITEM002064,ORD000808,P00131,2,10500.52,37.22
ITEM002065,ORD000140,P00484,2,48617.72,25.6
ITEM002066,ORD001298,P00475,4,43057.73,30.9
ITEM002067,ORD001098,P00559,2,60650.25,22.23
ITEM002068,ORD001459,P00329,5,15938.31,7.24
ITEM002069,ORD001370,P00313,2,50559.44,13.85
ITEM002070,ORD001460,P00321,-1,22708.5,39.1
ITEM002071,ORD000672,P00501,3,76306.4,17.95
ITEM002072,ORD000113,P00345,1,19168.3,25.47
ITEM002073,ORD000744,P00316,5,4975.95,17.93
ITEM002074,ORD000630,P00276,4,53436.57,14.64
ITEM002075,ORD000440,P00366,2,44140.03,34.95
ITEM002076,ORD001499,P00303,1,1326.92,33.76
ITEM002077,ORD000244,P00365,5,58597.2,32.23
ITEM002078,ORD001170,P00471,2,38721.64,33.9
ITEM002079,ORD001236,P00209,1,28596.8,19.53
ITEM002080,ORD001095,P00032,2,20548.9,21.19
ITEM002081,ORD000863,P00086,1,14926.84,9.59
ITEM002082,ORD001320,P00534,-5,88787.08,17.08
ITEM002083,ORD000077,P00526,4,64204.73,35.58
ITEM002084,ORD001664,P00571,1,49740.68,6.96
ITEM002085,ORD001113,P00487,2,5738.7,33.09
ITEM002086,ORD000891,P00189,3,31494.56,12.54
ITEM002087,ORD000251,P00456,3,53403.62,33.27
ITEM002088,ORD000436,P00336,2,47357.92,32.23
ITEM002089,ORD001049,P00052,1,26764.63,34.54
ITEM002090,ORD000730,P00436,4,28298.41,11.17
ITEM002091,ORD000782,P00509,1,76082.2,17.71
ITEM002092,ORD000776,P00167,5,11988.33,23.55
ITEM002093,ORD000134,P00318,2,57426.31,15.84
ITEM002094,ORD001204,P00590,3,52945.32,25.16
ITEM002095,ORD000881,P00269,3,36682.6,23.5
ITEM002096,ORD001200,P00030,1,30462.4,21.29
ITEM002097,ORD001135,P00349,4,46190.73,0.68
ITEM002098,ORD001856,P00240,3,5535.72,28.17
ITEM002099,ORD001107,P00420,5,49489.18,11.5
ITEM002100,ORD001333,P00302,4,38051.54,37.52
ITEM002101,ORD001591,P00530,3,32233.42,37.57
ITEM002102,ORD001720,P00469,5,20773.59,6.83
ITEM002103,ORD001866,P00380,4,43650.56,28.4
ITEM002104,ORD000714,P00533,-2,22079.87,29.68
ITEM002105,ORD001726,P00053,2,11925.0,17.64
ITEM002106,ORD001196,P00474,5,11450.39,35.89
ITEM002107,ORD001733,P00076,2,39102.87,21.62
ITEM002108,ORD001310,P00463,1,54860.85,37.05
ITEM002109,ORD001538,P00595,5,24542.4,38.62
ITEM002110,ORD001896,P00337,-1,14652.83,31.79
ITEM002111,ORD000423,P00436,4,37507.4,6.4
ITEM002112,ORD000802,P00536,1,1244.44,29.04
ITEM002113,ORD001308,P00031,2,40623.37,13.67
ITEM002114,ORD000890,P00550,1,66452.34,23.12
ITEM002115,ORD001249,P00504,5,46793.45,37.81
ITEM002116,ORD000690,P00591,1,69438.26,0.91
ITEM002117,ORD001629,P00587,2,1842.3,17.81
ITEM002118,ORD001182,P00049,3,38187.81,22.41
ITEM002119,ORD000871,P00434,5,25794.31,32.92
ITEM002120,ORD000766,P00092,3,15947.2,21.54
ITEM002121,ORD000043,P00476,1,79324.96,26.76
ITEM002122,ORD000400,P00130,4,48210.93,29.78
ITEM002123,ORD000250,P00590,2,50763.15,3.19
ITEM002124,ORD000510,P00546,2,50733.16,39.39
ITEM002125,ORD000630,P00138,3,28864.57,9.73
ITEM002126,ORD000874,P00044,5,367.58,21.24
ITEM002127,ORD001693,P00548,1,68896.56,28.69
ITEM002128,ORD000088,P00291,3,802.33,5.43
ITEM002129,ORD000435,P00473,2,59137.18,36.23
ITEM002130,ORD001911,P00544,4,16911.16,30.3
ITEM002131,ORD000287,P00451,1,20506.44,13.95
ITEM002132,ORD001476,P00411,5,50639.61,14.13
ITEM002133,ORD001636,P00062,1,27178.65,21.78
ITEM002134,ORD001998,P00441,1,26833.04,38.23
ITEM002135,ORD000923,P00253,1,12893.89,34.43
ITEM002136,ORD001681,P00385,2,62362.12,22.72
ITEM002137,ORD000732,P00356,1,57086.44,11.61
ITEM002138,ORD000805,P00044,2,543.26,36.44
ITEM002139,ORD000966,P00498,2,41668.95,34.21
ITEM002140,ORD001116,P00432,4,16158.07,13.72
ITEM002141,ORD000511,P00303,2,1154.74,15.11
ITEM002142,ORD000523,P00263,1,10441.94,27.32
ITEM002143,ORD000157,P00036,-1,48435.59,27.86
ITEM002144,ORD001964,P00332,2,7856.2,34.89
ITEM002145,ORD001301,P00307,4,33526.34,1.71
ITEM002146,ORD000765,P00128,1,53138.67,22.41
ITEM002147,ORD000003,P00139,4,55093.64,0.33
ITEM002148,ORD000293,P00499,4,57164.78,5.37
ITEM002149,ORD001756,P00522,-1,39484.66,10.37
ITEM002150,ORD000555,P00465,1,34139.7,23.16
ITEM002151,ORD001213,P00325,2,56293.25,23.01
ITEM002152,ORD001178,P00046,4,20238.59,10.41
ITEM002153,ORD001549,P00004,5,42209.39,20.23
ITEM002154,ORD001564,P00285,5,17539.64,30.61
ITEM002155,ORD001785,P00328,3,56177.66,28.28
ITEM002156,ORD001703,P00337,5,14396.6,18.15
ITEM002157,ORD001733,P00503,1,45833.18,35.53
ITEM002158,ORD000044,P00436,5,40713.03,39.4
ITEM002159,ORD001616,P00109,4,65218.25,32.83
ITEM002160,ORD001589,P00036,2,41409.62,8.33
ITEM002161,ORD001032,P00536,1,1563.56,8.22
ITEM002162,ORD000963,P00454,3,83668.42,8.9
ITEM002163,ORD000480,P00220,4,42185.09,19.0
ITEM002164,ORD000029,P00258,1,38947.02,0.34
ITEM002165,ORD000026,P00116,3,33530.47,33.04
ITEM002166,ORD001789,P00430,1,17303.5,5.11
ITEM002167,ORD000273,P00358,3,41046.8,38.8
ITEM002168,ORD001893,P00269,1,50292.16,6.82
ITEM002169,ORD001782,P00239,1,17607.62,28.97
ITEM002170,ORD000730,P00462,4,21462.16,10.74
ITEM002171,ORD000573,P00068,1,33675.03,27.61
ITEM002172,ORD001413,P00279,1,45442.3,6.38
ITEM002173,ORD000761,P00246,5,63076.03,2.38
ITEM002174,ORD000989,P00317,1,7149.66,36.94
ITEM002175,ORD000296,P00284,5,70146.18,1.13
ITEM002176,ORD001496,P00572,4,21706.85,15.59
ITEM002177,ORD000524,P00589,4,20705.01,7.1
ITEM002178,ORD000161,P00508,3,10286.97,7.42
ITEM002179,ORD000029,P00272,2,44050.29,3.99
ITEM002180,ORD001093,P00053,1,12265.45,15.3
ITEM002181,ORD000884,P00102,4,49791.11,19.0
ITEM002182,ORD000306,P00560,4,52149.38,26.11
ITEM002183,ORD000115,P00156,1,23161.9,13.41
ITEM002184,ORD001623,P00243,4,31816.53,16.56
ITEM002185,ORD000278,P00072,5,8026.76,16.37
ITEM002186,ORD001114,P00598,1,35970.43,18.59
ITEM002187,ORD001239,P00321,1,18733.55,19.8
ITEM002188,ORD000280,P00342,5,30903.24,1.04
ITEM002189,ORD000945,P00222,5,44566.12,7.58
ITEM002190,ORD001595,P00036,4,38465.77,3.74
ITEM002191,ORD000419,P00554,4,17530.78,29.73
ITEM002192,ORD000968,P00078,4,30688.86,7.43
ITEM002193,ORD000052,P00260,3,18698.39,28.4
ITEM002194,ORD000573,P00418,1,1041.32,4.44
ITEM002195,ORD000343,P00561,-1,54731.06,0.25
ITEM002196,ORD000526,P00314,2,37295.15,39.33
ITEM002197,ORD000297,P00231,3,33961.53,31.46
ITEM002198,ORD001849,P00135,-2,46640.64,3.71
ITEM002199,ORD000814,P00016,2,34969.07,8.59
ITEM002200,ORD001204,P00277,1,52535.68,29.3
ITEM002201,ORD001918,P00018,5,6413.68,29.68
ITEM002202,ORD000914,P00486,2,6579.3,0.9
ITEM002203,ORD001382,P00188,4,61660.37,14.12
ITEM002204,ORD000194,P00231,-2,37188.88,3.16
ITEM002205,ORD000954,P00308,5,16078.24,38.83
ITEM002206,ORD000275,P00277,3,73547.11,14.36
ITEM002207,ORD001107,P00360,1,3920.06,5.26
ITEM002208,ORD000218,P00589,1,22045.42,37.21
ITEM002209,ORD001191,P00094,2,46790.86,21.62
ITEM002210,ORD000829,P00293,5,26406.66,35.4
ITEM002211,ORD000523,P00491,5,54681.13,35.15
ITEM002212,ORD001053,P00432,2,14559.9,15.17
ITEM002213,ORD000121,P00010,5,6435.33,12.48
ITEM002214,ORD000531,P00025,5,27972.21,17.53
ITEM002215,ORD001347,P00571,1,65874.78,4.38
ITEM002216,ORD000067,P00503,3,49594.97,22.69
ITEM002217,ORD000176,P00448,3,52354.2,16.15
ITEM002218,ORD001510,P00542,2,38951.82,38.48
ITEM002219,ORD001281,P00131,2,9828.76,39.19
ITEM002220,ORD000571,P00554,3,17067.37,10.82
ITEM002221,ORD001935,P00041,5,53459.39,8.96
ITEM002222,ORD001978,P00541,4,22844.51,17.27
ITEM002223,ORD000304,P00010,2,5024.86,6.66
ITEM002224,ORD001523,P00504,2,69080.03,14.37
ITEM002225,ORD000674,P00002,2,37895.71,0.08
ITEM002226,ORD000043,P00019,5,52865.3,9.95
ITEM002227,ORD000598,P00413,4,59098.84,4.45
ITEM002228,ORD000010,P00004,5,50611.75,30.72
ITEM002229,ORD001164,P00093,1,24583.6,16.25
ITEM002230,ORD000006,P00024,5,2169.9,34.02
ITEM002231,ORD000788,P00582,2,45460.08,5.55
ITEM002232,ORD001013,P00207,4,37054.91,23.28
ITEM002233,ORD001090,P00592,4,27674.23,24.71
ITEM002234,ORD000796,P00010,5,7262.83,13.47
ITEM002235,ORD001113,P00085,5,20284.34,40.0
ITEM002236,ORD000796,P00251,1,32029.42,36.85
ITEM002237,ORD001672,P00528,3,7069.71,9.96
ITEM002238,ORD000244,P00100,2,14925.38,3.3
ITEM002239,ORD000197,P00536,1,1421.46,26.49
ITEM002240,ORD001138,P00379,3,47549.3,5.66
ITEM002241,ORD001175,P00317,2,7200.68,7.56
ITEM002242,ORD000533,P00013,1,23672.07,12.96
ITEM002243,ORD000490,P00285,4,16713.21,17.86
ITEM002244,ORD000769,P00589,5,25281.08,11.34
ITEM002245,ORD001824,P00280,4,13341.29,5.93
ITEM002246,ORD000110,P00098,1,52784.45,10.68
ITEM002247,ORD001319,P00017,2,27871.06,21.56
ITEM002248,ORD000188,P00520,2,38998.99,26.1
ITEM002249,ORD001052,P00458,5,9378.51,11.56
ITEM002250,ORD000003,P00153,4,48872.56,21.24
ITEM002251,ORD001026,P00072,4,7618.27,12.99
ITEM002252,ORD000279,P00479,2,24811.6,14.34
ITEM002253,ORD001989,P00198,4,51981.1,38.04
ITEM002254,ORD000456,P00353,4,23937.74,11.79
ITEM002255,ORD000327,P00097,5,43491.72,22.07
ITEM002256,ORD000680,P00110,5,29316.22,16.75
ITEM002257,ORD000143,P00181,3,58328.53,0.72
ITEM002258,ORD001364,P00408,1,66701.03,2.43
ITEM002259,ORD001233,P00178,2,25951.71,17.06
ITEM002260,ORD000049,P00056,1,29171.58,9.69
ITEM002261,ORD000294,P00470,1,39522.54,28.94
ITEM002262,ORD001528,P00180,2,52116.91,5.09
ITEM002263,ORD001506,P00438,1,39130.46,5.0
ITEM002264,ORD001342,P00271,5,48165.76,0.46
ITEM002265,ORD001507,P00440,4,51864.65,8.98
ITEM002266,ORD001669,P00265,3,24121.14,1.84
ITEM002267,ORD001793,P00313,2,55330.26,39.14
ITEM002268,ORD000859,P00225,3,29436.9,38.66
ITEM002269,ORD000220,P00091,3,30731.74,14.64
ITEM002270,ORD001473,P00210,3,71903.3,5.96
ITEM002271,ORD000482,P00359,5,45361.72,3.32
ITEM002272,ORD000840,P00548,2,49241.05,12.71
ITEM002273,ORD000208,P00130,-4,67847.98,7.33
ITEM002274,ORD000928,P00004,5,47489.02,16.73
ITEM002275,ORD001658,P00397,3,27342.85,31.33
ITEM002276,ORD001952,P00157,2,3955.22,3.06
ITEM002277,ORD001898,P00453,4,19947.39,17.68
ITEM002278,ORD001754,P00277,5,57182.17,18.68
ITEM002279,ORD000165,P00164,5,14222.08,8.31
ITEM002280,ORD000031,P00038,4,58642.89,4.35
ITEM002281,ORD001046,P00311,5,31768.33,39.74
ITEM002282,ORD001994,P00150,2,60231.13,34.56
ITEM002283,ORD001663,P00215,-3,49872.71,29.04
ITEM002284,ORD001800,P00388,5,40662.91,4.42
ITEM002285,ORD000178,P00345,4,22037.2,24.18
ITEM002286,ORD001539,P00365,2,60370.32,22.99
ITEM002287,ORD000353,P00018,4,7765.05,11.06
ITEM002288,ORD000580,P00091,1,28428.21,28.41
ITEM002289,ORD001010,P00201,5,3553.66,21.25
ITEM002290,ORD000950,P00256,1,63646.47,17.16
ITEM002291,ORD000629,P00231,3,40956.37,31.56
ITEM002292,ORD001025,P00515,2,30847.88,21.13
ITEM002293,ORD000568,P00430,5,15697.99,16.21
ITEM002294,ORD000532,P00019,3,61153.73,32.66
ITEM002295,ORD000090,P00187,1,51564.3,35.13
ITEM002296,ORD000637,P00201,3,2769.58,29.05
ITEM002297,ORD000507,P00031,1,44107.4,2.04
ITEM002298,ORD001252,P00541,4,19044.69,37.84
ITEM002299,ORD001018,P00146,1,13598.75,25.67
ITEM002300,ORD001035,P00395,1,77586.63,8.11
ITEM002301,ORD000128,P00207,1,34692.69,22.03
ITEM002302,ORD001213,P00051,1,31263.89,11.04
ITEM002303,ORD001922,P00014,2,22530.58,37.47
ITEM002304,ORD001666,P00120,-2,12929.58,27.59
ITEM002305,ORD001531,P00102,5,66722.86,30.48
ITEM002306,ORD001137,P00425,1,80936.41,4.2
ITEM002307,ORD001291,P00398,2,7199.89,37.6
ITEM002308,ORD001401,P00053,5,12724.07,23.27
ITEM002309,ORD000584,P00478,5,3381.86,14.59
ITEM002310,ORD000020,P00124,1,15492.85,17.5
ITEM002311,ORD000458,P00346,5,22685.18,4.78
ITEM002312,ORD000968,P00171,5,5686.11,34.69
ITEM002313,ORD000909,P00536,1,1536.79,31.18
ITEM002314,ORD001227,P00058,2,22468.24,37.82
ITEM002315,ORD000217,P00437,1,55635.1,20.48
ITEM002316,ORD001596,P00482,2,56695.67,8.11
ITEM002317,ORD001221,P00394,3,63020.07,31.0
ITEM002318,ORD001097,P00203,4,55963.48,9.07
ITEM002319,ORD000917,P00430,5,23968.1,35.99
ITEM002320,ORD000015,P00187,3,63054.24,26.95
ITEM002321,ORD001468,P00563,3,47537.65,18.62
ITEM002322,ORD001988,P00513,1,40247.79,26.05
ITEM002323,ORD001371,P00301,2,6208.02,5.4
ITEM002324,ORD001795,P00405,2,22423.29,32.97
ITEM002325,ORD000801,P00600,1,25466.43,15.38
ITEM002326,ORD001370,P00392,5,3221.06,18.24
ITEM002327,ORD000816,P00484,1,38206.4,17.7
ITEM002328,ORD001399,P00366,1,47431.47,27.6
ITEM002329,ORD000504,P00592,3,27159.03,37.58
ITEM002330,ORD001932,P00146,1,11267.72,29.43
ITEM002331,ORD001718,P00417,3,58177.82,15.54
ITEM002332,ORD000010,P00492,1,14016.08,14.56
ITEM002333,ORD001928,P00536,3,1853.55,6.26
ITEM002334,ORD001738,P00217,1,27743.55,34.63
ITEM002335,ORD001184,P00141,3,60199.53,11.71
ITEM002336,ORD000136,P00226,1,5149.19,36.51
ITEM002337,ORD001513,P00436,5,38292.61,2.98
ITEM002338,ORD000032,P00324,2,36846.43,4.04
ITEM002339,ORD001867,P00073,4,26844.48,14.59
ITEM002340,ORD001654,P00564,4,78065.65,16.17
ITEM002341,ORD001627,P00251,2,44214.22,37.43
ITEM002342,ORD001767,P00338,2,963.94,3.63
ITEM002343,ORD000007,P00334,1,4764.46,35.22
ITEM002344,ORD000566,P00511,4,59232.87,39.75
ITEM002345,ORD001005,P00518,5,74998.68,34.22
ITEM002346,ORD000251,P00328,4,60679.58,13.48
ITEM002347,ORD001525,P00114,2,40317.49,3.05
ITEM002348,ORD000920,P00505,3,7808.52,5.36
ITEM002349,ORD001213,P00382,5,18088.41,3.94
ITEM002350,ORD000742,P00266,2,29350.66,37.56
ITEM002351,ORD000094,P00473,2,53937.55,15.33
ITEM002352,ORD000315,P00303,3,1107.23,29.53
ITEM002353,ORD000758,P00287,4,19907.9,18.74
ITEM002354,ORD000076,P00367,1,8250.38,1.09
ITEM002355,ORD000417,P00063,5,32692.74,14.47
ITEM002356,ORD001650,P00270,4,18376.89,25.65
ITEM002357,ORD000471,P00493,1,12499.12,19.47
ITEM002358,ORD000629,P00234,5,19161.27,7.43
ITEM002359,ORD000906,P00304,1,18345.16,20.13
ITEM002360,ORD000665,P00471,2,41329.99,6.48
ITEM002361,ORD000354,P00341,3,40773.65,15.78
ITEM002362,ORD001082,P00413,2,80452.03,7.44
ITEM002363,ORD001058,P00308,1,20356.82,17.14
ITEM002364,ORD000279,P00011,4,64739.86,15.09
ITEM002365,ORD000424,P00148,4,25904.53,34.39
ITEM002366,ORD001447,P00212,3,54962.43,21.94
ITEM002367,ORD001886,P00411,4,55440.04,5.53
ITEM002368,ORD001237,P00129,2,7660.58,17.25
ITEM002369,ORD001033,P00487,5,5892.87,35.84
ITEM002370,ORD001422,P00031,3,40407.63,37.45
ITEM002371,ORD000806,P00240,2,5196.94,13.38
ITEM002372,ORD000759,P00241,3,44519.05,31.53
ITEM002373,ORD001408,P00538,5,58557.76,18.97
ITEM002374,ORD001184,P00429,1,12751.1,13.09
ITEM002375,ORD001749,P00461,4,10816.82,31.06
ITEM002376,ORD000644,P00197,3,59180.56,2.31
ITEM002377,ORD000971,P00513,5,62250.04,19.99
ITEM002378,ORD000695,P00353,3,26067.94,34.02
ITEM002379,ORD001202,P00029,2,62312.21,21.08
ITEM002380,ORD000302,P00186,4,43515.13,16.1
ITEM002381,ORD001715,P00134,4,59421.93,7.21
ITEM002382,ORD001447,P00181,2,76512.39,5.89
ITEM002383,ORD000212,P00109,1,65130.94,33.21
ITEM002384,ORD001334,P00502,4,15198.04,38.75
ITEM002385,ORD000219,P00434,2,23612.06,11.78
ITEM002386,ORD001264,P00557,3,14315.3,10.73
ITEM002387,ORD001132,P00414,5,1923.41,1.3
ITEM002388,ORD000360,P00107,4,69085.41,0.31
ITEM002389,ORD001198,P00184,2,54478.13,7.21
ITEM002390,ORD000847,P00583,5,9832.61,39.88
ITEM002391,ORD001824,P00273,2,22550.51,10.75
ITEM002392,ORD001698,P00080,1,37563.22,1.01
ITEM002393,ORD000147,P00462,4,30895.7,30.38
ITEM002394,ORD001888,P00222,1,43219.72,7.76
ITEM002395,ORD001817,P00041,3,69768.84,37.65
ITEM002396,ORD000597,P00598,2,40490.09,16.53
ITEM002397,ORD000940,P00188,3,69330.16,15.07
ITEM002398,ORD000459,P00116,4,32901.61,11.15
ITEM002399,ORD000909,P00444,2,57728.35,0.21
ITEM002400,ORD000456,P00577,1,11642.09,30.25
ITEM002401,ORD000666,P00267,1,47861.35,13.99
ITEM002402,ORD001493,P00564,3,57788.03,24.14
ITEM002403,ORD001512,P00231,2,37037.57,6.32
ITEM002404,ORD001553,P00506,2,62663.46,3.48
ITEM002405,ORD001833,P00587,1,1833.76,8.89
ITEM002406,ORD001336,P00049,3,51530.26,22.53
ITEM002407,ORD000880,P00061,2,9751.91,28.74
ITEM002408,ORD000927,P00405,3,30982.79,18.14
ITEM002409,ORD000341,P00567,3,66887.01,8.22
ITEM002410,ORD001002,P00272,5,58613.83,23.46
ITEM002411,ORD000048,P00464,1,32933.29,21.85
ITEM002412,ORD000618,P00003,4,55222.72,39.75
ITEM002413,ORD001544,P00423,1,18823.36,21.83
ITEM002414,ORD001363,P00106,5,25700.52,33.78
ITEM002415,ORD001219,P00048,2,48992.31,3.11
ITEM002416,ORD000761,P00307,2,30612.79,11.18
ITEM002417,ORD001111,P00587,1,1651.84,6.93
ITEM002418,ORD000322,P00357,2,39992.59,6.93
ITEM002419,ORD001961,P00172,2,53673.65,1.63
ITEM002420,ORD001659,P00384,3,21540.22,38.94
ITEM002421,ORD000233,P00232,3,28969.72,31.85
ITEM002422,ORD001399,P00035,2,67792.59,23.24
ITEM002423,ORD001666,P00568,5,11393.31,31.33
ITEM002424,ORD001278,P00199,2,55223.71,6.49
ITEM002425,ORD001741,P00253,4,14451.74,23.68
ITEM002426,ORD000271,P00008,5,16603.18,22.57
ITEM002427,ORD001517,P00552,2,21266.85,33.27
ITEM002428,ORD001616,P00276,3,49288.72,35.19
ITEM002429,ORD000118,P00455,-3,11206.01,15.71
ITEM002430,ORD001859,P00138,1,25383.71,9.71
ITEM002431,ORD001017,P00412,2,8775.64,18.39
ITEM002432,ORD001205,P00381,3,13700.03,36.26
ITEM002433,ORD000787,P00187,-5,69835.84,10.73
ITEM002434,ORD000191,P00580,2,70180.38,13.68
ITEM002435,ORD001632,P00101,5,33769.54,15.82
ITEM002436,ORD000156,P00235,1,8791.84,9.28
ITEM002437,ORD000821,P00132,4,68980.79,10.96
ITEM002438,ORD000653,P00155,5,57821.59,15.95
ITEM002439,ORD000785,P00106,2,23074.78,35.61
ITEM002440,ORD000872,P00124,-4,20745.45,9.14
ITEM002441,ORD000010,P00585,5,3514.79,29.67
ITEM002442,ORD001092,P00276,3,72543.5,10.82
ITEM002443,ORD000392,P00171,1,4425.12,27.64
ITEM002444,ORD001762,P00340,3,737.67,3.76
ITEM002445,ORD000430,P00143,1,43029.05,4.2
ITEM002446,ORD000487,P00051,5,45605.3,19.4
ITEM002447,ORD001211,P00473,2,54952.58,24.22
ITEM002448,ORD000260,P00384,3,27341.88,6.13
ITEM002449,ORD000192,P00514,5,31453.36,32.75
ITEM002450,ORD001287,P00330,5,20341.62,23.63
ITEM002451,ORD001508,P00008,3,24343.41,19.32
ITEM002452,ORD000085,P00442,4,45752.42,33.18
ITEM002453,ORD000407,P00214,2,71298.56,23.56
ITEM002454,ORD001144,P00441,3,23075.0,34.9
ITEM002455,ORD001931,P00059,2,26085.77,28.66
ITEM002456,ORD001363,P00297,4,35365.71,35.34
ITEM002457,ORD000684,P00516,3,34538.62,21.22
ITEM002458,ORD001699,P00555,-2,14363.15,12.83
ITEM002459,ORD000896,P00490,2,4394.74,6.88
ITEM002460,ORD001515,P00521,3,10362.0,5.01
ITEM002461,ORD001198,P00173,3,50530.69,8.67
ITEM002462,ORD001598,P00327,3,25354.07,23.42
ITEM002463,ORD000346,P00569,2,14532.63,34.78
ITEM002464,ORD000018,P00109,5,47475.72,29.17
ITEM002465,ORD001360,P00416,2,51883.93,39.55
ITEM002466,ORD000916,P00177,5,60895.5,23.56
ITEM002467,ORD000516,P00185,1,36972.67,37.83
ITEM002468,ORD001624,P00167,2,12557.33,3.49
ITEM002469,ORD001167,P00588,2,36306.27,31.52
ITEM002470,ORD001241,P00428,4,59289.04,27.74
ITEM002471,ORD000082,P00138,4,29599.94,10.49
ITEM002472,ORD001702,P00351,1,79839.16,14.45
ITEM002473,ORD000398,P00190,1,69421.81,11.4
ITEM002474,ORD000081,P00020,2,34699.75,2.0
ITEM002475,ORD001558,P00087,5,52800.67,14.83
ITEM002476,ORD000412,P00552,5,21959.74,6.41
ITEM002477,ORD001713,P00475,1,41308.76,23.68
ITEM002478,ORD000783,P00006,1,69535.74,0.85
ITEM002479,ORD001084,P00148,4,21172.99,1.49
ITEM002480,ORD000820,P00288,4,37613.81,27.4
ITEM002481,ORD000857,P00057,4,86114.22,34.81
ITEM002482,ORD000801,P00289,2,5815.38,28.53
ITEM002483,ORD000725,P00011,1,62403.67,9.13
ITEM002484,ORD000356,P00205,3,64910.36,17.79
ITEM002485,ORD000872,P00151,2,40491.51,8.22
ITEM002486,ORD001777,P00203,4,49395.85,25.72
ITEM002487,ORD001624,P00266,-3,34416.26,38.6
ITEM002488,ORD000614,P00141,2,65144.43,15.56
ITEM002489,ORD000566,P00295,1,73051.23,7.87
ITEM002490,ORD000366,P00476,4,75585.87,15.53
ITEM002491,ORD000742,P00489,4,10633.1,30.08
ITEM002492,ORD000865,P00214,3,66610.13,7.2
ITEM002493,ORD001997,P00047,3,60433.41,32.35
ITEM002494,ORD000970,P00336,3,38538.07,22.02
ITEM002495,ORD000041,P00089,4,66397.78,22.59
ITEM002496,ORD000354,P00307,2,22530.13,6.75
ITEM002497,ORD001148,P00225,4,28304.66,30.86
ITEM002498,ORD000160,P00509,2,59056.05,13.81
ITEM002499,ORD001600,P00344,2,59685.8,15.55
ITEM002500,ORD000524,P00460,5,25746.51,0.43
ITEM002501,ORD000736,P00301,5,5085.05,9.02
ITEM002502,ORD001725,P00141,4,60700.4,1.66
ITEM002503,ORD001410,P00479,2,18592.58,17.35
ITEM002504,ORD001447,P00273,1,22292.22,39.17
ITEM002505,ORD000007,P00348,2,63370.5,13.49
ITEM002506,ORD001814,P00321,4,26565.06,10.72
ITEM002507,ORD000188,P00401,3,18520.1,31.21
ITEM002508,ORD001236,P00017,1,26344.13,8.81
ITEM002509,ORD001093,P00080,3,42266.95,2.0
ITEM002510,ORD001001,P00421,1,24643.14,18.22
ITEM002511,ORD001959,P00536,3,1389.46,18.28
ITEM002512,ORD000812,P00385,1,61131.46,18.05
ITEM002513,ORD001335,P00360,4,3667.53,16.56
ITEM002514,ORD000958,P00135,4,56163.78,16.17
ITEM002515,ORD001894,P00069,3,52522.32,35.29
ITEM002516,ORD000179,P00532,3,66661.06,29.86
ITEM002517,ORD001170,P00035,1,48065.48,19.02
ITEM002518,ORD001425,P00171,5,6538.08,0.44
ITEM002519,ORD001059,P00316,3,4821.26,18.18
ITEM002520,ORD001723,P00576,4,31674.97,39.05
ITEM002521,ORD000745,P00422,4,41483.32,35.98
ITEM002522,ORD000467,P00254,4,22680.78,16.99
ITEM002523,ORD001043,P00252,2,34188.98,19.32
ITEM002524,ORD000902,P00217,1,30242.89,18.84
ITEM002525,ORD001621,P00124,5,21829.44,7.32
ITEM002526,ORD000376,P00431,4,3943.29,19.01
ITEM002527,ORD001177,P00288,1,48869.18,30.84
ITEM002528,ORD000926,P00521,5,10535.69,8.72
ITEM002529,ORD001557,P00338,5,1219.36,1.87
ITEM002530,ORD000965,P00211,5,63229.9,12.19
ITEM002531,ORD001666,P00174,5,32031.06,34.74
ITEM002532,ORD001032,P00494,4,22436.42,33.75
ITEM002533,ORD001636,P00331,1,78175.67,25.47
ITEM002534,ORD001170,P00142,2,67685.86,27.78
ITEM002535,ORD000121,P00269,5,45038.04,28.01
ITEM002536,ORD000160,P00559,4,62459.81,17.71
ITEM002537,ORD000834,P00401,2,18031.57,2.45
ITEM002538,ORD000143,P00412,2,11454.27,38.49
ITEM002539,ORD001836,P00016,4,32216.07,32.38
ITEM002540,ORD001191,P00182,5,71506.12,3.2
ITEM002541,ORD001161,P00550,2,58387.23,22.47
ITEM002542,ORD000858,P00331,2,75870.23,9.34
ITEM002543,ORD000186,P00469,1,22519.01,32.89
ITEM002544,ORD000631,P00269,2,44645.88,11.68
ITEM002545,ORD000062,P00212,5,65071.08,38.15
ITEM002546,ORD000481,P00090,2,84263.14,12.1
ITEM002547,ORD001311,P00020,1,29425.68,31.0
ITEM002548,ORD001251,P00429,4,8059.96,15.22
ITEM002549,ORD000368,P00066,5,53587.12,21.54
ITEM002550,ORD000389,P00003,3,43564.01,24.29
ITEM002551,ORD000333,P00279,2,45365.41,20.51
ITEM002552,ORD001589,P00285,2,20090.41,27.89
ITEM002553,ORD001604,P00078,4,34089.73,4.47
ITEM002554,ORD000966,P00515,1,26310.27,15.08
ITEM002555,ORD001313,P00278,2,16298.41,13.75
ITEM002556,ORD001322,P00541,5,29433.64,30.34
ITEM002557,ORD001887,P00054,1,7902.59,34.04
ITEM002558,ORD001808,P00595,2,32440.4,26.16
ITEM002559,ORD000191,P00337,1,10990.49,17.95
ITEM002560,ORD000095,P00118,4,43274.57,23.96
ITEM002561,ORD000320,P00423,3,17449.08,35.19
ITEM002562,ORD000417,P00032,5,25595.42,1.26
ITEM002563,ORD001312,P00068,4,35800.1,6.01
ITEM002564,ORD000340,P00425,5,60055.56,34.8
ITEM002565,ORD000607,P00307,5,26512.96,37.86
ITEM002566,ORD001353,P00020,4,27283.14,20.31
ITEM002567,ORD001187,P00348,5,53676.37,25.87
ITEM002568,ORD001293,P00283,1,45198.67,21.59
ITEM002569,ORD000867,P00116,5,46672.52,15.4
ITEM002570,ORD000226,P00176,4,48126.21,5.3
ITEM002571,ORD001142,P00034,5,27635.62,0.67
ITEM002572,ORD001280,P00123,4,37291.34,30.3
ITEM002573,ORD000359,P00432,2,18300.14,35.29
ITEM002574,ORD000575,P00276,2,56276.11,23.79
ITEM002575,ORD001291,P00189,3,26604.11,20.88
ITEM002576,ORD001683,P00497,1,4967.04,0.44
ITEM002577,ORD001529,P00303,2,1031.7,26.31
ITEM002578,ORD000766,P00221,4,4073.71,23.42
ITEM002579,ORD001923,P00160,2,49877.74,9.95
ITEM002580,ORD000375,P00565,3,29202.25,16.2
ITEM002581,ORD001672,P00061,2,8857.06,25.96
ITEM002582,ORD000920,P00001,2,32709.93,11.75
ITEM002583,ORD000769,P00326,2,26343.4,35.66
ITEM002584,ORD000632,P00044,3,434.27,27.94
ITEM002585,ORD000871,P00262,5,11535.17,28.0
ITEM002586,ORD001670,P00451,3,26948.61,11.14
ITEM002587,ORD000034,P00249,4,56898.12,10.88
ITEM002588,ORD001797,P00523,-5,37151.36,14.09
ITEM002589,ORD001469,P00584,4,3587.22,9.95
ITEM002590,ORD000757,P00284,4,55108.07,39.96
ITEM002591,ORD001968,P00131,2,8337.73,15.25
ITEM002592,ORD001653,P00475,5,58462.77,38.81
ITEM002593,ORD000836,P00291,5,808.57,14.91
ITEM002594,ORD000636,P00581,4,86246.22,34.21
ITEM002595,ORD001366,P00179,2,39711.04,38.05
ITEM002596,ORD000381,P00538,4,43877.69,38.45
ITEM002597,ORD001155,P00132,1,55586.64,15.93
ITEM002598,ORD001980,P00465,5,35026.2,7.08
ITEM002599,ORD001828,P00354,4,40074.0,23.6
ITEM002600,ORD001823,P00159,5,57134.96,24.13
ITEM002601,ORD001949,P00562,2,59279.03,30.06
ITEM002602,ORD001505,P00489,4,9174.15,18.56
ITEM002603,ORD001015,P00462,5,22133.45,36.65
ITEM002604,ORD000889,P00013,3,20715.57,10.19
ITEM002605,ORD000354,P00051,5,47415.64,32.3
ITEM002606,ORD001834,P00253,1,11017.96,24.12
ITEM002607,ORD001528,P00195,5,31775.87,39.64
ITEM002608,ORD000825,P00011,1,45869.66,2.66
ITEM002609,ORD000610,P00051,4,47084.71,5.87
ITEM002610,ORD001264,P00069,3,54454.8,26.45
ITEM002611,ORD001747,P00035,3,64322.23,22.56
ITEM002612,ORD000446,P00308,1,16003.43,20.66
ITEM002613,ORD001178,P00508,3,7498.06,25.42
ITEM002614,ORD001114,P00482,2,53476.1,24.52
ITEM002615,ORD000891,P00336,4,43080.88,29.69
ITEM002616,ORD001367,P00139,3,53548.97,13.18
ITEM002617,ORD001986,P00155,1,54906.44,9.34
ITEM002618,ORD001704,P00238,1,35885.74,19.38
ITEM002619,ORD000874,P00439,5,44556.76,4.09
ITEM002620,ORD001932,P00268,5,21613.77,16.03
ITEM002621,ORD001875,P00583,5,15459.88,39.16
ITEM002622,ORD000070,P00379,4,52657.05,35.17
ITEM002623,ORD000175,P00486,3,6140.66,37.41
ITEM002624,ORD000919,P00419,4,19682.26,21.05
ITEM002625,ORD001172,P00342,4,21003.46,30.58
ITEM002626,ORD001875,P00298,1,11483.55,31.82
ITEM002627,ORD000630,P00503,3,38296.02,6.53
ITEM002628,ORD000462,P00075,2,28008.97,24.75
ITEM002629,ORD001742,P00415,1,30077.17,19.85
ITEM002630,ORD001016,P00202,2,36088.82,39.62
ITEM002631,ORD000717,P00064,2,12134.68,30.3
ITEM002632,ORD001561,P00184,1,58460.15,13.34
ITEM002633,ORD001274,P00598,5,52171.34,23.63
ITEM002634,ORD001057,P00496,2,58464.51,1.61
ITEM002635,ORD000611,P00189,3,33833.41,12.42
ITEM002636,ORD001734,P00460,3,23418.29,0.0
ITEM002637,ORD000555,P00506,4,47378.53,29.99
ITEM002638,ORD001095,P00426,2,34564.82,12.61
ITEM002639,ORD000135,P00006,4,69314.58,3.05
ITEM002640,ORD001551,P00074,4,11023.36,39.1
ITEM002641,ORD001410,P00571,3,42946.83,27.8
ITEM002642,ORD001969,P00171,5,5861.04,3.14
ITEM002643,ORD000721,P00393,2,35791.37,1.48
ITEM002644,ORD001667,P00076,5,49461.35,20.36
ITEM002645,ORD000706,P00355,5,21410.28,29.16
ITEM002646,ORD001655,P00098,3,61357.99,18.08
ITEM002647,ORD000556,P00402,3,50008.94,26.66
ITEM002648,ORD001888,P00408,1,60267.94,32.85
ITEM002649,ORD000006,P00052,3,20333.65,9.83
ITEM002650,ORD001698,P00013,3,23132.58,12.47
ITEM002651,ORD001106,P00283,1,70429.03,9.95
ITEM002652,ORD001891,P00560,2,45167.84,32.17
ITEM002653,ORD000050,P00215,5,59968.67,30.76
ITEM002654,ORD001572,P00041,2,64466.35,36.61
ITEM002655,ORD001115,P00568,4,13846.31,11.15
ITEM002656,ORD001991,P00022,4,3433.77,0.5
ITEM002657,ORD000803,P00330,2,18764.87,13.52
ITEM002658,ORD001989,P00392,3,3789.71,28.37
ITEM002659,ORD000424,P00209,2,28734.56,16.7
ITEM002660,ORD000410,P00057,2,73580.54,18.74
ITEM002661,ORD000540,P00022,-5,4043.2,36.0
ITEM002662,ORD001561,P00443,4,3624.3,28.79
ITEM002663,ORD001240,P00572,4,32310.13,1.7
ITEM002664,ORD000345,P00043,1,32724.97,24.61
ITEM002665,ORD001108,P00289,2,4208.98,7.99
ITEM002666,ORD001754,P00149,4,39147.55,3.85
ITEM002667,ORD001101,P00283,5,52424.17,1.88
ITEM002668,ORD000334,P00409,2,45098.81,4.77
ITEM002669,ORD001217,P00413,1,60926.47,18.19
ITEM002670,ORD001401,P00163,2,17994.68,9.04
ITEM002671,ORD001854,P00482,1,68235.73,38.08
ITEM002672,ORD000745,P00286,-3,27798.13,27.93
ITEM002673,ORD001618,P00059,5,30706.06,27.16
ITEM002674,ORD000282,P00202,1,44218.9,2.54
ITEM002675,ORD000800,P00076,5,44810.58,29.17
ITEM002676,ORD001181,P00279,4,52065.19,19.44
ITEM002677,ORD000794,P00418,2,990.26,7.19
ITEM002678,ORD000670,P00591,4,70436.26,14.53
ITEM002679,ORD002000,P00014,2,27969.36,2.95
ITEM002680,ORD001095,P00309,1,42464.79,19.45
ITEM002681,ORD001138,P00460,1,19732.65,15.53
ITEM002682,ORD000822,P00050,3,69979.09,2.07
ITEM002683,ORD000485,P00043,4,29654.71,17.36
ITEM002684,ORD000018,P00380,1,39071.26,21.24
ITEM002685,ORD001313,P00090,4,61218.54,0.32
ITEM002686,ORD001117,P00124,1,21189.36,23.47
ITEM002687,ORD001214,P00122,2,42021.66,29.63
ITEM002688,ORD001309,P00030,2,35034.14,0.93
ITEM002689,ORD000538,P00348,-2,69110.35,30.7
ITEM002690,ORD000943,P00380,5,46841.55,23.9
ITEM002691,ORD000474,P00115,5,77017.98,7.47
ITEM002692,ORD000804,P00043,-1,33083.67,21.34
ITEM002693,ORD000089,P00137,4,41067.22,32.59
ITEM002694,ORD001010,P00303,3,1009.37,10.93
ITEM002695,ORD001291,P00141,1,53852.53,29.89
ITEM002696,ORD001972,P00289,3,6368.88,9.01
ITEM002697,ORD000186,P00128,5,47927.88,22.44
ITEM002698,ORD001472,P00562,5,65050.23,25.17
ITEM002699,ORD001085,P00217,3,31115.06,33.81
ITEM002700,ORD001561,P00339,4,12408.82,6.28
ITEM002701,ORD000344,P00380,2,38935.31,24.66
ITEM002702,ORD000108,P00323,-4,52157.5,9.39
ITEM002703,ORD001663,P00419,1,28044.68,33.61
ITEM002704,ORD000635,P00555,4,9043.91,0.42
ITEM002705,ORD000920,P00158,4,24131.04,16.24
ITEM002706,ORD000269,P00202,3,52030.06,2.52
ITEM002707,ORD001033,P00374,1,52908.59,38.2
ITEM002708,ORD001395,P00005,1,10738.52,27.18
ITEM002709,ORD001301,P00093,4,27885.51,3.76
ITEM002710,ORD000867,P00056,3,36017.57,22.88
ITEM002711,ORD000765,P00133,2,13522.36,3.0
ITEM002712,ORD000503,P00335,3,46993.57,10.61
ITEM002713,ORD001454,P00385,3,66617.7,14.61
ITEM002714,ORD000199,P00328,4,71917.77,12.77
ITEM002715,ORD000943,P00127,5,23171.63,3.2
ITEM002716,ORD001317,P00538,5,52548.49,17.39
ITEM002717,ORD001523,P00308,4,21687.41,17.19
ITEM002718,ORD000796,P00127,5,16710.19,35.24
ITEM002719,ORD001462,P00507,3,62274.93,22.38
ITEM002720,ORD000811,P00561,1,52063.11,18.75
ITEM002721,ORD001582,P00191,2,74089.34,27.76
ITEM002722,ORD001736,P00486,1,7140.96,9.77
ITEM002723,ORD000013,P00103,5,13657.62,1.02
ITEM002724,ORD000738,P00443,4,4071.89,7.59
ITEM002725,ORD001674,P00148,5,23362.55,8.51
ITEM002726,ORD001398,P00137,2,45701.78,34.42
ITEM002727,ORD000593,P00266,1,26482.55,22.43
ITEM002728,ORD000274,P00330,2,20099.42,32.62
ITEM002729,ORD001915,P00472,4,16592.13,23.75
ITEM002730,ORD000383,P00265,2,24830.72,36.74
ITEM002731,ORD001274,P00164,2,19982.69,34.7
ITEM002732,ORD001335,P00145,1,35730.22,27.44
ITEM002733,ORD000045,P00590,1,39229.6,39.66
ITEM002734,ORD000134,P00434,5,25521.35,30.45
ITEM002735,ORD000359,P00529,-3,25078.69,8.5
ITEM002736,ORD000609,P00507,1,61636.18,21.01
ITEM002737,ORD001822,P00010,4,5839.6,12.84
ITEM002738,ORD000173,P00337,3,14033.14,5.07
ITEM002739,ORD000797,P00059,4,25858.09,22.74
ITEM002740,ORD001248,P00072,2,8819.22,8.85
ITEM002741,ORD000061,P00004,4,57082.01,39.39
ITEM002742,ORD000438,P00159,2,53886.53,17.3
ITEM002743,ORD001281,P00155,-2,54227.95,18.7
ITEM002744,ORD000448,P00209,1,29809.82,29.04
ITEM002745,ORD001434,P00035,4,55123.59,11.95
ITEM002746,ORD000980,P00029,4,40844.92,22.34
ITEM002747,ORD000108,P00244,4,24928.95,13.4
ITEM002748,ORD000642,P00174,5,29341.67,12.17
ITEM002749,ORD001291,P00295,1,67544.32,1.5
ITEM002750,ORD000969,P00305,-1,55022.34,19.84
ITEM002751,ORD000038,P00445,4,10907.33,14.67
ITEM002752,ORD000343,P00439,4,35301.66,14.85
ITEM002753,ORD001897,P00003,4,57180.18,0.55
ITEM002754,ORD000082,P00251,4,34798.72,20.33
ITEM002755,ORD000731,P00414,3,2278.61,29.16
ITEM002756,ORD000580,P00588,4,30827.83,23.8
ITEM002757,ORD001323,P00214,1,64109.41,8.7
ITEM002758,ORD001203,P00585,4,4714.09,33.55
ITEM002759,ORD001451,P00285,5,19903.85,10.31
ITEM002760,ORD001872,P00519,4,15536.4,29.6
ITEM002761,ORD001821,P00323,3,42383.09,11.28
ITEM002762,ORD001439,P00213,2,25420.65,31.0
ITEM002763,ORD000894,P00304,2,12922.33,29.81
ITEM002764,ORD001998,P00264,4,42773.67,4.03
ITEM002765,ORD001472,P00562,5,75487.61,35.22
ITEM002766,ORD001650,P00077,1,38300.75,11.53
ITEM002767,ORD001911,P00348,2,55744.41,0.16
ITEM002768,ORD000150,P00187,4,59777.43,27.96
ITEM002769,ORD001883,P00168,2,54979.52,32.66
ITEM002770,ORD001992,P00544,3,23890.48,12.01
ITEM002771,ORD001694,P00166,3,27148.34,18.44
ITEM002772,ORD001033,P00504,1,68542.3,30.97
ITEM002773,ORD001078,P00145,2,37160.38,21.03
ITEM002774,ORD001119,P00495,1,45709.89,21.87
ITEM002775,ORD001737,P00298,1,11961.64,1.98
ITEM002776,ORD001429,P00079,2,38736.18,10.22
ITEM002777,ORD001316,P00379,4,46954.58,29.9
ITEM002778,ORD001178,P00550,3,55580.43,30.12
ITEM002779,ORD000665,P00528,4,7077.23,24.94
ITEM002780,ORD001162,P00397,2,26815.41,21.66
ITEM002781,ORD001989,P00004,5,58762.46,17.79
ITEM002782,ORD000413,P00405,1,20980.22,21.72
ITEM002783,ORD001176,P00145,4,34621.83,16.03
ITEM002784,ORD000016,P00102,4,52788.24,36.03
ITEM002785,ORD001501,P00461,5,8479.4,11.11
ITEM002786,ORD001023,P00536,4,1424.56,30.06
ITEM002787,ORD000735,P00506,3,49579.8,38.64
ITEM002788,ORD000522,P00482,4,61522.01,0.27
ITEM002789,ORD000792,P00537,4,25639.22,31.48
ITEM002790,ORD000850,P00544,2,17725.08,2.3
ITEM002791,ORD000147,P00425,4,66216.61,13.0
ITEM002792,ORD000316,P00180,3,49627.69,10.4
ITEM002793,ORD001577,P00525,5,38195.28,37.32
ITEM002794,ORD000011,P00148,2,18247.44,16.26
ITEM002795,ORD001095,P00437,1,54588.22,9.34
ITEM002796,ORD000652,P00482,1,76705.42,18.11
ITEM002797,ORD001963,P00252,4,37759.48,35.28
ITEM002798,ORD000611,P00275,2,2505.09,20.51
ITEM002799,ORD000843,P00063,2,25968.37,27.75
ITEM002800,ORD001498,P00050,5,61113.6,21.39
ITEM002801,ORD000063,P00285,1,15039.61,26.72
ITEM002802,ORD000025,P00598,4,50254.69,32.95
ITEM002803,ORD000975,P00497,5,7360.67,5.4
ITEM002804,ORD000559,P00345,2,19406.89,4.38
ITEM002805,ORD000743,P00399,5,29512.15,0.53
ITEM002806,ORD000651,P00044,4,400.4,30.14
ITEM002807,ORD000774,P00504,3,72527.09,38.95
ITEM002808,ORD000030,P00587,3,1585.57,25.57
ITEM002809,ORD000457,P00587,3,1722.36,35.53
ITEM002810,ORD001198,P00562,-1,56791.42,39.3
ITEM002811,ORD000003,P00173,5,49072.08,5.89
ITEM002812,ORD001786,P00046,2,24881.74,14.15
ITEM002813,ORD001087,P00144,3,39042.33,24.42
ITEM002814,ORD001784,P00018,4,6133.93,12.49
ITEM002815,ORD000084,P00233,1,750.7,17.6
ITEM002816,ORD000942,P00483,3,62954.83,18.41
ITEM002817,ORD001249,P00375,1,14081.74,2.67
ITEM002818,ORD001842,P00436,3,41253.03,27.47
ITEM002819,ORD001478,P00163,2,17831.71,20.88
ITEM002820,ORD001483,P00133,5,13998.55,25.66
ITEM002821,ORD001790,P00406,5,80872.31,11.06
ITEM002822,ORD001169,P00431,2,2912.03,30.66
ITEM002823,ORD000345,P00440,1,51538.63,14.42
ITEM002824,ORD001124,P00386,5,46642.02,6.63
ITEM002825,ORD000861,P00493,3,17473.62,8.39
ITEM002826,ORD001740,P00455,2,10957.25,15.36
ITEM002827,ORD000373,P00219,1,45234.6,39.27
ITEM002828,ORD001085,P00093,4,28476.42,5.98
ITEM002829,ORD001596,P00151,4,43197.87,32.87
ITEM002830,ORD001154,P00320,4,12062.7,23.75
ITEM002831,ORD000048,P00431,2,2897.4,18.41
ITEM002832,ORD000296,P00226,4,5503.49,24.99
ITEM002833,ORD001938,P00594,1,69210.1,35.36
ITEM002834,ORD000467,P00483,5,48713.03,28.34
ITEM002835,ORD001632,P00439,3,42456.62,34.92
ITEM002836,ORD001464,P00556,4,14200.39,35.54
ITEM002837,ORD000575,P00478,4,3830.86,28.13
ITEM002838,ORD000145,P00456,-4,55771.86,12.55
ITEM002839,ORD001216,P00538,1,63975.92,35.14
ITEM002840,ORD001116,P00554,5,18507.6,33.72
ITEM002841,ORD001534,P00216,4,6945.87,14.11
ITEM002842,ORD000133,P00329,4,18273.43,22.31
ITEM002843,ORD000620,P00379,5,64002.37,30.48
ITEM002844,ORD001285,P00400,2,25607.14,22.0
ITEM002845,ORD001036,P00270,5,18203.59,16.44
ITEM002846,ORD001076,P00024,2,2173.8,27.41
ITEM002847,ORD000817,P00082,2,58943.02,15.97
ITEM002848,ORD000223,P00185,1,55770.0,31.45
ITEM002849,ORD001235,P00029,3,59901.63,21.89
ITEM002850,ORD001654,P00560,1,44560.54,22.68
ITEM002851,ORD001617,P00553,5,45338.33,33.89
ITEM002852,ORD001606,P00101,5,46346.44,32.62
ITEM002853,ORD000055,P00501,1,86792.73,15.52
ITEM002854,ORD001558,P00038,1,37273.76,23.45
ITEM002855,ORD000450,P00493,2,15106.45,5.76
ITEM002856,ORD001134,P00237,2,44888.9,28.26
ITEM002857,ORD001358,P00448,3,70632.64,18.16
ITEM002858,ORD000095,P00249,3,38327.5,19.63
ITEM002859,ORD000943,P00524,5,45023.08,20.74
ITEM002860,ORD001495,P00231,2,34784.51,27.62
ITEM002861,ORD000028,P00499,4,58051.02,4.06
ITEM002862,ORD000350,P00224,1,50105.6,13.61
ITEM002863,ORD000088,P00326,4,24507.76,1.31
ITEM002864,ORD000261,P00096,5,29438.3,24.14
ITEM002865,ORD001797,P00228,5,13885.35,32.89
ITEM002866,ORD000540,P00046,3,18988.54,20.36
ITEM002867,ORD000429,P00108,1,37332.32,12.34
ITEM002868,ORD000990,P00053,1,16160.45,37.45
ITEM002869,ORD001328,P00331,1,57286.16,21.43
ITEM002870,ORD000910,P00117,3,58289.15,15.74
ITEM002871,ORD001914,P00547,5,1800.1,1.5
ITEM002872,ORD001309,P00449,4,30203.76,21.51
ITEM002873,ORD001790,P00146,2,13154.06,12.1
ITEM002874,ORD001594,P00274,3,65824.62,11.68
ITEM002875,ORD000844,P00485,5,45931.53,0.99
ITEM002876,ORD001560,P00238,4,38489.66,17.09
ITEM002877,ORD000611,P00023,1,49880.54,37.51
ITEM002878,ORD001256,P00327,4,27479.88,19.94
ITEM002879,ORD001356,P00214,1,58976.99,37.8
ITEM002880,ORD000750,P00464,2,34451.52,28.13
ITEM002881,ORD000302,P00450,2,48815.74,15.74
ITEM002882,ORD001146,P00214,1,52292.14,33.19
ITEM002883,ORD000679,P00573,3,51692.11,26.48
ITEM002884,ORD001316,P00168,2,39844.82,12.0
ITEM002885,ORD000770,P00382,1,18545.08,25.07
ITEM002886,ORD000521,P00551,2,35648.32,31.88
ITEM002887,ORD000050,P00478,2,3330.66,31.79
ITEM002888,ORD001734,P00483,3,58651.73,29.09
ITEM002889,ORD000708,P00587,3,1621.19,26.01
ITEM002890,ORD001888,P00499,3,74256.58,36.93
ITEM002891,ORD001249,P00118,4,43520.59,0.12
ITEM002892,ORD000027,P00166,2,22725.88,26.58
ITEM002893,ORD000829,P00579,5,48139.88,33.37
ITEM002894,ORD000588,P00102,2,65750.19,11.99
ITEM002895,ORD000561,P00492,4,17788.13,2.34
ITEM002896,ORD001210,P00262,5,8804.3,19.47
ITEM002897,ORD000922,P00295,1,67779.85,5.14
ITEM002898,ORD001660,P00129,5,6143.57,26.58
ITEM002899,ORD000495,P00207,-1,38171.93,16.99
ITEM002900,ORD001747,P00357,1,47202.4,25.83
ITEM002901,ORD000788,P00192,1,36943.48,7.54
ITEM002902,ORD000773,P00464,4,26867.76,29.85
ITEM002903,ORD000851,P00424,4,18267.12,0.06
ITEM002904,ORD000642,P00404,2,15799.53,32.45
ITEM002905,ORD001888,P00033,2,35385.63,33.53
ITEM002906,ORD000274,P00226,3,7113.94,21.77
ITEM002907,ORD000149,P00214,4,77861.98,22.15
ITEM002908,ORD001825,P00432,4,15735.82,29.61
ITEM002909,ORD000193,P00486,4,7384.93,13.1
ITEM002910,ORD001302,P00312,3,33689.51,4.81
ITEM002911,ORD000602,P00028,5,56498.66,9.81
ITEM002912,ORD001758,P00359,1,36348.93,34.06
ITEM002913,ORD001860,P00370,4,73750.33,5.6
ITEM002914,ORD001657,P00386,1,33686.19,15.35
ITEM002915,ORD001003,P00132,4,50877.44,22.7
ITEM002916,ORD001603,P00366,4,58217.31,25.35
ITEM002917,ORD000730,P00597,2,75513.45,19.44
ITEM002918,ORD000899,P00385,3,68930.6,11.95
ITEM002919,ORD000093,P00027,2,70003.59,38.75
ITEM002920,ORD001883,P00561,3,42115.05,7.16
ITEM002921,ORD001642,P00343,3,29652.87,28.88
ITEM002922,ORD000427,P00278,3,18092.27,10.23
ITEM002923,ORD001126,P00409,4,43924.1,21.34
ITEM002924,ORD001098,P00235,5,6732.79,18.75
ITEM002925,ORD000494,P00240,1,5819.55,14.45
ITEM002926,ORD000775,P00086,3,14915.33,11.7
ITEM002927,ORD001699,P00203,2,56512.78,4.58
ITEM002928,ORD001427,P00469,5,22338.94,23.59
ITEM002929,ORD000649,P00219,1,39704.89,27.53
ITEM002930,ORD000593,P00015,5,52008.5,9.75
ITEM002931,ORD001015,P00446,4,17092.15,7.77
ITEM002932,ORD001431,P00542,3,41113.3,2.39
ITEM002933,ORD001481,P00549,4,25067.76,3.43
ITEM002934,ORD000423,P00597,-1,64761.36,37.53
ITEM002935,ORD000513,P00235,4,8790.83,16.5
ITEM002936,ORD001293,P00107,1,56249.55,21.94
ITEM002937,ORD001124,P00468,1,45721.11,26.86
ITEM002938,ORD001293,P00538,3,49842.98,5.15
ITEM002939,ORD001559,P00466,1,59037.01,21.92
ITEM002940,ORD001716,P00003,2,57973.39,32.88
ITEM002941,ORD001345,P00203,2,73120.68,28.86
ITEM002942,ORD000763,P00270,2,19907.61,7.85
ITEM002943,ORD000828,P00035,1,49058.13,2.17
ITEM002944,ORD001964,P00515,4,32867.22,39.07
ITEM002945,ORD001416,P00344,1,64705.58,36.62
ITEM002946,ORD000283,P00173,3,62264.37,3.83
ITEM002947,ORD001615,P00158,1,19271.3,19.22
ITEM002948,ORD000212,P00323,1,48848.63,29.54
ITEM002949,ORD001160,P00146,1,9920.29,34.4
ITEM002950,ORD000870,P00256,2,63427.11,20.77
ITEM002951,ORD000264,P00139,2,39930.46,1.26
ITEM002952,ORD000655,P00238,5,28517.49,26.59
ITEM002953,ORD000097,P00382,4,14959.6,1.1
ITEM002954,ORD001968,P00048,1,46977.01,8.31
ITEM002955,ORD001095,P00315,2,9698.91,4.04
ITEM002956,ORD000467,P00179,3,30006.18,15.15
ITEM002957,ORD001993,P00120,2,13325.44,29.32
ITEM002958,ORD000521,P00344,4,64820.63,13.33
ITEM002959,ORD000444,P00312,2,29260.21,11.94
ITEM002960,ORD001647,P00306,5,66884.57,31.72
ITEM002961,ORD000355,P00271,5,43883.01,17.18
ITEM002962,ORD000549,P00179,1,39389.02,23.33
ITEM002963,ORD000731,P00254,4,28643.81,25.47
ITEM002964,ORD000970,P00249,3,52979.22,22.01
ITEM002965,ORD001281,P00370,2,65938.15,33.22
ITEM002966,ORD000730,P00415,1,36188.35,7.1
ITEM002967,ORD000786,P00414,3,2159.32,22.51
ITEM002968,ORD000136,P00274,4,76950.77,15.6
ITEM002969,ORD000323,P00379,2,61120.42,20.44
ITEM002970,ORD001269,P00427,4,62967.62,10.66
ITEM002971,ORD001604,P00379,2,45535.62,33.96
ITEM002972,ORD001430,P00380,2,42730.47,17.66
ITEM002973,ORD001944,P00278,4,14533.96,12.71
ITEM002974,ORD000478,P00347,2,56001.98,27.95
ITEM002975,ORD001434,P00418,2,945.33,35.23
ITEM002976,ORD001181,P00565,3,31630.58,6.16
ITEM002977,ORD000415,P00398,4,7703.82,6.03
ITEM002978,ORD000212,P00347,4,43413.17,25.64
ITEM002979,ORD001769,P00429,2,11681.73,21.88
ITEM002980,ORD000460,P00332,3,7352.31,26.37
ITEM002981,ORD000842,P00562,3,68730.25,17.17
ITEM002982,ORD001370,P00592,1,23758.51,4.05
ITEM002983,ORD001497,P00552,2,23446.25,18.82
ITEM002984,ORD001309,P00243,5,28139.5,35.58
ITEM002985,ORD001119,P00080,4,31418.88,34.42
ITEM002986,ORD001380,P00513,1,42449.66,35.88
ITEM002987,ORD001056,P00202,4,36420.37,9.79
ITEM002988,ORD001019,P00214,4,52111.32,2.36
ITEM002989,ORD001416,P00171,1,6808.48,10.95
ITEM002990,ORD001257,P00434,4,36685.26,36.15
ITEM002991,ORD000040,P00570,2,21886.61,11.0
ITEM002992,ORD000426,P00121,2,38057.23,39.16
ITEM002993,ORD000816,P00202,5,51337.49,31.32
ITEM002994,ORD000906,P00407,2,66169.56,11.12
ITEM002995,ORD000296,P00593,2,4214.63,28.1
ITEM002996,ORD000706,P00416,2,55454.36,7.65
ITEM002997,ORD000223,P00472,2,17583.23,23.4
ITEM002998,ORD001652,P00308,1,18004.21,32.83
ITEM002999,ORD000538,P00518,1,81556.44,4.39
ITEM003000,ORD001315,P00424,4,16573.98,22.69
ITEM003001,ORD000182,P00420,4,68069.9,1.02
ITEM003002,ORD001397,P00564,-2,61561.97,8.83
ITEM003003,ORD000228,P00034,1,40967.39,4.3
ITEM003004,ORD000717,P00585,1,3423.86,31.04
ITEM003005,ORD000506,P00582,5,35039.03,23.4
ITEM003006,ORD001560,P00084,-2,10604.82,10.89
ITEM003007,ORD000557,P00221,4,4676.8,16.77
ITEM003008,ORD000988,P00211,3,67010.99,4.02
ITEM003009,ORD000094,P00577,5,11922.51,10.61
ITEM003010,ORD001492,P00064,1,14853.25,19.74
ITEM003011,ORD000444,P00039,1,35627.54,36.35
ITEM003012,ORD000187,P00107,4,43249.78,11.32
ITEM003013,ORD001341,P00086,1,10694.0,12.46
ITEM003014,ORD001842,P00166,1,23740.6,22.47
ITEM003015,ORD001806,P00428,4,85010.41,16.17
ITEM003016,ORD001115,P00034,1,39674.49,24.09
ITEM003017,ORD000505,P00299,2,27979.64,33.83
ITEM003018,ORD000411,P00265,5,30462.21,37.38
ITEM003019,ORD000620,P00567,3,85358.77,39.86
ITEM003020,ORD000430,P00327,2,25270.16,2.46
ITEM003021,ORD000980,P00580,1,58374.75,37.57
ITEM003022,ORD001212,P00103,2,19372.18,15.29
ITEM003023,ORD000164,P00332,4,6884.04,28.08
ITEM003024,ORD000177,P00508,1,7719.78,5.41
ITEM003025,ORD001445,P00101,5,44658.41,37.05
ITEM003026,ORD001674,P00017,2,22941.31,18.56
ITEM003027,ORD001777,P00005,2,13563.31,20.83
ITEM003028,ORD001645,P00091,3,28274.21,5.3
ITEM003029,ORD001093,P00471,3,39930.12,36.35
ITEM003030,ORD001913,P00077,5,35955.17,17.45
ITEM003031,ORD001740,P00523,3,44588.76,11.78
ITEM003032,ORD000878,P00193,5,18646.24,22.16
ITEM003033,ORD001975,P00082,1,81102.58,19.97
ITEM003034,ORD001259,P00114,4,32246.24,23.1
ITEM003035,ORD000587,P00174,2,31293.1,4.76
ITEM003036,ORD000582,P00050,1,63871.91,3.3
ITEM003037,ORD000688,P00224,3,42924.21,23.87
ITEM003038,ORD000888,P00190,4,55501.65,21.91
ITEM003039,ORD001668,P00353,3,26195.03,12.93
ITEM003040,ORD001552,P00509,3,81300.26,0.08
ITEM003041,ORD001297,P00373,3,26308.7,32.35
ITEM003042,ORD001914,P00478,5,3763.01,28.19
ITEM003043,ORD000566,P00534,5,86508.05,14.36
ITEM003044,ORD000800,P00290,5,66633.21,37.99
ITEM003045,ORD000453,P00060,1,26745.51,23.63
ITEM003046,ORD001288,P00349,4,51929.4,37.56
ITEM003047,ORD001879,P00412,2,10323.08,31.13
ITEM003048,ORD000607,P00150,2,67330.67,28.98
ITEM003049,ORD000934,P00160,4,48543.01,30.42
ITEM003050,ORD000741,P00415,3,30326.98,15.31
ITEM003051,ORD000017,P00488,1,62121.51,3.32
ITEM003052,ORD001760,P00282,-1,54570.01,0.2
ITEM003053,ORD001677,P00388,-5,52361.34,38.44
ITEM003054,ORD001764,P00185,3,35857.88,28.02
ITEM003055,ORD000912,P00106,1,15989.94,25.53
ITEM003056,ORD001665,P00422,4,54621.67,2.36
ITEM003057,ORD000557,P00103,4,13268.7,5.63
ITEM003058,ORD000967,P00418,2,714.52,28.8
ITEM003059,ORD000250,P00360,2,3433.97,5.71
ITEM003060,ORD000304,P00186,2,51966.84,11.36
ITEM003061,ORD001098,P00285,4,16001.93,6.22
ITEM003062,ORD000395,P00367,5,8863.17,11.89
ITEM003063,ORD000003,P00280,1,10724.61,30.05
ITEM003064,ORD000549,P00464,5,37640.27,9.13
ITEM003065,ORD001823,P00105,1,19868.42,13.88
ITEM003066,ORD000061,P00322,2,38849.85,31.19
ITEM003067,ORD000908,P00150,2,77928.2,21.22
ITEM003068,ORD000269,P00008,4,19331.62,25.58
ITEM003069,ORD001917,P00369,4,339.87,1.64
ITEM003070,ORD001555,P00476,5,61409.52,5.11
ITEM003071,ORD001107,P00018,1,5551.11,12.0
ITEM003072,ORD001274,P00295,3,53287.26,3.09
ITEM003073,ORD000682,P00130,5,70658.47,3.82
ITEM003074,ORD001344,P00269,3,46098.33,16.4
ITEM003075,ORD000931,P00295,2,62335.39,7.01
ITEM003076,ORD001314,P00523,5,54004.25,8.93
ITEM003077,ORD000790,P00228,3,15569.95,36.51
ITEM003078,ORD001316,P00026,2,7920.46,23.41
ITEM003079,ORD000237,P00150,1,59785.25,26.43
ITEM003080,ORD001486,P00456,3,67497.96,36.15
ITEM003081,ORD001684,P00413,5,70079.67,12.76
ITEM003082,ORD000680,P00566,3,82799.42,36.6
ITEM003083,ORD001607,P00382,5,18738.93,27.91
ITEM003084,ORD000043,P00558,3,32895.32,35.79
ITEM003085,ORD000002,P00430,5,24966.88,22.66
ITEM003086,ORD000101,P00306,3,81865.9,20.79
ITEM003087,ORD001641,P00557,4,13472.34,2.67
ITEM003088,ORD000100,P00398,3,6149.6,9.62
ITEM003089,ORD000927,P00280,3,13421.94,1.73
ITEM003090,ORD000818,P00326,-2,21978.42,3.73
ITEM003091,ORD000457,P00429,5,8273.42,23.51
ITEM003092,ORD001131,P00060,2,26586.61,25.4
ITEM003093,ORD001049,P00288,2,45841.93,15.94
ITEM003094,ORD001258,P00165,5,71484.77,11.83
ITEM003095,ORD000618,P00471,4,51401.81,7.21
ITEM003096,ORD001644,P00010,5,5687.95,7.37
ITEM003097,ORD001524,P00145,3,36513.57,12.06
ITEM003098,ORD000010,P00033,3,24710.71,28.38
ITEM003099,ORD000631,P00114,3,36433.17,37.69
ITEM003100,ORD000816,P00111,3,37723.73,12.61
ITEM003101,ORD000578,P00599,1,15386.04,33.36
ITEM003102,ORD001154,P00388,1,40893.88,6.58
ITEM003103,ORD000927,P00063,2,41252.82,8.52
ITEM003104,ORD001346,P00148,5,24352.87,27.03
ITEM003105,ORD000597,P00368,2,64924.48,33.93
ITEM003106,ORD000660,P00551,2,34693.34,9.05
ITEM003107,ORD000573,P00021,2,5259.37,15.69
ITEM003108,ORD001854,P00093,4,23313.79,19.41
ITEM003109,ORD001949,P00161,5,8046.6,5.24
ITEM003110,ORD000619,P00090,4,67816.43,37.1
ITEM003111,ORD000363,P00123,3,51666.91,23.61
ITEM003112,ORD001843,P00416,4,48478.81,18.99
ITEM003113,ORD001709,P00006,4,62601.33,5.05
ITEM003114,ORD000727,P00034,2,27435.29,9.23
ITEM003115,ORD000322,P00513,1,47538.85,31.21
ITEM003116,ORD001683,P00367,1,7198.69,1.8
ITEM003117,ORD000196,P00600,1,18097.61,9.57
ITEM003118,ORD000499,P00217,3,27730.79,19.58
ITEM003119,ORD000998,P00087,5,48148.29,2.33
ITEM003120,ORD000045,P00189,5,30988.57,17.21
ITEM003121,ORD000772,P00150,2,80446.59,15.06
ITEM003122,ORD001471,P00288,4,36565.05,29.6
ITEM003123,ORD000725,P00317,1,6505.34,23.17
ITEM003124,ORD001274,P00147,2,53863.44,31.76
ITEM003125,ORD000705,P00223,2,58850.53,3.31
ITEM003126,ORD000789,P00480,4,71429.73,21.38
ITEM003127,ORD000155,P00292,3,24710.26,17.64
ITEM003128,ORD000590,P00251,4,31282.76,29.6
ITEM003129,ORD001260,P00303,3,975.17,24.57
ITEM003130,ORD001869,P00107,1,61285.66,38.96
ITEM003131,ORD000877,P00431,4,3064.82,13.78
ITEM003132,ORD001350,P00483,4,49020.7,1.06
ITEM003133,ORD001179,P00164,5,14452.66,28.01
ITEM003134,ORD000658,P00489,5,7013.51,26.49
ITEM003135,ORD001633,P00062,-2,21063.17,2.77
ITEM003136,ORD000234,P00401,-4,22536.2,27.19
ITEM003137,ORD000905,P00025,4,26525.74,19.11
ITEM003138,ORD000876,P00210,3,63339.24,6.05
ITEM003139,ORD001401,P00498,1,43357.91,23.43
ITEM003140,ORD000147,P00142,4,67412.27,20.67
ITEM003141,ORD000583,P00525,3,34739.11,36.46
ITEM003142,ORD000172,P00086,3,15966.67,24.25
ITEM003143,ORD000395,P00023,1,39844.64,29.86
ITEM003144,ORD000929,P00345,2,19539.75,21.51
ITEM003145,ORD001860,P00153,2,64923.02,2.93
ITEM003146,ORD000294,P00266,4,28871.47,26.35
ITEM003147,ORD001029,P00390,4,17179.29,5.07
ITEM003148,ORD000981,P00549,3,16551.12,26.36
ITEM003149,ORD000414,P00509,4,63128.7,2.86
ITEM003150,ORD000699,P00216,5,5697.89,3.77
ITEM003151,ORD001596,P00282,1,54019.68,32.15
ITEM003152,ORD000336,P00439,4,33043.35,17.24
ITEM003153,ORD001774,P00226,3,5323.02,5.78
ITEM003154,ORD000375,P00287,3,21350.55,8.82
ITEM003155,ORD001655,P00255,4,18942.41,14.62
ITEM003156,ORD000804,P00322,4,44911.52,39.1
ITEM003157,ORD000533,P00542,4,41296.93,23.55
ITEM003158,ORD000328,P00169,3,52481.45,23.11
ITEM003159,ORD001451,P00377,1,2079.4,16.27
ITEM003160,ORD000283,P00323,1,67625.49,23.14
ITEM003161,ORD001988,P00582,4,36082.15,21.35
ITEM003162,ORD000684,P00113,2,22530.0,2.17
ITEM003163,ORD000864,P00130,4,74138.28,28.44
ITEM003164,ORD000368,P00237,3,55276.47,24.56
ITEM003165,ORD001197,P00221,3,4239.33,10.77
ITEM003166,ORD000284,P00075,2,29282.39,12.05
ITEM003167,ORD001780,P00381,1,13905.7,31.5
ITEM003168,ORD000600,P00506,4,62935.96,34.28
ITEM003169,ORD001915,P00007,3,42030.5,38.9
ITEM003170,ORD001481,P00581,4,82516.07,5.48
ITEM003171,ORD000239,P00533,3,19910.09,2.08
ITEM003172,ORD000050,P00209,2,33346.33,21.19
ITEM003173,ORD000192,P00300,4,73503.92,33.64
ITEM003174,ORD001933,P00148,2,18159.72,25.8
ITEM003175,ORD001804,P00160,1,61375.3,27.95
ITEM003176,ORD000553,P00325,1,51587.92,15.79
ITEM003177,ORD000820,P00456,1,53048.43,16.28
ITEM003178,ORD000450,P00144,5,37283.46,0.17
ITEM003179,ORD000138,P00142,2,45084.02,37.97
ITEM003180,ORD000101,P00531,3,46720.23,10.74
ITEM003181,ORD000795,P00260,5,13593.34,39.71
ITEM003182,ORD000436,P00434,4,32578.96,15.24
ITEM003183,ORD001940,P00522,2,54015.63,27.65
ITEM003184,ORD001240,P00416,4,51145.2,25.53
ITEM003185,ORD001429,P00212,4,48800.61,13.42
ITEM003186,ORD001387,P00260,5,19059.99,35.63
ITEM003187,ORD001796,P00137,1,45632.68,14.82
ITEM003188,ORD000859,P00287,5,19415.67,2.08
ITEM003189,ORD001776,P00193,2,20800.06,14.78
ITEM003190,ORD001776,P00096,5,35930.75,14.97
ITEM003191,ORD001690,P00001,1,22068.03,13.27
ITEM003192,ORD000802,P00113,-4,18066.68,35.99
ITEM003193,ORD001466,P00062,5,30284.0,8.67
ITEM003194,ORD001073,P00522,5,47568.4,29.13
ITEM003195,ORD000074,P00293,3,24579.19,2.45
ITEM003196,ORD000126,P00279,2,34782.82,16.23
ITEM003197,ORD001831,P00522,3,35450.61,8.54
ITEM003198,ORD000677,P00196,5,10216.2,4.12
ITEM003199,ORD001055,P00223,4,47849.91,12.79
ITEM003200,ORD001036,P00052,2,20728.76,25.57
ITEM003201,ORD000212,P00413,5,81688.84,15.26
ITEM003202,ORD000917,P00113,4,22740.9,18.03
ITEM003203,ORD000538,P00037,1,16671.66,24.33
ITEM003204,ORD000317,P00474,1,10377.07,24.25
ITEM003205,ORD001422,P00573,2,42610.23,4.11
ITEM003206,ORD000192,P00110,3,36260.59,15.57
ITEM003207,ORD001637,P00530,4,24781.86,22.75
ITEM003208,ORD000963,P00395,4,58448.13,29.43
ITEM003209,ORD001068,P00207,2,27728.16,2.63
ITEM003210,ORD001782,P00043,3,36724.96,13.31
ITEM003211,ORD001099,P00213,-3,18691.75,14.26
ITEM003212,ORD001105,P00069,5,45191.17,13.09
ITEM003213,ORD001446,P00154,5,9328.91,14.59
ITEM003214,ORD000491,P00254,5,27481.41,30.82
ITEM003215,ORD001043,P00168,3,38350.88,16.01
ITEM003216,ORD000291,P00097,4,42715.72,28.02
ITEM003217,ORD000687,P00573,1,33960.37,13.21
ITEM003218,ORD001668,P00275,4,2013.14,19.4
ITEM003219,ORD001780,P00214,1,73050.68,31.05
ITEM003220,ORD000014,P00156,5,27628.56,6.3
ITEM003221,ORD001692,P00474,2,10766.65,15.37
ITEM003222,ORD001214,P00574,2,45007.28,2.79
ITEM003223,ORD000760,P00063,2,30381.1,34.99
ITEM003224,ORD000760,P00308,4,16908.47,9.54
ITEM003225,ORD001647,P00558,4,44713.91,37.66
ITEM003226,ORD000016,P00549,5,24660.86,5.0
ITEM003227,ORD001479,P00009,4,75307.71,8.95
ITEM003228,ORD001772,P00171,4,6403.33,18.77
ITEM003229,ORD001884,P00119,1,37946.83,20.05
ITEM003230,ORD000288,P00327,2,34766.63,19.23
ITEM003231,ORD001033,P00400,2,20374.2,24.1
ITEM003232,ORD000018,P00454,1,56737.96,1.92
ITEM003233,ORD000290,P00286,2,23912.47,27.01
ITEM003234,ORD001002,P00222,1,42095.91,26.35
ITEM003235,ORD001739,P00458,4,6262.81,24.76
ITEM003236,ORD001901,P00438,1,45787.14,23.3
ITEM003237,ORD000973,P00111,4,34681.97,24.4
ITEM003238,ORD000717,P00409,4,60060.63,16.27
ITEM003239,ORD000084,P00387,5,10288.4,7.79
ITEM003240,ORD001596,P00273,1,15924.35,28.54
ITEM003241,ORD000312,P00166,3,34693.77,39.46
ITEM003242,ORD000778,P00374,2,75758.44,24.97
ITEM003243,ORD001961,P00187,2,71708.45,23.18
ITEM003244,ORD001557,P00265,2,31558.27,28.14
ITEM003245,ORD000940,P00022,3,3693.23,19.13
ITEM003246,ORD000499,P00432,1,19032.04,13.38
ITEM003247,ORD001616,P00118,1,65991.44,13.15
ITEM003248,ORD001527,P00099,1,25551.39,28.35
ITEM003249,ORD001863,P00156,4,22831.29,20.16
ITEM003250,ORD000276,P00411,3,59424.7,28.71
ITEM003251,ORD001371,P00268,4,21648.59,23.91
ITEM003252,ORD001769,P00570,2,20031.74,11.56
ITEM003253,ORD001025,P00212,3,63725.62,3.57
ITEM003254,ORD000383,P00111,3,38366.39,18.88
ITEM003255,ORD000187,P00259,4,28156.13,35.85
ITEM003256,ORD001035,P00424,4,17547.12,27.15
ITEM003257,ORD000492,P00160,1,60150.0,3.66
ITEM003258,ORD001946,P00507,2,67659.0,16.31
ITEM003259,ORD000748,P00150,5,57120.55,15.71
ITEM003260,ORD000683,P00271,5,52090.02,39.54
ITEM003261,ORD001021,P00132,3,44748.89,32.43
ITEM003262,ORD001412,P00145,1,44295.06,26.56
ITEM003263,ORD000177,P00312,4,33345.77,12.79
ITEM003264,ORD001207,P00025,5,28170.96,11.19
ITEM003265,ORD001688,P00147,4,83913.13,16.03
ITEM003266,ORD001335,P00208,1,85070.17,27.84
ITEM003267,ORD000406,P00241,3,69709.34,33.8
ITEM003268,ORD001863,P00223,4,55172.84,30.51
ITEM003269,ORD001837,P00206,1,9281.37,2.33
ITEM003270,ORD001480,P00039,5,22551.44,32.83
ITEM003271,ORD001206,P00241,1,59957.03,20.84
ITEM003272,ORD001490,P00004,3,58654.29,21.27
ITEM003273,ORD000092,P00178,5,35336.83,37.93
ITEM003274,ORD000688,P00286,-1,25831.56,35.23
ITEM003275,ORD001230,P00185,5,50148.44,24.87
ITEM003276,ORD000472,P00051,3,42874.47,25.33
ITEM003277,ORD000855,P00435,1,56869.43,16.7
ITEM003278,ORD000349,P00547,1,2278.2,32.43
ITEM003279,ORD000288,P00141,4,59575.2,13.95
ITEM003280,ORD001772,P00586,3,49578.4,35.77
ITEM003281,ORD000526,P00469,1,26133.5,36.45
ITEM003282,ORD000452,P00076,1,33607.35,13.95
ITEM003283,ORD001124,P00218,2,4658.73,24.51
ITEM003284,ORD001019,P00208,5,70099.58,20.15
ITEM003285,ORD000286,P00097,5,37181.62,4.99
ITEM003286,ORD000632,P00144,4,40643.95,18.97
ITEM003287,ORD000836,P00365,1,72910.29,4.15
ITEM003288,ORD001664,P00498,4,42120.91,34.67
ITEM003289,ORD001043,P00508,4,8567.36,35.92
ITEM003290,ORD001348,P00544,5,22667.11,8.67
ITEM003291,ORD001899,P00242,4,7776.59,36.24
ITEM003292,ORD001366,P00367,1,6800.45,26.19
ITEM003293,ORD001801,P00166,4,34408.96,6.88
ITEM003294,ORD000326,P00189,4,27975.86,17.75
ITEM003295,ORD001702,P00528,1,6711.1,27.51
ITEM003296,ORD000917,P00407,1,88041.22,39.58
ITEM003297,ORD000666,P00174,2,30004.54,25.63
ITEM003298,ORD001385,P00551,5,26011.94,11.66
ITEM003299,ORD001196,P00248,3,48040.96,4.25
ITEM003300,ORD000663,P00350,5,8588.95,18.59
ITEM003301,ORD000889,P00331,5,77920.08,15.21
ITEM003302,ORD000052,P00563,2,50115.65,14.77
ITEM003303,ORD001520,P00545,1,1851.46,36.97
ITEM003304,ORD001881,P00298,1,14313.69,4.37
ITEM003305,ORD001940,P00397,3,22438.17,23.31
ITEM003306,ORD001171,P00072,2,8981.75,37.96
ITEM003307,ORD000722,P00406,3,80717.59,21.38
ITEM003308,ORD000904,P00083,1,14769.85,12.33
ITEM003309,ORD000878,P00041,1,75574.56,14.44
ITEM003310,ORD000090,P00005,5,9364.18,10.79
ITEM003311,ORD001442,P00186,5,61537.74,22.45
ITEM003312,ORD001821,P00504,3,62653.7,39.7
ITEM003313,ORD001283,P00239,-1,18920.37,23.59
ITEM003314,ORD000037,P00127,1,21298.58,6.0
ITEM003315,ORD001298,P00014,1,26700.21,15.66
ITEM003316,ORD001282,P00037,4,12151.98,22.86
ITEM003317,ORD001985,P00024,4,1917.92,24.03
ITEM003318,ORD000306,P00186,2,43930.48,7.56
ITEM003319,ORD001239,P00216,1,7344.85,0.63
ITEM003320,ORD000345,P00043,1,35483.17,19.94
ITEM003321,ORD000401,P00021,2,5760.25,31.42
ITEM003322,ORD001853,P00395,4,51857.81,28.07
ITEM003323,ORD001176,P00463,3,48847.37,37.81
ITEM003324,ORD001505,P00296,1,33510.65,13.07
ITEM003325,ORD001811,P00095,3,42937.65,37.84
ITEM003326,ORD001969,P00377,4,2936.44,36.33
ITEM003327,ORD000524,P00051,4,39796.31,19.72
ITEM003328,ORD000427,P00371,3,910.87,14.91
ITEM003329,ORD000521,P00339,1,9006.49,26.21
ITEM003330,ORD001836,P00563,5,45081.51,16.75
ITEM003331,ORD001900,P00527,2,37598.82,34.9
ITEM003332,ORD001038,P00204,3,1362.36,34.25
ITEM003333,ORD001355,P00362,5,14843.06,25.2
ITEM003334,ORD001751,P00427,4,60131.01,39.15
ITEM003335,ORD001700,P00307,5,26330.5,6.17
ITEM003336,ORD001763,P00472,4,14678.82,18.84
ITEM003337,ORD001893,P00521,5,9798.1,6.36
ITEM003338,ORD001811,P00419,5,25101.55,26.28
ITEM003339,ORD001329,P00258,3,39191.13,39.02
ITEM003340,ORD000882,P00346,5,20935.55,0.95
ITEM003341,ORD001483,P00313,3,53217.75,14.45
ITEM003342,ORD001477,P00033,5,26129.98,10.77
ITEM003343,ORD000950,P00170,1,21376.92,7.88
ITEM003344,ORD000353,P00201,5,2708.31,18.7
ITEM003345,ORD000466,P00502,2,16857.2,23.61
ITEM003346,ORD000553,P00354,1,33303.76,37.02
ITEM003347,ORD000130,P00432,2,15548.24,39.71
ITEM003348,ORD000226,P00363,1,12509.83,27.57
ITEM003349,ORD001303,P00005,3,13679.66,0.93
ITEM003350,ORD000379,P00576,1,37469.65,13.74
ITEM003351,ORD001812,P00067,2,79764.91,23.87
ITEM003352,ORD001581,P00239,2,18732.05,24.82
ITEM003353,ORD001705,P00339,2,8024.11,28.86
ITEM003354,ORD001855,P00103,1,13320.48,26.27
ITEM003355,ORD001180,P00030,3,46413.65,6.67
ITEM003356,ORD000734,P00190,4,80939.94,5.96
ITEM003357,ORD000890,P00390,2,18701.48,13.76
ITEM003358,ORD001418,P00053,5,13454.96,8.94
ITEM003359,ORD000395,P00568,3,11784.44,13.69
ITEM003360,ORD000165,P00266,4,38398.1,31.93
ITEM003361,ORD001688,P00083,5,11039.88,3.75
ITEM003362,ORD000977,P00312,3,33894.91,12.51
ITEM003363,ORD001402,P00226,4,7390.07,36.95
ITEM003364,ORD000856,P00139,4,37956.97,33.81
ITEM003365,ORD000852,P00467,2,5872.07,10.01
ITEM003366,ORD000196,P00144,1,41789.77,33.22
ITEM003367,ORD000768,P00434,2,33816.45,10.29
ITEM003368,ORD000208,P00178,4,25526.83,10.3
ITEM003369,ORD000243,P00524,4,44535.23,0.56
ITEM003370,ORD001273,P00061,4,8698.61,3.35
ITEM003371,ORD001705,P00442,2,33017.74,33.76
ITEM003372,ORD001891,P00345,1,18317.2,19.76
ITEM003373,ORD000122,P00319,3,54697.93,13.2
ITEM003374,ORD001261,P00553,2,50949.01,5.0
ITEM003375,ORD001387,P00429,4,9072.51,32.15
ITEM003376,ORD001941,P00178,2,29541.28,9.17
ITEM003377,ORD001589,P00544,5,20003.5,1.54
ITEM003378,ORD001029,P00353,1,33582.79,26.01
ITEM003379,ORD000118,P00149,3,43749.58,9.69
ITEM003380,ORD000610,P00376,1,81698.95,5.79
ITEM003381,ORD000360,P00244,1,19128.11,5.3
ITEM003382,ORD000741,P00380,4,44799.32,7.39
ITEM003383,ORD001249,P00066,1,64194.51,11.71
ITEM003384,ORD000050,P00293,3,19640.24,3.4
ITEM003385,ORD001743,P00208,3,63186.7,35.32
ITEM003386,ORD000763,P00231,1,44770.97,27.43
ITEM003387,ORD001753,P00161,5,9669.66,4.75
ITEM003388,ORD001316,P00110,3,27572.21,5.88
ITEM003389,ORD001198,P00118,4,57928.73,15.59
ITEM003390,ORD001603,P00348,1,75872.88,8.55
ITEM003391,ORD000332,P00522,1,51935.61,5.65
ITEM003392,ORD001259,P00086,1,15209.37,19.57
ITEM003393,ORD001680,P00160,2,41018.02,22.0
ITEM003394,ORD000814,P00581,1,80100.32,17.71
ITEM003395,ORD001392,P00472,4,17810.37,4.56
ITEM003396,ORD000056,P00368,2,55427.48,27.3
ITEM003397,ORD000999,P00002,4,35980.56,13.85
ITEM003398,ORD001219,P00083,3,14903.75,2.26
ITEM003399,ORD000562,P00326,1,17248.09,39.53
ITEM003400,ORD000013,P00135,4,55859.18,20.83
ITEM003401,ORD001148,P00507,5,61870.36,35.48
ITEM003402,ORD001526,P00318,3,79044.97,6.8
ITEM003403,ORD000648,P00516,4,30306.37,15.86
ITEM003404,ORD000487,P00049,3,31972.82,31.23
ITEM003405,ORD001616,P00211,-3,63019.05,27.59
ITEM003406,ORD001392,P00357,3,48308.39,21.46
ITEM003407,ORD001482,P00150,2,78683.76,21.67
ITEM003408,ORD000198,P00046,1,24090.69,33.2
ITEM003409,ORD001362,P00136,4,52573.92,1.94
ITEM003410,ORD001537,P00322,1,37308.28,11.23
ITEM003411,ORD000124,P00103,5,14628.44,5.96
ITEM003412,ORD000202,P00241,5,62905.95,6.76
ITEM003413,ORD001631,P00242,2,5890.59,22.01
ITEM003414,ORD000404,P00079,4,35750.13,28.95
ITEM003415,ORD001305,P00421,2,26251.67,0.36
ITEM003416,ORD001101,P00579,1,65035.0,28.06
ITEM003417,ORD000503,P00390,5,12459.97,29.96
ITEM003418,ORD001214,P00314,4,37697.57,7.37
ITEM003419,ORD000088,P00024,3,1460.84,10.28
ITEM003420,ORD001469,P00103,1,19727.74,36.53
ITEM003421,ORD000936,P00117,4,48049.36,22.43
ITEM003422,ORD001785,P00029,5,62487.96,12.83
ITEM003423,ORD000370,P00222,4,34590.15,14.85
ITEM003424,ORD001567,P00113,5,21917.71,24.89
ITEM003425,ORD001636,P00312,3,25856.13,14.53
ITEM003426,ORD001241,P00484,2,42648.09,13.76
ITEM003427,ORD000798,P00118,5,46779.1,17.11
ITEM003428,ORD000161,P00242,4,7414.25,27.37
ITEM003429,ORD000239,P00514,5,34568.02,5.65
ITEM003430,ORD000872,P00247,5,58960.79,4.26
ITEM003431,ORD001520,P00412,4,13297.07,17.62
ITEM003432,ORD000449,P00026,3,7526.78,8.3
ITEM003433,ORD000202,P00201,5,4048.79,20.99
ITEM003434,ORD001531,P00294,1,23596.49,5.59
ITEM003435,ORD001408,P00296,4,37412.03,12.08
ITEM003436,ORD001613,P00401,4,17919.68,16.97
ITEM003437,ORD001490,P00224,1,49416.63,27.2
ITEM003438,ORD000147,P00469,4,25142.17,27.37
ITEM003439,ORD000357,P00105,3,13922.07,20.45
ITEM003440,ORD000231,P00407,5,80620.83,8.29
ITEM003441,ORD001891,P00426,-3,30214.27,33.67
ITEM003442,ORD000796,P00321,4,24230.83,22.62
ITEM003443,ORD001215,P00523,4,54017.96,8.66
ITEM003444,ORD001129,P00573,2,32642.86,11.13
ITEM003445,ORD000451,P00499,5,80031.33,9.11
ITEM003446,ORD001493,P00233,1,821.72,23.07
ITEM003447,ORD000371,P00149,5,33828.35,25.75
ITEM003448,ORD000989,P00060,4,26202.33,8.92
ITEM003449,ORD000132,P00045,3,12277.89,29.71
ITEM003450,ORD001405,P00149,5,33438.34,21.73
ITEM003451,ORD000349,P00132,5,49134.52,19.19
ITEM003452,ORD001063,P00198,1,45795.6,4.57
ITEM003453,ORD001427,P00598,4,50573.9,33.92
ITEM003454,ORD000984,P00343,4,38036.95,29.16
ITEM003455,ORD001714,P00534,3,83645.57,19.08
ITEM003456,ORD000584,P00596,5,23891.33,24.01
ITEM003457,ORD000647,P00166,2,23133.05,4.97
ITEM003458,ORD000572,P00560,4,60975.1,39.51
ITEM003459,ORD000729,P00530,1,31256.98,21.38
ITEM003460,ORD000209,P00010,4,5058.78,8.45
ITEM003461,ORD001641,P00321,4,27939.07,3.79
ITEM003462,ORD000836,P00205,1,56597.77,18.44
ITEM003463,ORD001957,P00376,-3,67903.81,7.12
ITEM003464,ORD001776,P00425,1,68475.72,12.2
ITEM003465,ORD000841,P00224,4,65736.41,20.28
ITEM003466,ORD000182,P00588,2,35158.36,27.59
ITEM003467,ORD001209,P00595,5,21318.97,21.22
ITEM003468,ORD001942,P00171,1,4563.31,8.29
ITEM003469,ORD001687,P00014,4,19867.35,39.64
ITEM003470,ORD000713,P00194,2,16822.84,8.87
ITEM003471,ORD001416,P00200,4,66534.67,32.09
ITEM003472,ORD000496,P00079,4,37302.57,21.08
ITEM003473,ORD000549,P00593,1,5001.01,1.82
ITEM003474,ORD001412,P00058,2,22559.39,6.53
ITEM003475,ORD000732,P00303,3,1151.79,13.32
ITEM003476,ORD000461,P00350,4,10380.44,32.81
ITEM003477,ORD000481,P00562,1,57215.84,34.02
ITEM003478,ORD001501,P00224,5,58284.36,5.82
ITEM003479,ORD000660,P00351,1,63302.14,10.89
ITEM003480,ORD001708,P00189,-3,29726.67,35.13
ITEM003481,ORD001289,P00261,4,76557.67,35.92
ITEM003482,ORD001853,P00109,2,61634.12,16.23
ITEM003483,ORD000077,P00125,5,60231.07,22.86
ITEM003484,ORD000535,P00367,3,6840.97,8.32
ITEM003485,ORD001583,P00569,3,15746.92,3.75
ITEM003486,ORD000798,P00223,1,55295.79,0.35
ITEM003487,ORD001581,P00482,5,65699.37,26.46
ITEM003488,ORD000692,P00048,5,55751.28,26.46
ITEM003489,ORD000743,P00594,5,55220.09,25.19
ITEM003490,ORD001874,P00033,5,38256.11,24.45
ITEM003491,ORD001775,P00181,-1,61825.43,25.44
ITEM003492,ORD001827,P00193,3,25217.71,30.42
ITEM003493,ORD000191,P00429,4,10487.9,2.66
ITEM003494,ORD000423,P00221,5,3836.59,37.37
ITEM003495,ORD000928,P00030,4,40961.16,4.84
ITEM003496,ORD001346,P00232,3,39759.59,28.25
ITEM003497,ORD000370,P00313,2,49867.91,25.85
ITEM003498,ORD001506,P00277,1,69290.65,21.01
ITEM003499,ORD001622,P00236,1,59738.03,36.49
ITEM003500,ORD000379,P00241,4,53173.21,36.07
ITEM003501,ORD000193,P00558,1,41544.67,12.4
ITEM003502,ORD000550,P00173,3,62799.65,22.11
ITEM003503,ORD001747,P00278,2,16237.55,26.73
ITEM003504,ORD000323,P00287,2,20208.02,30.16
ITEM003505,ORD000015,P00316,4,5928.6,28.06
ITEM003506,ORD001921,P00094,1,44091.59,20.59
ITEM003507,ORD001347,P00067,3,63931.87,10.96
ITEM003508,ORD001255,P00590,3,36037.67,19.8
ITEM003509,ORD000395,P00553,5,46630.03,35.89
ITEM003510,ORD000958,P00040,3,48618.63,25.45
ITEM003511,ORD000615,P00333,1,48404.01,24.94
ITEM003512,ORD001042,P00184,4,82737.38,26.7
ITEM003513,ORD001684,P00073,1,29030.28,12.73
ITEM003514,ORD000655,P00274,2,76467.02,23.75
ITEM003515,ORD000360,P00037,2,11932.35,15.29
ITEM003516,ORD000782,P00444,5,51881.62,39.96
ITEM003517,ORD001229,P00178,2,34158.74,9.35
ITEM003518,ORD001101,P00393,1,30120.56,3.71
ITEM003519,ORD000134,P00555,2,12309.08,0.65
ITEM003520,ORD001273,P00237,3,41288.59,26.15
ITEM003521,ORD001759,P00153,3,44918.1,16.99
ITEM003522,ORD000364,P00525,2,32220.94,7.65
ITEM003523,ORD001651,P00308,5,21264.79,9.2
ITEM003524,ORD000488,P00264,2,52265.24,4.1
ITEM003525,ORD001961,P00540,4,54939.27,24.49
ITEM003526,ORD001499,P00039,5,27859.91,32.33
ITEM003527,ORD001663,P00295,2,54512.03,29.1
ITEM003528,ORD000362,P00393,5,35412.96,22.18
ITEM003529,ORD000704,P00022,4,3001.31,13.6
ITEM003530,ORD001706,P00023,5,60585.53,6.52
ITEM003531,ORD001555,P00573,5,49311.81,39.55
ITEM003532,ORD001247,P00279,4,51366.02,34.63
ITEM003533,ORD000510,P00583,4,14749.42,24.2
ITEM003534,ORD001967,P00433,3,56192.93,12.91
ITEM003535,ORD000197,P00482,4,63306.33,10.34
ITEM003536,ORD000256,P00563,5,35773.96,1.51
ITEM003537,ORD001213,P00349,3,43841.77,20.35
ITEM003538,ORD000933,P00218,3,7541.59,29.58
ITEM003539,ORD001251,P00412,4,11126.33,17.35
ITEM003540,ORD000922,P00552,5,27003.82,18.28
ITEM003541,ORD000837,P00110,4,39462.53,34.21
ITEM003542,ORD000046,P00444,5,37666.59,33.85
ITEM003543,ORD001273,P00451,1,18944.32,38.53
ITEM003544,ORD000441,P00537,3,31797.7,38.04
ITEM003545,ORD001910,P00459,1,30097.96,19.22
ITEM003546,ORD000735,P00429,4,11595.74,0.0
ITEM003547,ORD000694,P00079,5,39249.35,16.9
ITEM003548,ORD000041,P00099,4,32125.87,11.7
ITEM003549,ORD001153,P00186,2,45323.38,8.3
ITEM003550,ORD001978,P00377,5,3209.63,39.34
ITEM003551,ORD001179,P00530,3,23396.16,39.06
ITEM003552,ORD001898,P00285,3,19649.89,0.67
ITEM003553,ORD000687,P00419,4,28586.34,23.06
ITEM003554,ORD001943,P00235,4,8198.9,1.82
ITEM003555,ORD001690,P00271,2,49852.36,17.39
ITEM003556,ORD000966,P00550,5,49249.01,13.25
ITEM003557,ORD000913,P00128,3,76384.09,33.78
ITEM003558,ORD000677,P00058,2,23250.12,34.85
ITEM003559,ORD001005,P00439,2,41245.11,34.98
ITEM003560,ORD000617,P00527,1,36975.92,30.42
ITEM003561,ORD000511,P00530,3,31552.41,30.35
ITEM003562,ORD000834,P00573,1,46496.49,7.83
ITEM003563,ORD001049,P00360,2,3191.06,33.6
ITEM003564,ORD000045,P00082,2,65507.06,23.12
ITEM003565,ORD001232,P00342,1,30917.14,24.42
ITEM003566,ORD000427,P00002,3,35968.07,20.15
ITEM003567,ORD000756,P00151,4,36637.94,20.97
ITEM003568,ORD001555,P00487,1,8939.63,15.49
ITEM003569,ORD000850,P00151,1,45399.03,29.89
ITEM003570,ORD000442,P00260,3,17242.27,8.45
ITEM003571,ORD001219,P00265,4,25687.43,23.91
ITEM003572,ORD001531,P00251,2,33101.4,2.88
ITEM003573,ORD001973,P00155,2,47123.99,17.59
ITEM003574,ORD000864,P00091,4,38847.42,29.71
ITEM003575,ORD000098,P00460,-2,26600.31,35.44
ITEM003576,ORD000618,P00287,3,17257.19,35.45
ITEM003577,ORD000355,P00424,2,14182.15,37.73
ITEM003578,ORD000911,P00552,3,28475.65,20.38
ITEM003579,ORD001847,P00568,5,12642.64,19.84
ITEM003580,ORD001605,P00508,-3,9503.23,27.37
ITEM003581,ORD001332,P00246,3,68660.13,28.51
ITEM003582,ORD000284,P00363,2,11227.36,18.39
ITEM003583,ORD000520,P00029,2,53105.82,18.63
ITEM003584,ORD001142,P00487,3,5794.52,34.88
ITEM003585,ORD000047,P00492,4,15972.05,3.22
ITEM003586,ORD001223,P00456,3,47770.08,3.53
ITEM003587,ORD000650,P00483,2,66519.95,8.32
ITEM003588,ORD001274,P00060,1,30523.11,1.86
ITEM003589,ORD001744,P00285,1,19960.46,14.9
ITEM003590,ORD000732,P00519,2,17546.75,11.62
ITEM003591,ORD000540,P00352,2,24682.95,38.34
ITEM003592,ORD000684,P00433,3,53802.23,38.15
ITEM003593,ORD001872,P00206,2,14043.09,17.19
ITEM003594,ORD000066,P00014,-1,22077.55,1.16
ITEM003595,ORD001169,P00081,1,52491.07,9.82
ITEM003596,ORD000631,P00599,3,18850.17,3.11
ITEM003597,ORD001229,P00514,5,37635.51,15.96
ITEM003598,ORD000644,P00083,1,12970.89,27.31
ITEM003599,ORD000652,P00515,2,31181.97,17.91
ITEM003600,ORD001903,P00284,4,55532.56,12.48
ITEM003601,ORD000628,P00482,4,66536.12,3.72
ITEM003602,ORD001317,P00419,5,24230.51,0.0
ITEM003603,ORD001476,P00473,5,59471.5,26.85
ITEM003604,ORD001759,P00393,5,34578.69,28.33
ITEM003605,ORD000033,P00382,2,16961.68,13.72
ITEM003606,ORD001230,P00384,1,23594.76,24.75
ITEM003607,ORD000566,P00169,2,49786.72,0.14
ITEM003608,ORD000370,P00589,2,24105.41,36.33
ITEM003609,ORD001752,P00018,3,6436.79,19.25
ITEM003610,ORD000496,P00548,4,49569.01,6.22
ITEM003611,ORD000519,P00057,3,55402.25,35.03
ITEM003612,ORD001090,P00398,4,4951.22,19.38
ITEM003613,ORD000924,P00250,2,5222.24,33.52
ITEM003614,ORD000519,P00465,5,31062.94,10.45
ITEM003615,ORD000613,P00310,2,42288.2,13.09
ITEM003616,ORD000538,P00289,1,4050.41,35.89
ITEM003617,ORD001790,P00171,2,6375.53,19.23
ITEM003618,ORD000463,P00366,1,49801.2,29.91
ITEM003619,ORD001433,P00417,4,45707.04,34.68
ITEM003620,ORD001018,P00491,3,45589.04,3.61
ITEM003621,ORD000417,P00376,1,69814.85,7.52
ITEM003622,ORD000290,P00364,5,52683.8,10.7
ITEM003623,ORD001935,P00429,3,10620.48,3.14
ITEM003624,ORD000431,P00540,5,52982.63,6.71
ITEM003625,ORD000244,P00501,5,75865.59,13.75
ITEM003626,ORD001276,P00060,5,28857.81,28.24
ITEM003627,ORD001388,P00078,2,37748.66,22.16
ITEM003628,ORD000769,P00339,3,11569.01,33.58
ITEM003629,ORD001993,P00114,4,38693.45,30.32
ITEM003630,ORD000365,P00221,5,3338.79,34.15
ITEM003631,ORD001204,P00226,3,6849.5,38.18
ITEM003632,ORD000188,P00561,1,61644.82,39.71
ITEM003633,ORD001968,P00546,1,50027.76,34.65
ITEM003634,ORD000388,P00266,2,34281.04,39.28
ITEM003635,ORD000355,P00320,2,9203.76,24.33
ITEM003636,ORD000758,P00589,4,26998.6,9.69
ITEM003637,ORD001563,P00054,5,9344.11,4.06
ITEM003638,ORD000130,P00528,3,5410.01,36.18
ITEM003639,ORD000605,P00093,1,25171.38,16.06
ITEM003640,ORD000403,P00256,1,49892.12,25.64
ITEM003641,ORD000743,P00201,1,4226.65,12.83
ITEM003642,ORD000080,P00195,1,45664.4,11.87
ITEM003643,ORD000922,P00452,5,26358.97,28.49
ITEM003644,ORD001831,P00049,5,52033.67,29.62
ITEM003645,ORD000739,P00563,3,45101.36,12.51
ITEM003646,ORD000936,P00417,4,43940.65,32.01
ITEM003647,ORD000667,P00311,1,35000.98,29.68
ITEM003648,ORD000377,P00101,2,39203.42,24.55
ITEM003649,ORD001854,P00274,3,56808.14,16.68
ITEM003650,ORD001402,P00085,5,25283.62,32.15
ITEM003651,ORD000047,P00430,1,24503.9,29.93
ITEM003652,ORD001313,P00390,5,13094.38,2.35
ITEM003653,ORD001544,P00540,-2,47382.48,10.0
ITEM003654,ORD001639,P00127,4,19489.81,16.7
ITEM003655,ORD001032,P00129,2,7019.95,25.31
ITEM003656,ORD001023,P00365,4,54534.17,31.29
ITEM003657,ORD001712,P00583,4,15666.95,1.22
ITEM003658,ORD000397,P00278,4,15538.53,37.3
ITEM003659,ORD000177,P00004,1,46358.96,9.22
ITEM003660,ORD001356,P00361,4,51176.77,5.31
ITEM003661,ORD001285,P00467,1,7344.25,6.32
ITEM003662,ORD000063,P00048,4,69248.7,10.69
ITEM003663,ORD000696,P00506,2,54154.57,7.65
ITEM003664,ORD000949,P00126,2,2608.65,3.53
ITEM003665,ORD000686,P00191,1,54951.08,39.83
ITEM003666,ORD001812,P00024,2,2134.33,37.91
ITEM003667,ORD000819,P00017,4,19765.58,22.1
ITEM003668,ORD000356,P00187,3,47153.13,31.33
ITEM003669,ORD001736,P00308,4,18490.51,38.18
ITEM003670,ORD000818,P00350,-1,9601.3,0.93
ITEM003671,ORD001784,P00086,5,16800.59,23.38
ITEM003672,ORD000677,P00447,4,75504.86,10.38
ITEM003673,ORD000073,P00097,4,32778.71,33.64
ITEM003674,ORD000884,P00138,2,31347.77,19.69
ITEM003675,ORD001042,P00523,4,49716.09,15.24
ITEM003676,ORD000872,P00244,1,18703.9,26.36
ITEM003677,ORD000108,P00427,2,82646.2,5.52
ITEM003678,ORD001212,P00024,1,2201.98,31.97
ITEM003679,ORD001778,P00199,5,61153.8,36.88
ITEM003680,ORD000988,P00284,4,68768.37,3.19
ITEM003681,ORD001183,P00016,2,38013.62,8.29
ITEM003682,ORD000249,P00263,5,9435.8,39.61
ITEM003683,ORD000661,P00252,5,37214.13,28.73
ITEM003684,ORD000594,P00316,1,6460.14,30.14
ITEM003685,ORD000532,P00471,5,48682.69,38.28
ITEM003686,ORD000478,P00316,4,5081.8,9.57
ITEM003687,ORD000735,P00096,4,29377.86,25.58
ITEM003688,ORD001680,P00578,3,76356.67,5.04
ITEM003689,ORD001496,P00404,4,13492.3,22.26
ITEM003690,ORD001771,P00523,5,42711.03,25.07
ITEM003691,ORD001533,P00424,3,14123.33,26.43
ITEM003692,ORD001215,P00171,3,6351.72,37.57
ITEM003693,ORD001096,P00191,2,60564.42,6.59
ITEM003694,ORD001099,P00002,1,34087.61,6.17
ITEM003695,ORD000765,P00215,1,61631.14,20.4
ITEM003696,ORD000703,P00438,5,46797.57,27.26
ITEM003697,ORD001704,P00433,4,73359.64,25.57
ITEM003698,ORD001029,P00019,5,63742.03,11.14
ITEM003699,ORD001642,P00565,2,27971.51,10.75
ITEM003700,ORD000575,P00589,3,28005.67,19.0
ITEM003701,ORD000301,P00082,2,62840.11,8.03
ITEM003702,ORD001921,P00490,3,5490.54,27.35
ITEM003703,ORD001453,P00338,5,1127.22,36.95
ITEM003704,ORD001434,P00501,3,73601.63,18.29
ITEM003705,ORD000567,P00090,1,75870.8,11.65
ITEM003706,ORD001079,P00396,2,54177.84,12.93
ITEM003707,ORD000247,P00121,5,32679.92,16.98
ITEM003708,ORD000686,P00230,3,45454.58,14.22
ITEM003709,ORD000652,P00074,3,11768.38,17.43
ITEM003710,ORD001817,P00115,5,68487.45,21.18
ITEM003711,ORD000875,P00244,1,26149.03,1.99
ITEM003712,ORD001957,P00212,3,71273.57,32.73
ITEM003713,ORD000125,P00113,4,22208.15,33.48
ITEM003714,ORD000176,P00336,5,47191.2,25.57
ITEM003715,ORD000354,P00288,2,37957.13,11.23
ITEM003716,ORD001109,P00221,3,4403.7,24.01
ITEM003717,ORD000983,P00391,4,38427.77,22.71
ITEM003718,ORD001065,P00261,4,69880.2,1.97
ITEM003719,ORD000170,P00519,1,17860.48,31.75
ITEM003720,ORD000403,P00308,5,15885.78,33.54
ITEM003721,ORD000684,P00225,4,34933.88,14.99
ITEM003722,ORD001805,P00540,4,53955.89,29.87
ITEM003723,ORD000214,P00355,3,16960.81,16.67
ITEM003724,ORD000033,P00354,2,39623.93,35.7
ITEM003725,ORD000084,P00448,4,78682.34,37.26
ITEM003726,ORD001689,P00413,2,67470.65,1.92
ITEM003727,ORD000682,P00212,4,77103.77,34.1
ITEM003728,ORD000613,P00588,1,28142.23,27.63
ITEM003729,ORD001456,P00544,3,18844.18,29.56
ITEM003730,ORD001896,P00158,5,18888.0,1.7
ITEM003731,ORD000176,P00366,3,54179.43,33.99
ITEM003732,ORD001330,P00223,5,46212.44,0.78
ITEM003733,ORD001019,P00465,3,39761.93,21.96
ITEM003734,ORD000183,P00163,4,19854.74,10.39
ITEM003735,ORD001931,P00380,4,47075.92,20.48
ITEM003736,ORD000591,P00405,1,26090.56,24.38
ITEM003737,ORD001705,P00023,4,59792.98,3.29
ITEM003738,ORD001601,P00577,5,12632.33,24.29
ITEM003739,ORD000133,P00468,4,55033.7,2.74
ITEM003740,ORD001173,P00284,-3,46348.32,12.27
ITEM003741,ORD001599,P00170,3,23417.33,4.01
ITEM003742,ORD001880,P00283,5,57996.0,20.8
ITEM003743,ORD001379,P00251,5,46443.06,13.45
ITEM003744,ORD001169,P00488,3,55912.54,17.37
ITEM003745,ORD000777,P00327,5,37907.47,19.26
ITEM003746,ORD000741,P00334,3,4575.4,10.53
ITEM003747,ORD001626,P00216,3,5974.96,30.63
ITEM003748,ORD001100,P00483,4,50066.51,34.39
ITEM003749,ORD001640,P00578,2,83727.51,29.04
ITEM003750,ORD001700,P00597,3,79896.56,34.34
ITEM003751,ORD000111,P00499,4,80868.75,27.76
ITEM003752,ORD000612,P00116,3,33863.18,23.75
ITEM003753,ORD000956,P00128,1,67479.76,4.39
ITEM003754,ORD001946,P00342,-3,24772.19,34.35
ITEM003755,ORD001570,P00295,5,74389.22,9.62
ITEM003756,ORD000147,P00269,5,46419.64,6.92
ITEM003757,ORD001931,P00375,4,16013.59,13.47
ITEM003758,ORD000522,P00107,2,52332.19,25.93
ITEM003759,ORD001498,P00500,3,4482.15,21.36
ITEM003760,ORD001794,P00384,4,20077.7,26.61
ITEM003761,ORD000311,P00244,2,22180.73,38.67
ITEM003762,ORD000716,P00566,1,78745.57,26.97
ITEM003763,ORD001193,P00353,4,34927.71,12.06
ITEM003764,ORD001000,P00371,5,833.27,16.35
ITEM003765,ORD000091,P00160,5,57614.68,10.5
ITEM003766,ORD001312,P00121,2,29572.34,9.53
ITEM003767,ORD001519,P00310,4,42267.2,0.73
ITEM003768,ORD000209,P00258,4,51346.22,39.88
ITEM003769,ORD000911,P00099,3,35834.58,19.71
ITEM003770,ORD001209,P00501,2,88844.38,4.98
ITEM003771,ORD000716,P00328,5,63792.09,1.67
ITEM003772,ORD001460,P00222,4,55030.78,14.91
ITEM003773,ORD001570,P00413,1,55292.8,1.02
ITEM003774,ORD001247,P00398,1,4911.28,18.4
ITEM003775,ORD001262,P00032,1,27094.42,17.53
ITEM003776,ORD000073,P00393,4,30178.23,25.85
ITEM003777,ORD001177,P00035,4,59067.73,28.03
ITEM003778,ORD000365,P00542,3,37380.99,3.91
ITEM003779,ORD001852,P00160,1,57021.26,14.61
ITEM003780,ORD001660,P00243,5,30233.74,36.93
ITEM003781,ORD000869,P00456,4,60638.98,14.12
ITEM003782,ORD000406,P00439,4,45575.0,14.72
ITEM003783,ORD001380,P00365,5,67803.47,1.82
ITEM003784,ORD000119,P00466,2,50867.63,21.53
ITEM003785,ORD000554,P00088,2,39112.3,13.82
ITEM003786,ORD000219,P00199,5,49418.7,10.88
ITEM003787,ORD000097,P00480,3,49861.91,25.41
ITEM003788,ORD001998,P00233,4,695.03,26.89
ITEM003789,ORD000461,P00322,4,46939.65,29.09
ITEM003790,ORD000848,P00453,1,20757.17,10.72
ITEM003791,ORD001973,P00023,2,56642.39,34.17
ITEM003792,ORD001826,P00012,1,63567.18,26.94
ITEM003793,ORD000468,P00373,4,30871.48,22.43
ITEM003794,ORD000315,P00400,1,27015.23,38.97
ITEM003795,ORD000702,P00186,4,44180.18,29.18
ITEM003796,ORD001659,P00271,1,36079.03,20.26
ITEM003797,ORD001564,P00536,4,1504.82,23.33
ITEM003798,ORD000182,P00130,2,76595.11,31.87
ITEM003799,ORD000341,P00078,3,32633.92,6.66
ITEM003800,ORD001776,P00163,4,18725.09,4.33
ITEM003801,ORD001002,P00560,5,61375.27,5.87
ITEM003802,ORD000683,P00314,4,48033.85,30.35
ITEM003803,ORD000925,P00271,3,41050.97,14.89
ITEM003804,ORD000440,P00186,3,55151.4,12.68
ITEM003805,ORD000587,P00079,1,35712.58,31.89
ITEM003806,ORD001409,P00546,3,34671.41,15.28
ITEM003807,ORD000922,P00193,5,28798.14,27.49
ITEM003808,ORD000296,P00060,2,29272.67,25.92
ITEM003809,ORD001106,P00103,5,13896.86,33.5
ITEM003810,ORD001480,P00440,5,41805.43,3.99
ITEM003811,ORD001595,P00287,4,21316.86,10.41
ITEM003812,ORD001374,P00138,2,24031.34,2.98
ITEM003813,ORD001356,P00535,2,33731.4,12.95
ITEM003814,ORD001997,P00062,1,20806.56,17.72
ITEM003815,ORD001110,P00213,4,16800.59,0.06
ITEM003816,ORD000987,P00405,3,26386.77,19.32
ITEM003817,ORD001500,P00587,1,1963.34,26.46
ITEM003818,ORD000990,P00446,1,26084.17,9.49
ITEM003819,ORD000953,P00387,2,9803.98,14.93
ITEM003820,ORD000990,P00432,4,18434.9,2.63
ITEM003821,ORD000853,P00190,1,70159.64,1.67
ITEM003822,ORD001118,P00537,5,26407.09,1.97
ITEM003823,ORD000614,P00106,-5,19914.18,22.97
ITEM003824,ORD000092,P00232,2,30585.1,11.89
ITEM003825,ORD000673,P00411,3,60936.36,18.69
ITEM003826,ORD000224,P00086,4,10624.27,28.72
ITEM003827,ORD001403,P00237,5,54779.95,15.48
ITEM003828,ORD001868,P00257,5,51671.78,22.58
ITEM003829,ORD001454,P00499,1,57837.21,5.23
ITEM003830,ORD001668,P00118,5,53820.99,2.12
ITEM003831,ORD001132,P00071,3,17899.81,3.99
ITEM003832,ORD000814,P00558,2,40249.14,18.58
ITEM003833,ORD000023,P00474,3,9171.21,38.43
ITEM003834,ORD001889,P00253,1,12590.41,25.5
ITEM003835,ORD000816,P00142,3,71187.81,16.06
ITEM003836,ORD000008,P00144,2,31437.28,22.86
ITEM003837,ORD001904,P00026,5,8866.44,18.22
ITEM003838,ORD001624,P00283,5,43420.1,34.59
ITEM003839,ORD001901,P00238,2,39278.42,14.72
ITEM003840,ORD000473,P00516,3,26406.33,33.57
ITEM003841,ORD001309,P00085,1,20111.6,17.95
ITEM003842,ORD001814,P00335,1,47872.88,13.52
ITEM003843,ORD000520,P00387,5,7587.0,27.61
ITEM003844,ORD000707,P00126,-1,2926.76,29.38
ITEM003845,ORD000624,P00049,1,34847.11,21.72
ITEM003846,ORD000388,P00089,5,57631.1,20.53
ITEM003847,ORD001301,P00597,4,73016.68,0.48
ITEM003848,ORD000452,P00348,5,61931.28,19.71
ITEM003849,ORD001010,P00084,-4,13393.91,7.69
ITEM003850,ORD000708,P00421,5,26734.82,2.28
ITEM003851,ORD001174,P00311,1,25286.15,36.4
ITEM003852,ORD001431,P00392,1,3183.47,38.53
ITEM003853,ORD000519,P00554,2,19124.89,25.25
ITEM003854,ORD001210,P00329,2,15218.32,15.41
ITEM003855,ORD000531,P00119,5,31360.64,33.31
ITEM003856,ORD000937,P00476,4,82338.55,0.38
ITEM003857,ORD000574,P00230,3,39451.04,38.17
ITEM003858,ORD001727,P00466,2,72056.73,25.56
ITEM003859,ORD000968,P00243,1,23224.14,7.08
ITEM003860,ORD001189,P00431,4,3054.16,30.2
ITEM003861,ORD001024,P00271,3,35548.67,0.01
ITEM003862,ORD001112,P00288,5,54335.25,23.47
ITEM003863,ORD001436,P00450,2,70348.41,21.66
ITEM003864,ORD000706,P00397,1,26518.88,33.81
ITEM003865,ORD000333,P00496,1,66506.82,31.18
ITEM003866,ORD001196,P00369,5,365.68,11.96
ITEM003867,ORD000978,P00424,1,12134.4,2.05
ITEM003868,ORD001953,P00590,4,42260.77,35.24
ITEM003869,ORD000742,P00297,3,38112.24,18.45
ITEM003870,ORD001049,P00579,4,50480.48,15.5
ITEM003871,ORD001181,P00216,3,6921.63,10.73
ITEM003872,ORD001394,P00026,2,8369.03,24.35
ITEM003873,ORD000529,P00390,5,19111.66,29.67
ITEM003874,ORD000024,P00445,4,10638.76,29.16
ITEM003875,ORD000373,P00418,1,725.18,5.29
ITEM003876,ORD000840,P00562,4,53255.25,30.7
ITEM003877,ORD000907,P00452,4,31935.85,14.98
ITEM003878,ORD000084,P00211,5,68014.5,33.02
ITEM003879,ORD000296,P00386,2,41438.42,23.57
ITEM003880,ORD001801,P00455,1,10813.9,3.42
ITEM003881,ORD001939,P00449,2,35314.37,4.93
ITEM003882,ORD001135,P00430,2,17314.74,31.72
ITEM003883,ORD000834,P00553,2,38048.27,6.56
ITEM003884,ORD000395,P00248,1,53035.91,8.63
ITEM003885,ORD001208,P00236,-3,55765.83,0.9
ITEM003886,ORD000822,P00029,4,55434.82,38.97
ITEM003887,ORD001450,P00233,1,692.79,13.75
ITEM003888,ORD000268,P00196,3,9305.34,35.2
ITEM003889,ORD000662,P00144,5,35028.69,5.46
ITEM003890,ORD000704,P00249,4,54249.12,1.94
ITEM003891,ORD001609,P00392,3,3055.97,35.43
ITEM003892,ORD001139,P00345,3,19192.16,31.19
ITEM003893,ORD000698,P00252,1,36101.06,23.15
ITEM003894,ORD001544,P00533,1,16030.88,14.48
ITEM003895,ORD001973,P00319,2,71644.32,0.26
ITEM003896,ORD000508,P00455,4,11248.35,12.11
ITEM003897,ORD000271,P00374,3,76415.05,19.19
ITEM003898,ORD001761,P00435,5,65886.18,38.42
ITEM003899,ORD001115,P00407,1,78581.82,1.68
ITEM003900,ORD001479,P00134,2,43758.3,35.51
ITEM003901,ORD001879,P00493,1,17290.97,3.72
ITEM003902,ORD001985,P00334,5,3929.94,16.59
ITEM003903,ORD000428,P00591,2,59623.39,18.88
ITEM003904,ORD001075,P00496,2,81757.1,20.78
ITEM003905,ORD000416,P00079,3,40503.39,32.22
ITEM003906,ORD001163,P00371,4,871.19,32.7
ITEM003907,ORD000971,P00592,4,22522.33,4.59
ITEM003908,ORD000018,P00241,2,65804.57,21.68
ITEM003909,ORD001038,P00007,4,26685.32,12.97
ITEM003910,ORD001437,P00043,2,31633.38,12.49
ITEM003911,ORD001403,P00082,2,81787.59,5.89
ITEM003912,ORD000327,P00004,1,55499.12,19.56
ITEM003913,ORD000610,P00376,3,55069.42,11.02
ITEM003914,ORD001021,P00141,1,46347.19,35.52
ITEM003915,ORD000832,P00426,2,36037.93,12.78
ITEM003916,ORD001515,P00019,1,48730.87,16.23
ITEM003917,ORD001394,P00585,4,3706.86,6.83
ITEM003918,ORD000105,P00236,4,49002.88,21.38
ITEM003919,ORD001571,P00350,3,9672.29,37.28
ITEM003920,ORD001649,P00194,2,15810.06,38.7
ITEM003921,ORD001040,P00506,2,73377.65,27.55
ITEM003922,ORD000443,P00408,5,61914.69,0.42
ITEM003923,ORD000101,P00091,3,32414.05,39.11
ITEM003924,ORD000315,P00235,2,8448.05,3.02
ITEM003925,ORD001519,P00545,3,2030.95,3.99
ITEM003926,ORD001299,P00472,1,12637.61,1.77
ITEM003927,ORD000219,P00580,4,58678.04,39.25
ITEM003928,ORD001998,P00495,2,38446.37,5.17
ITEM003929,ORD000151,P00586,2,34109.87,33.94
ITEM003930,ORD000317,P00563,3,34258.9,9.07
ITEM003931,ORD000306,P00579,4,70696.84,33.25
ITEM003932,ORD001179,P00203,4,63189.12,20.22
ITEM003933,ORD001216,P00106,3,21392.45,37.52
ITEM003934,ORD001861,P00381,3,18847.0,3.09
ITEM003935,ORD001726,P00217,5,28071.71,3.33
ITEM003936,ORD001232,P00169,1,54459.03,18.67
ITEM003937,ORD001701,P00471,3,47940.86,4.43
ITEM003938,ORD001622,P00318,2,60299.56,32.43
ITEM003939,ORD001694,P00244,5,20872.07,15.42
ITEM003940,ORD000709,P00082,5,81353.61,9.51
ITEM003941,ORD000144,P00183,3,7393.2,38.1
ITEM003942,ORD001983,P00482,4,60223.51,36.96
ITEM003943,ORD000890,P00473,4,52281.14,30.06
ITEM003944,ORD000609,P00196,3,8193.31,35.33
ITEM003945,ORD001762,P00312,5,34854.3,20.76
ITEM003946,ORD000338,P00386,3,41028.75,13.5
ITEM003947,ORD000832,P00315,2,13322.79,34.66
ITEM003948,ORD001327,P00045,2,16545.21,22.85
ITEM003949,ORD001563,P00232,3,39033.04,25.89
ITEM003950,ORD001313,P00304,-2,14180.74,23.25
ITEM003951,ORD000858,P00052,1,29451.11,22.7
ITEM003952,ORD000020,P00068,4,46962.9,19.32
ITEM003953,ORD000979,P00426,2,27396.89,6.71
ITEM003954,ORD000783,P00142,2,54642.38,23.76
ITEM003955,ORD001890,P00034,2,32160.07,23.98
ITEM003956,ORD000109,P00087,3,73535.71,25.18
ITEM003957,ORD000121,P00103,3,13367.68,9.67
ITEM003958,ORD001934,P00117,4,46536.02,7.29
ITEM003959,ORD000637,P00068,3,42667.55,34.65
ITEM003960,ORD000863,P00586,1,51665.76,25.37
ITEM003961,ORD001069,P00273,-2,24953.84,31.89
ITEM003962,ORD000446,P00338,5,1075.46,29.48
ITEM003963,ORD000919,P00314,2,32598.64,21.55
ITEM003964,ORD000497,P00331,5,64368.25,16.62
ITEM003965,ORD001421,P00493,4,16558.93,3.3
ITEM003966,ORD000723,P00256,5,41703.44,6.75
ITEM003967,ORD000884,P00168,3,45126.26,31.17
ITEM003968,ORD000825,P00333,1,34635.34,8.11
ITEM003969,ORD001240,P00577,1,10802.56,28.13
ITEM003970,ORD001303,P00057,4,63292.75,18.13
ITEM003971,ORD000139,P00320,3,9439.33,20.13
ITEM003972,ORD000511,P00333,3,39293.8,37.53
ITEM003973,ORD001464,P00291,2,1087.55,5.0
ITEM003974,ORD001269,P00505,5,5630.14,28.21
ITEM003975,ORD000126,P00444,4,58528.71,32.46
ITEM003976,ORD000549,P00585,2,4456.87,12.23
ITEM003977,ORD000474,P00589,4,25167.44,11.09
ITEM003978,ORD001749,P00218,5,7185.27,31.65
ITEM003979,ORD001411,P00356,2,71151.56,22.32
ITEM003980,ORD000456,P00343,4,32093.73,33.09
ITEM003981,ORD001692,P00524,1,55867.73,9.85
ITEM003982,ORD001914,P00493,2,12923.61,9.94
ITEM003983,ORD001840,P00214,1,53641.69,9.2
ITEM003984,ORD000636,P00104,2,2089.5,30.33
ITEM003985,ORD001912,P00260,1,16886.44,21.55
ITEM003986,ORD000391,P00470,2,40148.07,9.21
ITEM003987,ORD000092,P00332,1,8124.08,5.02
ITEM003988,ORD001683,P00136,3,50262.12,1.13
ITEM003989,ORD001452,P00092,-3,17342.93,12.97
ITEM003990,ORD001760,P00511,1,76844.01,38.24
ITEM003991,ORD000547,P00054,3,6980.19,35.81
ITEM003992,ORD001675,P00307,3,27449.33,2.85
ITEM003993,ORD001216,P00161,3,11218.53,34.23
ITEM003994,ORD000270,P00329,2,17501.49,32.51
ITEM003995,ORD001928,P00498,5,33830.35,3.65
ITEM003996,ORD000511,P00354,1,35280.32,29.72
ITEM003997,ORD001494,P00318,5,81640.13,37.26
ITEM003998,ORD001995,P00071,5,19196.43,18.82
ITEM003999,ORD000683,P00510,3,3547.68,37.98
ITEM004000,ORD001832,P00402,4,65082.34,6.95
