order_id,customer_id,order_date,status,region_code
ORD000001,CUST00917,2025-09-29 03:19:05,DELIVERED,WEST
ORD000002,CUST00190,2026-01-15 13:53:16,DELIVERED,WEST
ORD000003,CUST00046,2025-09-27 16:00:37,DELIVERED,SOUTH
ORD000004,,2025-10-03 20:32:36,PLACED,NORTH
ORD000005,CUST00088,2025-12-19 19:42:48,DELIVERED,CENTRAL
ORD000006,CUST00233,2026-07-21 02:13:13,CANCELLED,CENTRAL
ORD000007,CUST00429,2026-07-03 17:17:16,DELIVERED,SOUTH
ORD000008,CUST00488,2025-11-03 02:52:28,DELIVERED,NORTH
ORD000009,CUST00515,2026-06-14 20:48:25,DELIVERED,CENTRAL
ORD000010,CUST00151,2025-05-04 16:20:56,SHIPPED,SOUTH
ORD000011,CUST00996,2025-08-05 07:01:00,PLACED,WEST
ORD000012,CUST00081,2026-03-22 07:21:05,RETURNED,SOUTH
ORD000013,CUST00855,2025-09-22 11:38:30,RETURNED,NORTH
ORD000014,CUST00090,2026-02-02 20:15:23,DELIVERED,EAST
ORD000015,CUST00878,10-10-2025,DELIVERED,NORTH
ORD000016,CUST00806,2026-06-20 15:16:37,PLACED,SOUTH
ORD000017,CUST00152,2025-04-13 03:50:45,DELIVERED,NORTH
ORD000018,CUST00805,2025-10-20 19:30:06,CANCELLED,WEST
ORD000019,CUST00271,2026-01-28 23:50:24,DELIVERED,CENTRAL
ORD000020,CUST00485,2025-02-08 06:16:10,SHIPPED,SOUTH
ORD000021,CUST00634,2026-02-16 01:24:43,DELIVERED,EAST
ORD000022,CUST00708,2025-09-01 01:47:40,DELIVERED,EAST
ORD000023,CUST00919,2026-01-17 00:44:11,SHIPPED,EAST
ORD000024,,2025-10-15 17:53:57,CANCELLED,NORTH
ORD000025,CUST00996,2025-08-22 04:53:34,SHIPPED,WEST
ORD000026,,2025-11-25 09:48:33,DELIVERED,CENTRAL
ORD000027,CUST00662,2025-04-02 06:50:33,DELIVERED,WEST
ORD000028,CUST00759,2026-05-12 18:48:18,CANCELLED,NORTH
ORD000029,CUST00528,2025-06-12 02:23:20,SHIPPED,CENTRAL
ORD000030,CUST00414,2025-05-19 19:05:19,CANCELLED,NORTH
ORD000031,CUST00178,2025-07-17 07:18:29,CANCELLED,SOUTH
ORD000032,CUST00034,2026-04-13 01:50:26,RETURNED,SOUTH
ORD000033,CUST00281,2026-01-13 16:54:06,DELIVERED,NORTH
ORD000034,CUST00698,2025-02-01 08:48:31,DELIVERED,CENTRAL
ORD000035,CUST00457,2025-07-01 17:16:44,DELIVERED,EAST
ORD000036,CUST00353,17-06-2025,DELIVERED,NORTH
ORD000037,CUST00292,2025-01-29 14:04:27,PLACED,CENTRAL
ORD000038,CUST00799,2025-08-08 08:03:32,DELIVERED,SOUTH
ORD000039,CUST00276,2026-02-24 18:41:16,PLACED,NORTH
ORD000040,CUST00486,2025-05-16 23:34:12,SHIPPED,NORTH
ORD000041,CUST00230,2025-09-16 22:08:56,CANCELLED,EAST
ORD000042,CUST00730,2025-10-09 15:25:49,CANCELLED,EAST
ORD000043,CUST00471,2025-09-16 07:56:41,DELIVERED,CENTRAL
ORD000044,CUST00845,2026-02-11 21:16:49,PLACED,CENTRAL
ORD000045,CUST00679,2026-01-19 20:26:31,DELIVERED,CENTRAL
ORD000046,CUST00290,2025-11-02 03:56:09,DELIVERED,EAST
ORD000047,CUST00284,2025-11-29 10:04:51,SHIPPED,EAST
ORD000048,CUST00193,2025-06-03 18:50:02,DELIVERED,NORTH
ORD000049,CUST00825,18-02-2026,DELIVERED,NORTH
ORD000050,CUST00672,2026-05-25 10:45:45,SHIPPED,WEST
ORD000051,CUST00415,2026-02-02 01:17:09,DELIVERED,CENTRAL
ORD000052,CUST00836,2025-07-14 12:29:39,DELIVERED,SOUTH
ORD000053,CUST00703,2026-07-02 23:14:25,DELIVERED,EAST
ORD000054,CUST00520,2025-11-04 06:11:20,CANCELLED,CENTRAL
ORD000055,CUST00186,2025-10-28 03:33:13,DELIVERED,EAST
ORD000056,,2026-07-27 06:39:55,RETURNED,EAST
ORD000057,CUST00671,2025-04-02 08:05:31,DELIVERED,EAST
ORD000058,CUST00431,2025-12-06 13:31:57,SHIPPED,EAST
ORD000059,CUST00475,2025-05-01 17:07:54,PLACED,CENTRAL
ORD000060,CUST00595,2025-03-14 17:11:34,CANCELLED,CENTRAL
ORD000061,CUST00123,2026-01-26 19:17:26,SHIPPED,NORTH
ORD000062,CUST00892,2025-06-04 05:00:04,RETURNED,EAST
ORD000063,CUST00420,2026-04-14 05:12:52,SHIPPED,SOUTH
ORD000064,CUST00798,2025-03-24 17:45:08,SHIPPED,SOUTH
ORD000065,CUST00321,2025-03-01 00:10:17,DELIVERED,SOUTH
ORD000066,CUST00780,2025-06-22 20:58:54,DELIVERED,WEST
ORD000067,CUST00805,2025-04-01 04:42:41,DELIVERED,WEST
ORD000068,CUST00414,2026-03-16 17:22:53,DELIVERED,NORTH
ORD000069,CUST00547,2025-07-24 13:35:03,RETURNED,EAST
ORD000070,CUST00776,2026-06-28 06:56:19,PLACED,NORTH
ORD000071,CUST00642,2025-09-12 08:14:17,DELIVERED,EAST
ORD000072,,2025-05-13 03:44:22,DELIVERED,CENTRAL
ORD000073,CUST00314,21-06-2025,CANCELLED,EAST
ORD000074,CUST00972,2025-10-25 16:35:59,DELIVERED,CENTRAL
ORD000075,CUST00537,12-12-2025,CANCELLED,SOUTH
ORD000076,CUST00351,2026-05-17 13:04:47,DELIVERED,SOUTH
ORD000077,CUST00971,2026-02-18 00:41:46,SHIPPED,SOUTH
ORD000078,CUST00217,2025-01-23 21:28:12,DELIVERED,NORTH
ORD000079,CUST00376,08-02-2025,CANCELLED,EAST
ORD000080,CUST00790,2026-07-02 22:41:15,PLACED,NORTH
ORD000081,CUST00678,2025-04-21 23:47:44,CANCELLED,NORTH
ORD000082,CUST00707,29-04-2025,DELIVERED,NORTH
ORD000083,CUST00561,2025-09-16 17:16:20,DELIVERED,SOUTH
ORD000084,CUST00712,10-01-2025,DELIVERED,NORTH
ORD000085,CUST00679,2026-06-17 09:49:46,DELIVERED,SOUTH
ORD000086,CUST00429,2025-04-18 18:37:34,DELIVERED,NORTH
ORD000087,CUST00290,2025-04-27 03:52:08,DELIVERED,CENTRAL
ORD000088,CUST00205,2025-09-27 19:02:49,RETURNED,EAST
ORD000089,CUST00721,2026-02-24 10:45:12,SHIPPED,CENTRAL
ORD000090,CUST00509,2025-08-01 17:30:01,SHIPPED,NORTH
ORD000091,,2025-04-02 04:01:14,CANCELLED,WEST
ORD000092,CUST00153,2025-04-03 18:37:50,PLACED,NORTH
ORD000093,CUST00927,2025-09-20 23:27:34,SHIPPED,EAST
ORD000094,CUST00271,2026-04-21 01:49:24,PLACED,SOUTH
ORD000095,CUST00896,2025-02-10 10:34:45,DELIVERED,EAST
ORD000096,CUST00437,2025-04-29 03:27:31,CANCELLED,NORTH
ORD000097,CUST00010,2025-05-22 23:33:49,SHIPPED,EAST
ORD000098,CUST00916,2026-03-25 22:38:21,SHIPPED,NORTH
ORD000099,CUST00382,2025-12-17 06:39:29,PLACED,WEST
ORD000100,CUST00986,13-04-2026,CANCELLED,WEST
ORD000101,CUST00820,2026-03-08 23:37:25,CANCELLED,SOUTH
ORD000102,CUST00116,2025-05-16 02:08:06,RETURNED,SOUTH
ORD000103,CUST00107,03-03-2026,DELIVERED,CENTRAL
ORD000104,CUST00695,2026-03-25 06:35:58,DELIVERED,EAST
ORD000105,CUST00627,2025-01-30 04:45:25,DELIVERED,WEST
ORD000106,CUST00116,2026-02-26 16:02:41,PLACED,EAST
ORD000107,CUST00671,2025-11-18 00:27:00,DELIVERED,CENTRAL
ORD000108,CUST00786,2025-08-18 12:19:01,DELIVERED,CENTRAL
ORD000109,CUST00098,2026-03-20 09:03:01,DELIVERED,WEST
ORD000110,CUST00153,2026-07-26 22:18:55,PLACED,SOUTH
ORD000111,CUST00518,2026-04-26 18:03:10,CANCELLED,NORTH
ORD000112,,2026-05-19 11:40:26,SHIPPED,EAST
ORD000113,CUST00052,2026-06-04 08:06:30,DELIVERED,WEST
ORD000114,CUST00413,2025-08-29 02:52:12,DELIVERED,CENTRAL
ORD000115,CUST00459,2025-04-01 18:08:53,DELIVERED,NORTH
ORD000116,CUST00510,2025-01-19 03:44:13,DELIVERED,NORTH
ORD000117,CUST00571,2026-07-17 00:00:22,CANCELLED,CENTRAL
ORD000118,CUST00987,2025-11-08 18:30:28,DELIVERED,WEST
ORD000119,CUST00974,2025-12-16 13:13:44,CANCELLED,SOUTH
ORD000120,CUST00865,2026-04-11 12:05:12,DELIVERED,CENTRAL
ORD000121,CUST00615,2026-04-30 23:55:36,DELIVERED,WEST
ORD000122,CUST00117,2025-04-10 23:59:24,SHIPPED,EAST
ORD000123,CUST00364,2025-10-26 19:56:26,DELIVERED,NORTH
ORD000124,CUST00047,2025-06-18 17:55:42,PLACED,WEST
ORD000125,CUST00110,2025-09-18 22:14:25,SHIPPED,NORTH
ORD000126,CUST00953,2026-02-07 07:50:57,DELIVERED,SOUTH
ORD000127,CUST00734,2025-12-13 03:55:25,DELIVERED,NORTH
ORD000128,CUST00949,2025-05-07 16:24:08,DELIVERED,CENTRAL
ORD000129,CUST00980,2026-06-01 04:54:07,RETURNED,NORTH
ORD000130,CUST00544,2025-02-19 20:08:32,RETURNED,CENTRAL
ORD000131,CUST00495,2026-06-05 06:27:06,DELIVERED,SOUTH
ORD000132,CUST00749,2025-05-12 03:46:13,DELIVERED,CENTRAL
ORD000133,CUST00621,2025-11-26 18:21:14,CANCELLED,WEST
ORD000134,CUST00624,2025-09-12 09:57:40,DELIVERED,EAST
ORD000135,CUST00994,2025-10-29 16:29:15,CANCELLED,SOUTH
ORD000136,CUST00423,2026-06-09 10:52:59,CANCELLED,CENTRAL
ORD000137,CUST00882,2025-11-18 20:09:19,DELIVERED,SOUTH
ORD000138,CUST00215,2025-10-25 12:34:18,RETURNED,SOUTH
ORD000139,CUST00728,2025-07-02 18:20:46,DELIVERED,EAST
ORD000140,CUST00728,2025-04-29 12:49:28,DELIVERED,CENTRAL
ORD000141,CUST00585,2026-03-04 19:26:19,SHIPPED,WEST
ORD000142,CUST00828,2025-01-14 19:01:55,PLACED,WEST
ORD000143,CUST00149,2025-02-24 02:03:39,SHIPPED,SOUTH
ORD000144,CUST00294,2025-09-14 05:19:52,CANCELLED,EAST
ORD000145,CUST00209,2026-07-09 01:10:34,DELIVERED,WEST
ORD000146,CUST00105,2026-07-30 08:10:00,DELIVERED,CENTRAL
ORD000147,CUST00399,2025-09-01 18:36:07,DELIVERED,EAST
ORD000148,CUST00710,2025-02-18 13:53:34,DELIVERED,EAST
ORD000149,CUST00990,2026-07-20 01:57:31,PLACED,EAST
ORD000150,CUST00208,2026-03-30 08:12:43,RETURNED,EAST
ORD000151,CUST00774,2026-07-14 21:58:07,SHIPPED,SOUTH
ORD000152,CUST00302,2026-04-05 06:27:35,RETURNED,NORTH
ORD000153,CUST00192,2025-06-27 18:42:30,PLACED,NORTH
ORD000154,CUST00439,2025-10-13 20:15:54,SHIPPED,SOUTH
ORD000155,CUST00599,2025-09-19 00:12:19,SHIPPED,SOUTH
ORD000156,CUST00041,2025-06-07 11:44:47,DELIVERED,CENTRAL
ORD000157,CUST00864,05-11-2025,DELIVERED,CENTRAL
ORD000158,CUST00367,2025-03-16 11:34:22,DELIVERED,SOUTH
ORD000159,,2025-03-11 18:23:29,SHIPPED,CENTRAL
ORD000160,CUST00550,2026-02-18 03:20:51,SHIPPED,SOUTH
ORD000161,CUST00680,2025-12-06 12:03:13,DELIVERED,SOUTH
ORD000162,CUST00974,2026-06-28 17:17:20,RETURNED,NORTH
ORD000163,CUST00118,2025-12-21 16:13:34,SHIPPED,CENTRAL
ORD000164,CUST00941,07-09-2025,DELIVERED,EAST
ORD000165,CUST00391,2025-04-27 14:02:57,SHIPPED,EAST
ORD000166,CUST00026,2026-06-14 13:39:06,DELIVERED,CENTRAL
ORD000167,CUST00457,2026-05-14 01:35:47,SHIPPED,SOUTH
ORD000168,CUST00329,2026-06-11 02:59:53,RETURNED,SOUTH
ORD000169,CUST00995,2026-07-05 19:24:48,PLACED,NORTH
ORD000170,,2025-08-07 15:26:41,CANCELLED,SOUTH
ORD000171,CUST00551,2026-03-22 23:32:26,CANCELLED,NORTH
ORD000172,CUST00765,2025-06-07 00:51:53,DELIVERED,EAST
ORD000173,CUST00039,31-03-2025,PLACED,EAST
ORD000174,CUST00572,2025-03-14 20:56:01,CANCELLED,EAST
ORD000175,CUST00418,2026-02-02 16:25:29,DELIVERED,WEST
ORD000176,CUST00324,2025-01-18 14:10:52,DELIVERED,CENTRAL
ORD000177,CUST00007,2025-03-06 21:19:16,PLACED,NORTH
ORD000178,CUST00367,2026-05-30 03:51:51,SHIPPED,EAST
ORD000179,CUST00622,2025-03-30 10:14:59,DELIVERED,WEST
ORD000180,CUST00391,2026-02-09 01:07:19,DELIVERED,CENTRAL
ORD000181,CUST00226,2025-05-20 14:14:08,DELIVERED,CENTRAL
ORD000182,CUST00303,2025-05-28 10:51:06,DELIVERED,EAST
ORD000183,CUST00981,2025-01-12 20:09:11,CANCELLED,SOUTH
ORD000184,CUST00127,2025-02-12 00:10:59,DELIVERED,WEST
ORD000185,CUST00551,2026-07-15 03:05:57,SHIPPED,EAST
ORD000186,CUST00217,2026-02-27 23:31:03,CANCELLED,SOUTH
ORD000187,CUST00165,2025-07-08 08:02:19,DELIVERED,EAST
ORD000188,CUST00199,2025-04-28 06:36:10,DELIVERED,CENTRAL
ORD000189,CUST00873,2025-02-25 19:58:59,DELIVERED,CENTRAL
ORD000190,CUST00075,2025-10-25 02:27:09,SHIPPED,SOUTH
ORD000191,,2026-05-14 12:02:45,DELIVERED,SOUTH
ORD000192,CUST00103,2025-10-19 22:33:21,PLACED,SOUTH
ORD000193,CUST00326,2026-05-13 16:24:27,SHIPPED,EAST
ORD000194,CUST00711,06-06-2025,DELIVERED,EAST
ORD000195,CUST00982,2026-03-15 06:08:23,PLACED,SOUTH
ORD000196,CUST00805,2025-08-15 23:19:55,DELIVERED,EAST
ORD000197,CUST00138,2025-12-06 17:28:28,DELIVERED,EAST
ORD000198,CUST00794,2025-11-09 17:43:48,DELIVERED,SOUTH
ORD000199,CUST00662,2025-03-25 10:13:00,CANCELLED,SOUTH
ORD000200,CUST00913,2026-07-06 07:09:06,SHIPPED,NORTH
ORD000201,CUST00745,2025-03-19 00:40:41,CANCELLED,NORTH
ORD000202,CUST00833,2026-02-19 21:28:57,SHIPPED,NORTH
ORD000203,CUST00565,2025-09-24 19:47:13,CANCELLED,CENTRAL
ORD000204,CUST00484,2025-06-02 13:19:08,DELIVERED,CENTRAL
ORD000205,CUST00751,2025-10-25 04:52:28,DELIVERED,CENTRAL
ORD000206,CUST00093,2026-02-11 13:14:52,DELIVERED,SOUTH
ORD000207,CUST00869,2025-06-19 18:43:08,PLACED,SOUTH
ORD000208,,2025-05-30 17:36:13,RETURNED,NORTH
ORD000209,CUST00225,2026-05-15 08:26:15,PLACED,EAST
ORD000210,CUST00240,2025-02-13 07:31:42,DELIVERED,EAST
ORD000211,CUST00398,2026-04-26 16:33:11,CANCELLED,NORTH
ORD000212,CUST00665,2025-11-28 03:45:29,DELIVERED,CENTRAL
ORD000213,CUST00649,2025-10-08 09:35:13,DELIVERED,CENTRAL
ORD000214,CUST00179,2026-01-21 23:47:58,DELIVERED,CENTRAL
ORD000215,CUST00670,2025-03-21 18:48:40,SHIPPED,SOUTH
ORD000216,CUST00529,2026-02-20 12:50:55,CANCELLED,EAST
ORD000217,CUST00499,2026-05-09 21:59:55,PLACED,SOUTH
ORD000218,,2025-06-19 08:22:25,PLACED,EAST
ORD000219,CUST00217,2025-06-03 06:48:18,SHIPPED,CENTRAL
ORD000220,CUST00735,2025-05-02 08:23:11,DELIVERED,EAST
ORD000221,CUST00738,2025-04-27 17:31:53,DELIVERED,WEST
ORD000222,CUST00216,2025-06-15 23:33:57,CANCELLED,NORTH
ORD000223,CUST00250,2025-02-14 04:39:22,DELIVERED,SOUTH
ORD000224,CUST00138,2026-06-09 01:25:36,CANCELLED,SOUTH
ORD000225,CUST00058,2025-06-20 09:24:10,RETURNED,CENTRAL
ORD000226,CUST00982,2026-02-20 21:49:18,RETURNED,NORTH
ORD000227,CUST00900,2025-10-18 03:07:19,SHIPPED,CENTRAL
ORD000228,CUST00483,2026-05-09 06:12:36,SHIPPED,WEST
ORD000229,CUST00616,27-05-2025,CANCELLED,SOUTH
ORD000230,CUST00639,2026-06-08 09:37:51,SHIPPED,EAST
ORD000231,CUST00945,2026-04-10 21:43:08,DELIVERED,SOUTH
ORD000232,CUST00388,2026-01-30 04:48:49,PLACED,SOUTH
ORD000233,CUST00536,2026-06-01 15:17:03,CANCELLED,CENTRAL
ORD000234,CUST00099,2025-07-01 17:19:33,RETURNED,CENTRAL
ORD000235,CUST00040,2026-06-29 18:19:32,DELIVERED,NORTH
ORD000236,CUST00494,2025-05-14 21:58:18,DELIVERED,NORTH
ORD000237,CUST00919,2026-03-18 19:00:25,DELIVERED,NORTH
ORD000238,,2026-06-27 15:37:04,SHIPPED,WEST
ORD000239,CUST00809,2026-01-26 12:45:43,DELIVERED,CENTRAL
ORD000240,CUST00101,2026-03-12 04:52:28,SHIPPED,SOUTH
ORD000241,CUST00932,2025-03-27 10:18:48,DELIVERED,CENTRAL
ORD000242,CUST00419,2025-09-21 06:52:55,PLACED,NORTH
ORD000243,CUST00592,2026-06-20 04:17:24,DELIVERED,WEST
ORD000244,CUST00671,2025-07-30 11:30:05,DELIVERED,NORTH
ORD000245,CUST00159,2026-03-13 23:43:23,DELIVERED,EAST
ORD000246,CUST00876,2026-07-03 15:25:17,DELIVERED,CENTRAL
ORD000247,CUST00283,2026-02-11 07:24:58,DELIVERED,CENTRAL
ORD000248,CUST00495,2025-07-03 13:28:44,DELIVERED,WEST
ORD000249,CUST00260,11-11-2025,SHIPPED,WEST
ORD000250,CUST00754,2025-05-22 04:20:08,DELIVERED,WEST
ORD000251,CUST00802,2025-06-15 03:39:03,SHIPPED,WEST
ORD000252,CUST00805,2025-12-13 20:02:45,DELIVERED,NORTH
ORD000253,CUST00165,2026-02-03 23:09:05,PLACED,NORTH
ORD000254,CUST00844,2025-05-29 17:10:22,RETURNED,WEST
ORD000255,CUST00091,2025-03-07 09:34:43,SHIPPED,NORTH
ORD000256,CUST00624,2025-02-08 13:59:34,RETURNED,WEST
ORD000257,CUST00629,2026-06-18 10:25:48,DELIVERED,CENTRAL
ORD000258,CUST00059,2025-06-29 23:18:44,DELIVERED,NORTH
ORD000259,CUST00207,15-06-2026,SHIPPED,CENTRAL
ORD000260,CUST00523,2026-06-13 08:26:05,DELIVERED,NORTH
ORD000261,CUST00369,2025-09-02 23:50:54,PLACED,SOUTH
ORD000262,CUST00089,2025-10-10 14:32:34,DELIVERED,WEST
ORD000263,CUST00416,2025-07-25 18:51:01,PLACED,NORTH
ORD000264,,2025-04-03 20:00:36,SHIPPED,CENTRAL
ORD000265,CUST00937,2025-12-23 12:39:04,RETURNED,EAST
ORD000266,CUST00232,2025-07-19 16:33:26,RETURNED,CENTRAL
ORD000267,CUST00005,2025-09-25 06:22:22,DELIVERED,NORTH
ORD000268,CUST00573,2025-03-16 18:19:11,SHIPPED,NORTH
ORD000269,CUST00823,2026-06-10 09:22:56,CANCELLED,CENTRAL
ORD000270,CUST00257,2026-03-30 13:43:44,DELIVERED,SOUTH
ORD000271,CUST00776,2025-12-14 16:42:22,DELIVERED,CENTRAL
ORD000272,CUST00883,2025-01-29 17:32:52,PLACED,NORTH
ORD000273,CUST00392,2025-08-14 08:22:17,CANCELLED,WEST
ORD000274,CUST00979,2025-12-28 18:48:19,DELIVERED,EAST
ORD000275,CUST00255,2025-10-22 03:23:10,DELIVERED,EAST
ORD000276,CUST00078,2026-07-22 06:29:54,DELIVERED,EAST
ORD000277,CUST00224,2025-10-03 06:39:17,RETURNED,SOUTH
ORD000278,CUST00511,2025-07-24 08:33:03,DELIVERED,EAST
ORD000279,CUST00212,2025-08-23 07:22:57,CANCELLED,CENTRAL
ORD000280,CUST00365,2025-06-09 03:53:03,PLACED,NORTH
ORD000281,CUST00693,2026-05-20 22:20:55,PLACED,CENTRAL
ORD000282,CUST00981,2025-02-13 17:33:34,DELIVERED,EAST
ORD000283,,2025-10-09 17:52:10,SHIPPED,CENTRAL
ORD000284,CUST00287,2026-02-12 08:05:10,DELIVERED,SOUTH
ORD000285,CUST00056,2026-06-23 15:24:26,DELIVERED,CENTRAL
ORD000286,CUST00034,2026-05-30 12:38:39,DELIVERED,SOUTH
ORD000287,CUST00469,2025-05-04 18:52:02,DELIVERED,NORTH
ORD000288,CUST00013,2025-08-04 13:48:52,DELIVERED,EAST
ORD000289,CUST00371,2025-09-23 06:48:50,DELIVERED,SOUTH
ORD000290,CUST00276,2026-04-28 22:19:18,SHIPPED,SOUTH
ORD000291,CUST00511,2026-03-11 07:39:54,DELIVERED,EAST
ORD000292,CUST00374,2026-02-15 10:10:51,DELIVERED,CENTRAL
ORD000293,CUST00135,2025-08-23 03:38:10,DELIVERED,SOUTH
ORD000294,CUST00569,2026-03-19 13:52:03,SHIPPED,SOUTH
ORD000295,CUST00485,2025-01-10 06:25:48,DELIVERED,SOUTH
ORD000296,CUST00915,2026-06-14 19:26:30,DELIVERED,WEST
ORD000297,CUST00308,14-09-2025,CANCELLED,NORTH
ORD000298,CUST00408,2025-04-12 05:56:49,PLACED,EAST
ORD000299,CUST00488,2025-04-09 16:22:43,DELIVERED,EAST
ORD000300,CUST00370,2026-01-04 20:24:06,DELIVERED,EAST
ORD000301,CUST00353,21-01-2025,PLACED,CENTRAL
ORD000302,CUST00204,2026-07-06 06:21:17,RETURNED,EAST
ORD000303,CUST00364,2025-11-29 18:35:04,DELIVERED,WEST
ORD000304,CUST00911,2025-03-22 13:52:27,DELIVERED,WEST
ORD000305,CUST00647,2025-05-29 06:06:04,DELIVERED,EAST
ORD000306,CUST00432,2026-02-19 02:35:51,PLACED,EAST
ORD000307,CUST00234,2025-11-18 11:32:13,DELIVERED,EAST
ORD000308,CUST00620,09-02-2026,CANCELLED,EAST
ORD000309,,2026-06-18 16:23:40,DELIVERED,SOUTH
ORD000310,CUST00875,2025-01-24 04:33:09,DELIVERED,EAST
ORD000311,CUST00964,2025-03-23 07:40:00,SHIPPED,NORTH
ORD000312,CUST00098,2025-03-07 17:13:41,DELIVERED,NORTH
ORD000313,CUST00790,2026-02-11 19:04:39,DELIVERED,NORTH
ORD000314,CUST00107,2025-09-26 22:30:15,SHIPPED,WEST
ORD000315,CUST00317,2025-08-23 09:00:26,DELIVERED,WEST
ORD000316,CUST00642,2025-05-10 04:46:46,DELIVERED,SOUTH
ORD000317,CUST00030,2025-02-05 12:59:31,CANCELLED,EAST
ORD000318,CUST00885,2026-05-03 17:00:35,RETURNED,CENTRAL
ORD000319,CUST00958,2025-10-06 19:58:18,DELIVERED,CENTRAL
ORD000320,CUST00182,2026-04-13 22:58:32,DELIVERED,CENTRAL
ORD000321,CUST00446,2026-06-21 23:17:38,DELIVERED,EAST
ORD000322,CUST00931,2025-12-22 17:32:11,DELIVERED,NORTH
ORD000323,CUST00453,2025-11-12 13:19:03,DELIVERED,SOUTH
ORD000324,CUST00311,2025-01-11 00:00:12,DELIVERED,SOUTH
ORD000325,CUST00353,2025-10-21 17:04:58,DELIVERED,WEST
ORD000326,CUST00970,2026-05-04 10:54:30,PLACED,WEST
ORD000327,CUST00818,2025-10-27 21:44:10,SHIPPED,NORTH
ORD000328,CUST00562,2026-01-18 06:51:56,DELIVERED,CENTRAL
ORD000329,CUST00448,2026-02-09 09:05:54,SHIPPED,WEST
ORD000330,,2026-01-23 08:01:53,SHIPPED,WEST
ORD000331,CUST00641,2025-09-03 18:48:33,DELIVERED,CENTRAL
ORD000332,CUST00827,2025-10-06 10:21:53,DELIVERED,CENTRAL
ORD000333,CUST00829,2025-10-03 15:02:00,SHIPPED,NORTH
ORD000334,CUST00187,2025-05-20 10:32:37,PLACED,WEST
ORD000335,,2026-04-09 09:54:29,DELIVERED,WEST
ORD000336,CUST00193,2025-11-25 00:42:22,SHIPPED,CENTRAL
ORD000337,CUST00023,2025-07-10 03:43:25,SHIPPED,SOUTH
ORD000338,CUST00733,2026-03-25 00:17:55,SHIPPED,SOUTH
ORD000339,CUST00016,2026-05-21 07:54:27,SHIPPED,EAST
ORD000340,CUST00805,2026-05-26 13:31:19,DELIVERED,NORTH
ORD000341,CUST00339,2025-03-24 05:19:08,PLACED,WEST
ORD000342,CUST00074,2026-07-11 17:07:03,SHIPPED,EAST
ORD000343,CUST00837,2026-01-26 00:27:33,PLACED,SOUTH
ORD000344,CUST00395,2026-03-30 08:59:56,DELIVERED,NORTH
ORD000345,CUST00204,2026-04-17 03:25:15,DELIVERED,SOUTH
ORD000346,CUST00485,2026-02-03 11:21:48,RETURNED,SOUTH
ORD000347,CUST00645,2025-02-13 20:00:34,DELIVERED,EAST
ORD000348,CUST00493,2025-11-02 07:14:07,DELIVERED,NORTH
ORD000349,CUST00885,2025-08-12 04:06:41,SHIPPED,WEST
ORD000350,CUST00333,2025-01-16 06:05:36,DELIVERED,CENTRAL
ORD000351,CUST00123,2026-02-10 08:51:02,PLACED,NORTH
ORD000352,CUST00596,2026-05-02 21:42:26,SHIPPED,NORTH
ORD000353,CUST00255,2025-06-11 18:12:05,PLACED,CENTRAL
ORD000354,CUST00347,2025-03-03 02:10:34,DELIVERED,SOUTH
ORD000355,CUST00719,2026-07-04 03:54:36,PLACED,SOUTH
ORD000356,CUST00325,2026-07-26 23:28:15,DELIVERED,WEST
ORD000357,CUST00751,2025-07-17 00:46:38,DELIVERED,EAST
ORD000358,CUST00742,2025-05-18 09:07:39,CANCELLED,WEST
ORD000359,CUST00724,25-03-2026,SHIPPED,WEST
ORD000360,CUST00195,2025-07-11 19:47:33,SHIPPED,WEST
ORD000361,CUST00282,2026-07-22 05:50:16,PLACED,SOUTH
ORD000362,CUST00461,2025-10-30 09:35:17,DELIVERED,WEST
ORD000363,CUST00001,2026-06-03 13:48:01,DELIVERED,NORTH
ORD000364,CUST00635,2026-01-08 22:34:50,SHIPPED,NORTH
ORD000365,,2026-07-06 14:06:29,SHIPPED,WEST
ORD000366,CUST00785,2026-07-19 05:36:42,DELIVERED,EAST
ORD000367,CUST00420,26-11-2025,PLACED,NORTH
ORD000368,,2025-05-13 06:30:14,CANCELLED,SOUTH
ORD000369,,2026-05-13 06:58:35,PLACED,CENTRAL
ORD000370,CUST00658,2026-02-02 23:57:15,DELIVERED,CENTRAL
ORD000371,CUST00719,2025-09-20 01:47:13,DELIVERED,CENTRAL
ORD000372,CUST00736,2025-03-14 00:28:35,RETURNED,SOUTH
ORD000373,CUST00672,2026-05-19 02:54:40,DELIVERED,NORTH
ORD000374,CUST00370,2026-07-26 15:08:39,CANCELLED,NORTH
ORD000375,CUST00844,2025-09-30 19:15:39,PLACED,NORTH
ORD000376,CUST00855,2025-11-08 02:50:15,RETURNED,CENTRAL
ORD000377,CUST00100,2025-04-14 08:24:39,DELIVERED,SOUTH
ORD000378,CUST00198,2026-06-23 23:54:58,SHIPPED,SOUTH
ORD000379,CUST00572,2026-07-26 15:06:59,DELIVERED,CENTRAL
ORD000380,CUST00367,2026-04-15 15:32:57,CANCELLED,SOUTH
ORD000381,CUST00812,2025-07-04 20:01:25,DELIVERED,EAST
ORD000382,CUST00674,2025-06-11 19:26:19,RETURNED,WEST
ORD000383,CUST00956,2025-12-27 11:28:27,DELIVERED,EAST
ORD000384,CUST00866,2026-01-16 15:00:46,DELIVERED,WEST
ORD000385,,2025-11-28 22:09:05,SHIPPED,CENTRAL
ORD000386,CUST00220,2026-01-20 20:02:00,RETURNED,EAST
ORD000387,CUST00369,2026-04-09 16:17:34,RETURNED,NORTH
ORD000388,CUST00744,2025-02-05 10:21:27,DELIVERED,CENTRAL
ORD000389,CUST00139,2025-11-06 00:14:20,SHIPPED,SOUTH
ORD000390,CUST00220,2025-11-19 00:47:24,DELIVERED,EAST
ORD000391,CUST00942,2026-07-21 18:36:53,DELIVERED,CENTRAL
ORD000392,CUST00159,2025-04-07 01:22:26,DELIVERED,SOUTH
ORD000393,CUST00142,2025-09-29 13:21:54,CANCELLED,SOUTH
ORD000394,CUST00239,2025-09-20 10:56:01,PLACED,WEST
ORD000395,CUST00583,2025-08-11 02:48:38,DELIVERED,WEST
ORD000396,CUST00178,2026-05-15 20:58:47,CANCELLED,NORTH
ORD000397,CUST00610,2025-11-04 01:21:38,DELIVERED,CENTRAL
ORD000398,CUST00391,2025-03-22 02:02:09,RETURNED,EAST
ORD000399,CUST00357,2026-03-21 15:09:54,RETURNED,NORTH
ORD000400,CUST00891,2025-08-21 23:46:01,CANCELLED,NORTH
ORD000401,CUST00650,2026-01-27 01:58:14,SHIPPED,NORTH
ORD000402,CUST00327,2026-07-07 20:34:04,PLACED,CENTRAL
ORD000403,CUST00715,2025-08-15 05:34:39,PLACED,WEST
ORD000404,CUST00995,2026-04-02 21:40:05,DELIVERED,NORTH
ORD000405,CUST00228,19-03-2026,DELIVERED,SOUTH
ORD000406,CUST00136,2025-12-11 03:00:19,DELIVERED,NORTH
ORD000407,CUST00562,2026-02-13 09:33:33,PLACED,CENTRAL
ORD000408,CUST00445,2025-05-14 04:54:37,DELIVERED,SOUTH
ORD000409,CUST00500,2026-02-09 23:44:51,DELIVERED,CENTRAL
ORD000410,CUST00631,2026-06-21 08:57:55,SHIPPED,EAST
ORD000411,CUST00796,2026-03-17 11:46:30,DELIVERED,CENTRAL
ORD000412,CUST00092,2025-04-26 15:03:29,DELIVERED,EAST
ORD000413,CUST00196,2025-11-25 12:32:37,DELIVERED,NORTH
ORD000414,CUST00789,2025-11-09 06:09:44,RETURNED,CENTRAL
ORD000415,CUST00842,2026-03-29 22:41:21,PLACED,NORTH
ORD000416,CUST00947,2025-08-28 07:16:13,DELIVERED,SOUTH
ORD000417,CUST00776,2025-03-29 04:05:28,DELIVERED,SOUTH
ORD000418,CUST00972,2025-06-01 10:28:27,PLACED,NORTH
ORD000419,CUST00313,2026-04-06 17:09:19,PLACED,SOUTH
ORD000420,CUST00758,2026-07-05 07:42:50,SHIPPED,CENTRAL
ORD000421,CUST00769,2025-09-22 19:58:52,DELIVERED,SOUTH
ORD000422,CUST00712,2025-01-19 13:42:42,DELIVERED,CENTRAL
ORD000423,CUST00045,2025-09-19 06:12:04,PLACED,SOUTH
ORD000424,CUST00809,2025-10-05 01:55:57,DELIVERED,NORTH
ORD000425,CUST00069,2026-02-02 09:52:41,DELIVERED,EAST
ORD000426,CUST00886,2025-04-21 00:41:40,SHIPPED,WEST
ORD000427,CUST00237,2026-01-25 18:30:55,RETURNED,NORTH
ORD000428,CUST00926,2025-11-20 17:38:45,CANCELLED,CENTRAL
ORD000429,CUST00091,2025-07-10 07:14:26,DELIVERED,WEST
ORD000430,CUST00575,2025-01-23 01:26:50,SHIPPED,CENTRAL
ORD000431,CUST00313,2025-12-08 17:50:16,DELIVERED,SOUTH
ORD000432,CUST00019,2025-12-22 12:48:45,DELIVERED,EAST
ORD000433,,2026-05-29 10:02:39,CANCELLED,EAST
ORD000434,CUST00900,2026-02-01 01:04:22,RETURNED,EAST
ORD000435,CUST00231,2025-06-05 12:26:38,CANCELLED,SOUTH
ORD000436,CUST00090,2026-01-27 18:57:31,RETURNED,CENTRAL
ORD000437,CUST00894,2025-08-21 15:11:40,SHIPPED,SOUTH
ORD000438,CUST00437,2025-11-16 22:02:26,SHIPPED,CENTRAL
ORD000439,CUST00135,2025-07-31 23:45:20,PLACED,CENTRAL
ORD000440,CUST00701,2025-07-27 05:01:42,SHIPPED,CENTRAL
ORD000441,CUST00932,2025-05-19 15:39:29,RETURNED,SOUTH
ORD000442,CUST00672,2025-06-11 11:33:34,PLACED,CENTRAL
ORD000443,CUST00972,2025-05-02 06:42:14,SHIPPED,SOUTH
ORD000444,CUST00745,2025-01-31 11:36:11,CANCELLED,WEST
ORD000445,CUST00985,2026-02-26 11:02:40,DELIVERED,EAST
ORD000446,CUST00156,2025-07-12 03:53:14,PLACED,NORTH
ORD000447,CUST00781,2025-10-01 22:02:57,DELIVERED,SOUTH
ORD000448,CUST00611,2025-08-26 08:24:26,DELIVERED,EAST
ORD000449,CUST00082,2026-05-04 04:52:55,DELIVERED,CENTRAL
ORD000450,CUST00481,2026-01-18 06:41:54,CANCELLED,WEST
ORD000451,CUST00486,2025-05-21 05:57:47,SHIPPED,NORTH
ORD000452,CUST00419,2025-01-16 09:49:30,RETURNED,SOUTH
ORD000453,CUST00761,2025-07-27 07:26:52,PLACED,WEST
ORD000454,CUST00888,2026-05-17 11:49:44,CANCELLED,SOUTH
ORD000455,,2026-02-19 01:31:22,DELIVERED,WEST
ORD000456,CUST00738,2025-11-17 14:21:02,DELIVERED,CENTRAL
ORD000457,CUST00609,2026-07-04 19:07:23,DELIVERED,NORTH
ORD000458,CUST00534,2025-04-22 16:26:33,DELIVERED,NORTH
ORD000459,CUST00899,2025-09-09 18:53:07,DELIVERED,NORTH
ORD000460,CUST00572,2026-02-01 18:47:29,DELIVERED,NORTH
ORD000461,CUST00195,2025-10-26 16:00:13,DELIVERED,EAST
ORD000462,CUST00793,2025-10-20 16:47:49,SHIPPED,EAST
ORD000463,CUST00628,2025-02-25 18:49:20,RETURNED,WEST
ORD000464,CUST00850,2026-04-08 03:17:34,DELIVERED,NORTH
ORD000465,CUST00185,2026-07-14 04:55:34,DELIVERED,EAST
ORD000466,CUST00462,2025-01-26 06:30:45,DELIVERED,SOUTH
ORD000467,CUST00904,2026-04-11 03:17:00,SHIPPED,SOUTH
ORD000468,CUST00736,2025-05-07 03:19:12,PLACED,WEST
ORD000469,CUST00650,2026-01-07 03:06:21,DELIVERED,WEST
ORD000470,CUST00745,2026-06-08 22:17:05,RETURNED,WEST
ORD000471,CUST00564,2026-01-25 01:35:54,DELIVERED,EAST
ORD000472,,2025-06-03 05:54:09,CANCELLED,SOUTH
ORD000473,CUST00788,2025-02-22 15:16:35,SHIPPED,WEST
ORD000474,CUST00296,2025-07-05 04:16:48,CANCELLED,SOUTH
ORD000475,CUST00004,2025-09-17 00:26:40,DELIVERED,WEST
ORD000476,CUST00557,2025-01-06 22:08:09,CANCELLED,SOUTH
ORD000477,CUST00223,2026-05-03 16:31:12,DELIVERED,NORTH
ORD000478,CUST00616,2025-01-07 08:54:35,CANCELLED,EAST
ORD000479,CUST00635,2026-07-25 07:33:35,PLACED,SOUTH
ORD000480,CUST00057,2025-12-24 01:20:13,PLACED,NORTH
ORD000481,CUST00684,2025-11-02 12:03:19,RETURNED,NORTH
ORD000482,,2026-03-03 06:29:23,SHIPPED,EAST
ORD000483,CUST00626,2026-07-30 06:27:34,RETURNED,CENTRAL
ORD000484,CUST00369,2025-02-06 03:23:26,DELIVERED,EAST
ORD000485,CUST00378,2026-01-24 02:27:49,DELIVERED,CENTRAL
ORD000486,CUST00067,2025-10-27 17:08:30,PLACED,EAST
ORD000487,CUST00338,2026-06-24 15:03:52,DELIVERED,SOUTH
ORD000488,CUST00627,2025-03-01 03:58:46,DELIVERED,CENTRAL
ORD000489,CUST00090,2026-05-11 22:01:09,RETURNED,EAST
ORD000490,CUST00438,2025-11-21 09:27:14,DELIVERED,CENTRAL
ORD000491,CUST00363,2025-05-13 22:21:56,DELIVERED,CENTRAL
ORD000492,CUST00747,2026-05-25 17:55:53,CANCELLED,CENTRAL
ORD000493,CUST00239,2025-10-25 07:02:49,PLACED,NORTH
ORD000494,CUST00477,2025-05-01 07:32:55,DELIVERED,WEST
ORD000495,CUST00424,2025-02-16 12:09:10,SHIPPED,SOUTH
ORD000496,CUST00012,2025-07-26 10:15:13,SHIPPED,NORTH
ORD000497,CUST00316,2025-11-04 18:26:52,DELIVERED,NORTH
ORD000498,CUST00117,2025-12-08 12:25:42,DELIVERED,CENTRAL
ORD000499,CUST00631,2025-01-30 06:23:40,SHIPPED,EAST
ORD000500,CUST00945,06-05-2026,DELIVERED,SOUTH
ORD000501,CUST00494,2025-06-09 22:50:08,DELIVERED,CENTRAL
ORD000502,CUST00918,2025-12-10 16:50:16,DELIVERED,WEST
ORD000503,CUST00951,2025-02-27 18:58:18,SHIPPED,EAST
ORD000504,CUST00569,2026-07-03 00:40:53,SHIPPED,EAST
ORD000505,CUST00819,2025-12-29 02:24:38,RETURNED,EAST
ORD000506,CUST00861,2025-02-01 12:20:53,RETURNED,CENTRAL
ORD000507,CUST00863,2025-06-19 20:47:19,DELIVERED,SOUTH
ORD000508,CUST00610,2025-04-30 11:13:27,DELIVERED,EAST
ORD000509,CUST00727,2025-02-02 09:53:05,DELIVERED,WEST
ORD000510,CUST00899,01-09-2025,DELIVERED,EAST
ORD000511,CUST00222,2026-06-22 11:00:25,SHIPPED,EAST
ORD000512,CUST00804,2025-02-08 07:21:29,RETURNED,WEST
ORD000513,CUST00519,2025-01-26 17:34:23,RETURNED,SOUTH
ORD000514,CUST00195,2025-12-15 17:36:09,DELIVERED,CENTRAL
ORD000515,CUST00318,2025-12-02 05:13:01,DELIVERED,NORTH
ORD000516,CUST00842,2026-06-13 04:49:55,SHIPPED,NORTH
ORD000517,CUST00471,01-02-2026,PLACED,EAST
ORD000518,CUST00955,2025-02-15 21:38:14,CANCELLED,EAST
ORD000519,CUST00479,2025-02-17 03:45:13,DELIVERED,EAST
ORD000520,CUST00024,2025-11-16 23:15:35,CANCELLED,EAST
ORD000521,CUST00206,2025-07-17 10:26:00,SHIPPED,EAST
ORD000522,CUST00792,2026-03-28 04:17:00,SHIPPED,SOUTH
ORD000523,CUST00281,2025-04-28 00:33:19,RETURNED,CENTRAL
ORD000524,CUST00527,2025-04-15 07:31:16,DELIVERED,CENTRAL
ORD000525,CUST00327,2025-10-05 05:09:14,RETURNED,EAST
ORD000526,CUST00588,2025-09-08 06:14:09,PLACED,CENTRAL
ORD000527,CUST00914,2025-12-13 19:40:54,DELIVERED,SOUTH
ORD000528,CUST00030,2026-04-28 01:50:13,PLACED,NORTH
ORD000529,CUST00089,13-03-2026,SHIPPED,CENTRAL
ORD000530,,2026-04-02 22:26:21,DELIVERED,EAST
ORD000531,CUST00838,2025-07-22 19:25:24,PLACED,WEST
ORD000532,CUST00582,2025-05-15 03:22:58,CANCELLED,WEST
ORD000533,CUST00100,2026-04-12 11:18:03,DELIVERED,WEST
ORD000534,CUST00482,2025-08-26 08:08:53,PLACED,CENTRAL
ORD000535,,2026-01-08 14:16:30,SHIPPED,EAST
ORD000536,CUST00808,2025-11-29 16:30:12,DELIVERED,NORTH
ORD000537,CUST00487,2025-04-26 12:47:44,DELIVERED,SOUTH
ORD000538,CUST00290,2025-12-23 22:00:25,DELIVERED,CENTRAL
ORD000539,CUST00106,2026-02-20 03:53:42,SHIPPED,NORTH
ORD000540,CUST00812,2025-11-06 19:23:48,DELIVERED,CENTRAL
ORD000541,CUST00424,2025-09-02 22:36:19,SHIPPED,SOUTH
ORD000542,CUST00998,2026-05-09 13:58:27,PLACED,SOUTH
ORD000543,CUST00834,2026-03-18 15:51:02,DELIVERED,EAST
ORD000544,CUST00558,2025-08-30 06:18:06,DELIVERED,NORTH
ORD000545,CUST00758,2026-05-14 04:09:44,DELIVERED,WEST
ORD000546,CUST00334,2026-07-23 03:33:19,CANCELLED,SOUTH
ORD000547,CUST00316,2026-02-20 02:32:03,DELIVERED,CENTRAL
ORD000548,CUST00790,24-01-2026,DELIVERED,NORTH
ORD000549,CUST00093,2025-08-11 05:03:28,CANCELLED,NORTH
ORD000550,CUST00776,2025-05-31 05:25:58,DELIVERED,EAST
ORD000551,CUST00400,2026-04-03 07:07:26,SHIPPED,EAST
ORD000552,CUST00307,2025-11-08 15:49:40,DELIVERED,EAST
ORD000553,CUST00092,2025-01-09 22:15:49,RETURNED,WEST
ORD000554,CUST00868,2025-05-11 10:42:39,PLACED,CENTRAL
ORD000555,CUST00992,2025-02-24 00:01:50,DELIVERED,EAST
ORD000556,CUST00113,2025-10-16 01:08:07,SHIPPED,CENTRAL
ORD000557,CUST00404,2025-11-22 13:56:13,DELIVERED,WEST
ORD000558,CUST00559,2025-08-05 06:18:49,DELIVERED,SOUTH
ORD000559,CUST00569,2026-01-29 13:07:03,CANCELLED,SOUTH
ORD000560,CUST00296,2025-05-09 04:53:20,PLACED,NORTH
ORD000561,CUST00148,2026-05-14 23:57:15,DELIVERED,SOUTH
ORD000562,CUST00087,2025-05-21 23:23:00,CANCELLED,WEST
ORD000563,CUST00916,12-03-2026,SHIPPED,CENTRAL
ORD000564,CUST00435,2026-07-20 16:23:08,DELIVERED,SOUTH
ORD000565,CUST00191,2026-03-11 22:00:42,PLACED,WEST
ORD000566,CUST00868,2025-08-31 18:16:02,SHIPPED,CENTRAL
ORD000567,CUST00591,2026-01-11 01:13:05,RETURNED,CENTRAL
ORD000568,CUST00495,2026-01-13 04:07:12,DELIVERED,NORTH
ORD000569,CUST00146,2026-06-24 10:10:24,DELIVERED,NORTH
ORD000570,CUST00536,2025-04-01 08:55:42,DELIVERED,NORTH
ORD000571,CUST00701,2026-07-07 21:06:13,SHIPPED,NORTH
ORD000572,CUST00926,2025-12-18 19:28:47,DELIVERED,WEST
ORD000573,CUST00465,2026-06-09 17:05:03,DELIVERED,EAST
ORD000574,CUST00432,2025-12-28 10:43:36,SHIPPED,NORTH
ORD000575,CUST00712,2025-11-08 20:31:26,SHIPPED,WEST
ORD000576,CUST00593,2025-06-23 20:51:25,PLACED,EAST
ORD000577,CUST00829,28-01-2025,DELIVERED,SOUTH
ORD000578,CUST00518,2025-03-20 10:06:58,SHIPPED,CENTRAL
ORD000579,CUST00288,2025-10-09 09:21:19,PLACED,NORTH
ORD000580,CUST00619,2025-06-28 21:32:44,DELIVERED,WEST
ORD000581,CUST00379,2025-06-29 09:30:42,DELIVERED,SOUTH
ORD000582,CUST00497,2025-07-05 19:12:05,CANCELLED,EAST
ORD000583,CUST00087,2025-05-29 21:40:59,RETURNED,SOUTH
ORD000584,,2026-05-23 15:02:05,DELIVERED,SOUTH
ORD000585,CUST00677,2026-03-27 23:12:48,SHIPPED,CENTRAL
ORD000586,CUST00752,2025-12-20 01:58:40,DELIVERED,NORTH
ORD000587,CUST00054,2025-06-21 16:53:39,DELIVERED,EAST
ORD000588,CUST00488,2026-06-30 08:30:26,DELIVERED,WEST
ORD000589,CUST00486,2025-09-26 05:17:05,DELIVERED,WEST
ORD000590,CUST00013,2025-10-23 16:20:27,DELIVERED,EAST
ORD000591,CUST00985,2026-06-27 01:29:36,PLACED,CENTRAL
ORD000592,CUST00653,2025-12-29 15:43:15,DELIVERED,EAST
ORD000593,CUST00344,2025-10-04 09:43:27,CANCELLED,EAST
ORD000594,CUST00671,2026-02-05 16:47:18,DELIVERED,SOUTH
ORD000595,CUST00752,2025-07-19 18:55:51,SHIPPED,SOUTH
ORD000596,CUST00321,2026-07-15 00:23:06,DELIVERED,NORTH
ORD000597,CUST00013,2026-02-26 03:33:25,DELIVERED,WEST
ORD000598,CUST00360,2025-08-13 10:18:52,SHIPPED,NORTH
ORD000599,CUST00025,2025-04-05 02:04:15,RETURNED,SOUTH
ORD000600,CUST00974,2025-05-05 04:22:05,PLACED,CENTRAL
ORD000601,CUST00134,20-01-2026,DELIVERED,CENTRAL
ORD000602,CUST00823,2025-07-09 04:02:08,DELIVERED,EAST
ORD000603,CUST00302,2026-04-24 02:45:24,DELIVERED,EAST
ORD000604,CUST00788,2026-03-14 11:46:29,SHIPPED,NORTH
ORD000605,CUST00284,2025-03-05 13:56:14,DELIVERED,NORTH
ORD000606,CUST00265,2025-09-29 06:28:41,DELIVERED,WEST
ORD000607,CUST00951,25-07-2025,DELIVERED,WEST
ORD000608,CUST00112,2025-05-28 19:41:01,DELIVERED,SOUTH
ORD000609,CUST00629,2025-04-19 16:04:38,DELIVERED,NORTH
ORD000610,CUST00036,16-03-2025,DELIVERED,EAST
ORD000611,CUST00796,2026-04-02 00:40:59,CANCELLED,SOUTH
ORD000612,CUST00669,2025-01-01 01:22:39,DELIVERED,EAST
ORD000613,CUST00156,2025-12-04 14:14:52,DELIVERED,CENTRAL
ORD000614,CUST00725,2026-05-18 17:24:30,DELIVERED,NORTH
ORD000615,CUST00554,2025-08-20 00:07:13,DELIVERED,WEST
ORD000616,CUST00125,2026-07-03 13:04:04,SHIPPED,EAST
ORD000617,CUST00411,2025-02-26 23:01:13,RETURNED,NORTH
ORD000618,CUST00375,2026-07-02 12:22:52,PLACED,WEST
ORD000619,,2025-10-24 23:35:07,SHIPPED,CENTRAL
ORD000620,CUST00041,2026-01-29 06:57:15,SHIPPED,WEST
ORD000621,,2025-04-20 22:57:36,DELIVERED,WEST
ORD000622,CUST00087,2026-03-25 06:53:53,PLACED,SOUTH
ORD000623,CUST00026,2025-09-02 17:48:44,DELIVERED,CENTRAL
ORD000624,CUST00659,2025-11-12 18:11:34,DELIVERED,WEST
ORD000625,CUST00990,2025-01-17 01:20:55,SHIPPED,EAST
ORD000626,CUST00807,2025-02-13 14:45:50,PLACED,CENTRAL
ORD000627,CUST00470,2026-07-04 05:25:23,DELIVERED,SOUTH
ORD000628,CUST00948,2025-03-15 01:20:33,DELIVERED,WEST
ORD000629,CUST00670,2025-01-20 17:09:23,RETURNED,CENTRAL
ORD000630,CUST00047,2025-09-06 23:37:17,PLACED,SOUTH
ORD000631,CUST00648,2025-02-21 11:11:23,CANCELLED,NORTH
ORD000632,CUST00468,2025-06-24 21:31:09,PLACED,NORTH
ORD000633,CUST00117,2026-05-25 21:39:44,DELIVERED,SOUTH
ORD000634,CUST00065,2025-07-27 15:31:04,SHIPPED,WEST
ORD000635,CUST00333,2025-05-04 20:58:13,DELIVERED,EAST
ORD000636,CUST00857,2025-08-07 01:39:35,DELIVERED,EAST
ORD000637,CUST00065,2025-05-04 09:58:19,PLACED,WEST
ORD000638,,2026-01-14 20:08:56,SHIPPED,SOUTH
ORD000639,CUST00948,2025-02-11 04:51:21,PLACED,CENTRAL
ORD000640,CUST00386,2025-06-11 00:34:08,CANCELLED,NORTH
ORD000641,CUST00007,2025-01-08 06:31:56,RETURNED,CENTRAL
ORD000642,CUST00909,2025-10-18 15:09:15,DELIVERED,WEST
ORD000643,CUST00709,2025-05-10 07:30:21,PLACED,EAST
ORD000644,CUST00536,2026-04-07 15:00:05,SHIPPED,SOUTH
ORD000645,CUST00626,2025-02-08 21:42:34,SHIPPED,WEST
ORD000646,CUST00627,2025-04-01 22:50:07,CANCELLED,EAST
ORD000647,CUST00357,2026-03-05 00:09:59,DELIVERED,SOUTH
ORD000648,CUST00121,2026-06-27 03:29:01,DELIVERED,CENTRAL
ORD000649,CUST00520,2025-08-13 16:54:05,DELIVERED,SOUTH
ORD000650,CUST00284,2025-02-24 07:03:11,PLACED,SOUTH
ORD000651,CUST00702,2026-05-01 18:06:50,SHIPPED,NORTH
ORD000652,CUST00056,2026-01-08 10:22:43,SHIPPED,EAST
ORD000653,CUST00343,2026-04-10 01:34:37,PLACED,NORTH
ORD000654,,2026-07-05 06:24:13,SHIPPED,NORTH
ORD000655,CUST00497,2026-06-12 04:13:32,PLACED,SOUTH
ORD000656,CUST00739,2026-04-01 21:34:47,DELIVERED,WEST
ORD000657,CUST00204,2025-11-30 08:22:34,DELIVERED,EAST
ORD000658,CUST00234,2025-04-11 08:37:59,DELIVERED,SOUTH
ORD000659,CUST00385,2025-08-14 02:40:37,DELIVERED,WEST
ORD000660,CUST00056,2026-03-23 05:16:37,SHIPPED,CENTRAL
ORD000661,CUST00466,2025-07-02 14:06:08,DELIVERED,WEST
ORD000662,CUST00738,2025-07-18 23:00:40,DELIVERED,EAST
ORD000663,CUST00208,2025-12-10 04:37:53,PLACED,CENTRAL
ORD000664,CUST00062,2025-10-15 04:58:11,PLACED,WEST
ORD000665,CUST00470,05-03-2026,DELIVERED,SOUTH
ORD000666,CUST00908,2025-10-30 21:58:39,SHIPPED,CENTRAL
ORD000667,CUST00928,2025-06-24 21:02:55,RETURNED,SOUTH
ORD000668,CUST00089,2026-02-26 18:59:49,DELIVERED,SOUTH
ORD000669,CUST00606,30-04-2026,SHIPPED,WEST
ORD000670,CUST00754,2025-09-10 09:01:23,SHIPPED,CENTRAL
ORD000671,CUST00228,2025-06-02 20:53:16,CANCELLED,WEST
ORD000672,CUST00046,2025-02-11 17:08:09,DELIVERED,CENTRAL
ORD000673,CUST00035,2026-03-12 19:20:15,DELIVERED,NORTH
ORD000674,CUST00464,2026-05-23 08:45:24,PLACED,NORTH
ORD000675,CUST00710,2026-02-21 07:56:14,PLACED,EAST
ORD000676,CUST00245,2025-04-03 00:34:47,DELIVERED,EAST
ORD000677,CUST00166,2026-04-16 20:46:00,DELIVERED,NORTH
ORD000678,CUST01000,2026-04-11 16:53:06,DELIVERED,WEST
ORD000679,CUST00190,2026-01-15 22:49:17,DELIVERED,NORTH
ORD000680,CUST00882,2025-03-14 14:00:46,CANCELLED,EAST
ORD000681,CUST00544,2025-02-03 10:47:54,DELIVERED,EAST
ORD000682,CUST00715,2026-07-10 20:56:36,DELIVERED,NORTH
ORD000683,CUST00636,2025-12-10 01:59:44,DELIVERED,EAST
ORD000684,CUST00910,2025-02-22 04:02:24,DELIVERED,WEST
ORD000685,CUST00634,2025-02-11 13:18:36,DELIVERED,CENTRAL
ORD000686,CUST00722,2025-03-10 20:24:59,DELIVERED,SOUTH
ORD000687,,2025-12-09 08:41:18,DELIVERED,WEST
ORD000688,CUST00756,2025-08-03 08:12:28,SHIPPED,EAST
ORD000689,CUST00516,2026-03-10 10:05:25,PLACED,EAST
ORD000690,CUST00354,2026-04-09 17:42:10,DELIVERED,NORTH
ORD000691,CUST00482,29-06-2026,CANCELLED,WEST
ORD000692,CUST00636,12-01-2026,SHIPPED,WEST
ORD000693,CUST00090,2025-03-24 14:13:27,CANCELLED,EAST
ORD000694,CUST00982,2025-03-20 03:58:54,SHIPPED,NORTH
ORD000695,CUST00714,2025-06-01 18:04:14,SHIPPED,SOUTH
ORD000696,,2025-01-24 10:40:26,DELIVERED,CENTRAL
ORD000697,,2025-05-16 17:15:15,SHIPPED,WEST
ORD000698,CUST00756,2025-01-22 10:36:49,SHIPPED,NORTH
ORD000699,CUST00893,2025-08-26 18:55:07,DELIVERED,WEST
ORD000700,CUST00593,2025-12-18 23:52:31,DELIVERED,EAST
ORD000701,CUST00498,2026-06-27 19:58:08,DELIVERED,EAST
ORD000702,CUST00581,2025-05-16 11:09:32,SHIPPED,EAST
ORD000703,CUST00233,2026-05-11 13:32:25,RETURNED,NORTH
ORD000704,CUST00152,2025-12-28 10:21:14,DELIVERED,SOUTH
ORD000705,CUST00634,2025-06-14 19:29:25,SHIPPED,SOUTH
ORD000706,CUST00860,2025-06-07 05:52:15,SHIPPED,NORTH
ORD000707,CUST00325,2025-05-10 16:03:08,SHIPPED,SOUTH
ORD000708,CUST00211,30-07-2026,DELIVERED,EAST
ORD000709,CUST00152,2026-01-17 16:19:36,DELIVERED,SOUTH
ORD000710,,2025-11-05 04:25:23,RETURNED,WEST
ORD000711,CUST00954,2026-05-27 05:17:35,RETURNED,EAST
ORD000712,CUST00160,2025-01-05 19:53:04,RETURNED,EAST
ORD000713,CUST00663,2025-10-30 17:15:16,CANCELLED,CENTRAL
ORD000714,CUST00683,2025-05-31 20:34:46,DELIVERED,WEST
ORD000715,CUST00347,2025-04-26 17:26:21,RETURNED,SOUTH
ORD000716,CUST00695,2026-07-19 04:15:19,SHIPPED,WEST
ORD000717,CUST00633,2025-08-14 16:14:14,DELIVERED,EAST
ORD000718,CUST00057,2025-07-19 21:14:31,DELIVERED,EAST
ORD000719,CUST00201,2025-01-24 03:02:36,DELIVERED,WEST
ORD000720,CUST00694,2025-03-31 18:38:01,DELIVERED,WEST
ORD000721,CUST00326,2026-06-08 02:02:26,RETURNED,EAST
ORD000722,CUST00408,2025-06-01 15:34:11,DELIVERED,EAST
ORD000723,CUST00013,2025-10-19 12:33:29,DELIVERED,WEST
ORD000724,CUST00896,2026-07-29 03:11:21,SHIPPED,WEST
ORD000725,CUST00760,2026-03-02 16:06:39,SHIPPED,WEST
ORD000726,CUST00747,2026-03-01 05:04:53,CANCELLED,CENTRAL
ORD000727,CUST00089,2025-05-28 07:33:54,SHIPPED,CENTRAL
ORD000728,CUST00344,2025-03-09 21:30:21,DELIVERED,NORTH
ORD000729,CUST00007,2026-02-24 23:15:29,RETURNED,WEST
ORD000730,CUST00180,2026-07-24 16:49:30,DELIVERED,SOUTH
ORD000731,CUST00205,10-07-2025,SHIPPED,WEST
ORD000732,CUST00044,06-11-2025,SHIPPED,CENTRAL
ORD000733,CUST00758,2026-04-20 08:10:28,PLACED,NORTH
ORD000734,CUST00158,2025-09-26 10:55:43,RETURNED,WEST
ORD000735,CUST00128,2025-10-22 15:11:17,SHIPPED,SOUTH
ORD000736,CUST00030,2025-05-03 10:05:35,DELIVERED,NORTH
ORD000737,CUST00614,2026-01-06 21:09:21,DELIVERED,WEST
ORD000738,CUST00890,2025-09-22 22:51:52,DELIVERED,NORTH
ORD000739,CUST00383,2026-06-09 20:56:40,PLACED,EAST
ORD000740,CUST00167,2025-03-01 05:19:14,SHIPPED,SOUTH
ORD000741,CUST00366,2025-06-17 01:55:32,SHIPPED,WEST
ORD000742,,2025-12-31 01:46:25,SHIPPED,CENTRAL
ORD000743,CUST00655,2025-03-20 18:42:33,SHIPPED,SOUTH
ORD000744,CUST00784,2025-04-07 21:48:00,DELIVERED,CENTRAL
ORD000745,CUST00331,2025-11-20 10:57:42,SHIPPED,EAST
ORD000746,CUST00099,2026-07-02 21:07:07,DELIVERED,SOUTH
ORD000747,CUST00014,2025-05-21 18:51:57,SHIPPED,WEST
ORD000748,CUST00422,15-12-2025,PLACED,SOUTH
ORD000749,CUST00516,2025-08-15 06:51:36,DELIVERED,CENTRAL
ORD000750,CUST00629,2026-06-23 19:22:22,DELIVERED,NORTH
ORD000751,CUST00428,2026-04-17 02:46:53,PLACED,SOUTH
ORD000752,CUST00946,18-01-2025,SHIPPED,EAST
ORD000753,CUST00143,2026-03-29 21:45:35,DELIVERED,EAST
ORD000754,CUST00177,2025-11-08 01:02:49,DELIVERED,NORTH
ORD000755,CUST00228,2025-05-12 05:10:59,DELIVERED,EAST
ORD000756,,2025-08-03 04:44:27,RETURNED,WEST
ORD000757,CUST00708,25-04-2025,PLACED,WEST
ORD000758,CUST00776,2026-03-18 01:32:52,SHIPPED,NORTH
ORD000759,CUST00813,2026-06-10 21:35:48,PLACED,NORTH
ORD000760,CUST00931,2025-09-17 01:34:32,PLACED,NORTH
ORD000761,CUST00773,2025-04-09 04:30:25,RETURNED,SOUTH
ORD000762,CUST00602,2025-07-24 06:43:39,DELIVERED,NORTH
ORD000763,CUST00093,2025-05-30 10:05:56,RETURNED,EAST
ORD000764,,14-06-2025,DELIVERED,CENTRAL
ORD000765,CUST00248,2026-06-02 20:45:41,PLACED,CENTRAL
ORD000766,CUST00782,2025-01-15 19:15:15,SHIPPED,SOUTH
ORD000767,CUST00988,2025-10-16 06:15:14,RETURNED,CENTRAL
ORD000768,CUST00005,2025-04-12 07:47:31,RETURNED,WEST
ORD000769,CUST00376,2025-07-09 16:00:27,DELIVERED,NORTH
ORD000770,CUST00186,2025-12-30 13:49:16,DELIVERED,CENTRAL
ORD000771,CUST00234,2026-02-22 04:06:30,DELIVERED,EAST
ORD000772,CUST00127,2026-04-23 04:00:59,DELIVERED,WEST
ORD000773,CUST00781,2026-01-05 10:29:44,DELIVERED,NORTH
ORD000774,CUST00085,2025-12-02 17:58:31,PLACED,EAST
ORD000775,CUST00468,2025-11-16 16:09:50,SHIPPED,WEST
ORD000776,CUST00298,2026-03-15 06:52:24,CANCELLED,WEST
ORD000777,CUST00962,2026-01-12 06:31:40,PLACED,WEST
ORD000778,CUST00689,2025-04-18 14:25:52,DELIVERED,NORTH
ORD000779,CUST00123,2025-05-27 14:22:28,DELIVERED,CENTRAL
ORD000780,CUST00105,2025-06-22 02:21:21,DELIVERED,SOUTH
ORD000781,CUST00347,2025-07-25 21:39:42,CANCELLED,WEST
ORD000782,CUST00126,2025-08-27 15:27:46,DELIVERED,EAST
ORD000783,CUST00784,2025-10-07 23:26:28,RETURNED,EAST
ORD000784,CUST00488,2026-02-19 17:38:28,DELIVERED,SOUTH
ORD000785,CUST00787,2026-04-11 03:56:00,PLACED,WEST
ORD000786,CUST00510,25-08-2025,RETURNED,NORTH
ORD000787,,2025-02-24 02:29:02,DELIVERED,NORTH
ORD000788,CUST00996,2025-07-03 13:55:52,DELIVERED,EAST
ORD000789,CUST00157,2025-11-07 22:38:42,DELIVERED,NORTH
ORD000790,CUST00677,2026-06-17 17:55:12,DELIVERED,SOUTH
ORD000791,CUST00301,2026-05-25 17:50:58,DELIVERED,CENTRAL
ORD000792,CUST00352,2026-07-08 19:54:06,PLACED,NORTH
ORD000793,,2025-05-02 13:58:03,DELIVERED,WEST
ORD000794,CUST00454,2026-04-16 01:18:36,PLACED,CENTRAL
ORD000795,CUST00676,2025-11-07 05:58:34,DELIVERED,SOUTH
ORD000796,CUST00320,2026-02-03 17:44:51,DELIVERED,CENTRAL
ORD000797,CUST00692,2026-05-18 20:09:45,DELIVERED,CENTRAL
ORD000798,CUST00482,2026-05-03 20:28:15,CANCELLED,CENTRAL
ORD000799,CUST00058,2026-02-05 09:35:23,DELIVERED,WEST
ORD000800,CUST00632,2025-12-28 10:21:21,SHIPPED,NORTH
ORD000801,CUST00605,2025-02-16 04:40:03,CANCELLED,EAST
ORD000802,CUST00829,2025-01-28 22:45:40,SHIPPED,NORTH
ORD000803,CUST00439,2025-12-20 13:00:40,DELIVERED,NORTH
ORD000804,CUST00678,2025-09-08 09:00:55,SHIPPED,EAST
ORD000805,CUST00607,2025-03-28 02:23:05,CANCELLED,NORTH
ORD000806,CUST00346,2025-06-23 00:43:03,DELIVERED,NORTH
ORD000807,CUST00472,2026-03-09 20:40:55,DELIVERED,WEST
ORD000808,CUST00274,2025-01-21 17:06:04,DELIVERED,EAST
ORD000809,CUST00387,2026-02-04 11:44:20,DELIVERED,WEST
ORD000810,CUST00103,2025-07-30 12:13:55,DELIVERED,EAST
ORD000811,CUST00171,2025-11-03 13:13:42,RETURNED,SOUTH
ORD000812,CUST00509,19-03-2025,SHIPPED,EAST
ORD000813,CUST00049,2025-11-01 20:52:52,DELIVERED,SOUTH
ORD000814,CUST00640,2025-04-05 21:03:04,PLACED,EAST
ORD000815,CUST00280,2025-03-10 20:37:22,CANCELLED,WEST
ORD000816,,2025-08-03 12:38:43,DELIVERED,EAST
ORD000817,CUST00517,2025-11-04 15:45:42,DELIVERED,EAST
ORD000818,CUST00205,2026-03-01 14:38:50,SHIPPED,CENTRAL
ORD000819,CUST00465,2026-07-15 06:34:31,CANCELLED,CENTRAL
ORD000820,CUST00884,2025-07-11 21:00:08,DELIVERED,WEST
ORD000821,CUST00275,2026-06-30 22:22:13,CANCELLED,WEST
ORD000822,CUST00958,2025-03-03 19:00:54,SHIPPED,WEST
ORD000823,,2025-09-04 05:28:42,DELIVERED,EAST
ORD000824,CUST00865,2026-03-22 14:56:13,SHIPPED,NORTH
ORD000825,CUST00650,2025-07-28 15:00:59,SHIPPED,EAST
ORD000826,CUST00662,2025-06-14 09:20:12,DELIVERED,SOUTH
ORD000827,CUST00416,2025-09-02 04:08:04,PLACED,NORTH
ORD000828,CUST00252,2025-11-14 16:53:58,DELIVERED,WEST
ORD000829,,2025-02-07 07:21:15,SHIPPED,SOUTH
ORD000830,CUST00030,2025-09-22 10:06:48,DELIVERED,SOUTH
ORD000831,CUST00660,2025-02-13 17:41:20,DELIVERED,NORTH
ORD000832,CUST00881,2025-03-27 11:25:44,DELIVERED,NORTH
ORD000833,CUST00923,2026-02-21 13:13:56,DELIVERED,NORTH
ORD000834,CUST00407,2025-05-24 08:35:38,PLACED,CENTRAL
ORD000835,CUST00956,2025-05-04 19:00:14,DELIVERED,CENTRAL
ORD000836,CUST00973,2026-06-22 09:10:04,DELIVERED,NORTH
ORD000837,CUST00244,2025-05-06 11:24:39,SHIPPED,CENTRAL
ORD000838,CUST00755,2026-02-04 08:35:24,RETURNED,SOUTH
ORD000839,CUST00148,2025-04-20 06:22:37,SHIPPED,EAST
ORD000840,CUST00451,2026-02-23 09:15:32,CANCELLED,NORTH
ORD000841,CUST00503,2026-07-01 13:38:33,DELIVERED,NORTH
ORD000842,CUST00325,2026-07-13 15:25:45,DELIVERED,SOUTH
ORD000843,CUST00987,2025-10-12 05:16:33,DELIVERED,EAST
ORD000844,CUST00842,2025-11-12 00:46:02,DELIVERED,CENTRAL
ORD000845,CUST00036,2025-02-25 08:43:34,SHIPPED,WEST
ORD000846,CUST00317,2026-01-07 04:26:37,DELIVERED,SOUTH
ORD000847,CUST00879,2026-03-30 14:08:37,PLACED,WEST
ORD000848,CUST00950,2025-09-19 10:57:18,PLACED,SOUTH
ORD000849,CUST00305,2025-08-04 05:50:01,RETURNED,EAST
ORD000850,CUST00901,2026-02-21 01:14:00,SHIPPED,NORTH
ORD000851,CUST00843,2026-05-19 17:09:06,DELIVERED,EAST
ORD000852,CUST00735,2026-03-09 03:39:19,CANCELLED,EAST
ORD000853,CUST00519,2025-03-09 12:48:38,DELIVERED,CENTRAL
ORD000854,CUST00756,2025-12-01 16:30:09,DELIVERED,NORTH
ORD000855,CUST00657,08-07-2025,DELIVERED,SOUTH
ORD000856,CUST00004,2026-02-15 07:17:04,DELIVERED,EAST
ORD000857,CUST00590,2025-03-26 04:02:06,SHIPPED,CENTRAL
ORD000858,CUST00731,2025-05-14 21:37:38,DELIVERED,EAST
ORD000859,CUST00463,2026-05-05 04:51:39,SHIPPED,CENTRAL
ORD000860,CUST00847,2025-12-02 10:15:35,SHIPPED,WEST
ORD000861,CUST00377,2025-07-06 14:19:36,CANCELLED,CENTRAL
ORD000862,CUST00230,2025-01-22 00:50:10,RETURNED,CENTRAL
ORD000863,CUST00642,2025-08-23 03:14:22,RETURNED,SOUTH
ORD000864,,2025-06-22 01:48:45,DELIVERED,WEST
ORD000865,CUST00615,2025-09-24 05:26:02,PLACED,EAST
ORD000866,,2025-05-01 00:30:50,DELIVERED,WEST
ORD000867,CUST00792,2026-04-10 17:59:29,PLACED,SOUTH
ORD000868,CUST00196,2025-09-30 10:29:03,DELIVERED,WEST
ORD000869,CUST00134,18-03-2026,DELIVERED,EAST
ORD000870,CUST00745,2025-07-13 15:13:51,SHIPPED,SOUTH
ORD000871,,2025-10-25 09:31:54,SHIPPED,WEST
ORD000872,,12-09-2025,DELIVERED,WEST
ORD000873,CUST00088,2025-01-11 17:04:17,PLACED,EAST
ORD000874,CUST00998,2026-02-12 07:43:35,DELIVERED,WEST
ORD000875,CUST00754,2025-09-20 02:39:35,PLACED,NORTH
ORD000876,CUST00054,2025-12-07 08:33:01,DELIVERED,EAST
ORD000877,CUST00621,2025-02-16 00:11:42,SHIPPED,CENTRAL
ORD000878,CUST00391,2025-11-06 14:22:13,DELIVERED,SOUTH
ORD000879,CUST00992,2026-07-27 01:29:50,DELIVERED,EAST
ORD000880,CUST00174,2026-05-31 17:56:37,RETURNED,WEST
ORD000881,CUST00136,2025-04-02 11:33:11,DELIVERED,WEST
ORD000882,CUST00146,2025-09-24 04:15:14,SHIPPED,SOUTH
ORD000883,CUST00512,15-10-2025,RETURNED,EAST
ORD000884,CUST00925,2025-09-27 22:18:58,CANCELLED,EAST
ORD000885,CUST00530,2025-11-17 15:51:57,CANCELLED,EAST
ORD000886,CUST00755,2026-05-19 05:30:26,DELIVERED,WEST
ORD000887,CUST00055,2025-07-13 05:24:40,PLACED,SOUTH
ORD000888,CUST00037,2026-04-27 09:28:28,SHIPPED,WEST
ORD000889,CUST00447,2025-04-29 18:01:08,PLACED,EAST
ORD000890,CUST00727,2026-07-29 17:39:56,DELIVERED,NORTH
ORD000891,CUST00867,01-06-2025,SHIPPED,SOUTH
ORD000892,,2025-10-18 06:34:38,CANCELLED,CENTRAL
ORD000893,CUST00843,2025-10-07 20:30:25,CANCELLED,CENTRAL
ORD000894,CUST00218,2025-01-05 19:09:05,DELIVERED,SOUTH
ORD000895,CUST00427,2025-03-20 08:57:44,DELIVERED,NORTH
ORD000896,CUST00909,2025-12-03 00:56:42,SHIPPED,NORTH
ORD000897,CUST00404,2026-01-18 21:29:36,RETURNED,NORTH
ORD000898,CUST00858,2025-11-28 05:35:55,PLACED,WEST
ORD000899,CUST00851,2026-05-07 16:31:53,DELIVERED,EAST
ORD000900,CUST00609,2025-01-06 11:59:38,RETURNED,CENTRAL
ORD000901,CUST00974,2026-04-09 11:49:47,RETURNED,CENTRAL
ORD000902,CUST00133,2025-08-05 01:46:20,CANCELLED,EAST
ORD000903,CUST00331,2025-02-26 02:34:29,DELIVERED,CENTRAL
ORD000904,CUST00391,2025-04-05 14:31:19,SHIPPED,SOUTH
ORD000905,CUST00989,2026-02-13 03:14:50,PLACED,SOUTH
ORD000906,CUST00167,2026-02-02 14:39:02,SHIPPED,SOUTH
ORD000907,CUST00124,2025-11-02 17:52:16,CANCELLED,EAST
ORD000908,CUST00926,2025-05-15 13:04:20,DELIVERED,EAST
ORD000909,CUST00525,2025-07-24 17:49:35,DELIVERED,WEST
ORD000910,CUST00488,2025-10-02 20:30:01,DELIVERED,NORTH
ORD000911,CUST00775,2026-03-09 13:24:25,DELIVERED,WEST
ORD000912,CUST00646,2026-03-13 03:23:02,PLACED,EAST
ORD000913,CUST00997,2026-04-20 08:09:50,DELIVERED,SOUTH
ORD000914,CUST00954,2026-05-23 19:11:51,DELIVERED,CENTRAL
ORD000915,CUST00086,25-10-2025,DELIVERED,WEST
ORD000916,CUST00308,2025-06-02 04:39:09,DELIVERED,EAST
ORD000917,CUST00862,2025-09-12 19:02:42,DELIVERED,CENTRAL
ORD000918,CUST00049,2026-07-19 02:47:11,RETURNED,CENTRAL
ORD000919,CUST00111,2026-06-07 15:28:14,DELIVERED,WEST
ORD000920,CUST00677,2025-09-17 12:56:30,SHIPPED,NORTH
ORD000921,CUST00788,2026-05-31 00:35:32,PLACED,WEST
ORD000922,CUST00184,2025-07-06 14:18:25,PLACED,WEST
ORD000923,,2025-11-01 11:25:49,DELIVERED,WEST
ORD000924,CUST00776,2026-04-06 22:42:44,CANCELLED,EAST
ORD000925,CUST00990,2025-07-11 07:41:05,SHIPPED,CENTRAL
ORD000926,CUST00266,2025-04-19 15:47:38,DELIVERED,NORTH
ORD000927,CUST00405,2025-04-30 00:29:03,SHIPPED,WEST
ORD000928,CUST00472,2026-02-19 23:56:48,RETURNED,CENTRAL
ORD000929,CUST00744,2026-05-14 11:01:28,DELIVERED,CENTRAL
ORD000930,CUST00370,2026-02-09 11:01:09,PLACED,SOUTH
ORD000931,CUST00015,2025-07-15 04:04:28,CANCELLED,SOUTH
ORD000932,,28-01-2025,DELIVERED,SOUTH
ORD000933,CUST00666,2025-09-05 15:51:59,CANCELLED,CENTRAL
ORD000934,CUST00196,2025-03-30 10:57:21,DELIVERED,SOUTH
ORD000935,CUST00486,2026-03-09 00:47:39,PLACED,SOUTH
ORD000936,CUST00757,2026-04-01 17:39:36,DELIVERED,WEST
ORD000937,CUST00600,2025-09-06 07:19:49,SHIPPED,WEST
ORD000938,CUST00053,2025-12-08 00:17:12,PLACED,WEST
ORD000939,CUST00426,23-05-2026,DELIVERED,CENTRAL
ORD000940,CUST00298,2025-02-07 17:44:57,DELIVERED,CENTRAL
ORD000941,CUST00606,2026-05-15 08:26:36,DELIVERED,CENTRAL
ORD000942,CUST00020,2026-03-09 20:59:10,SHIPPED,NORTH
ORD000943,CUST00275,04-03-2026,PLACED,CENTRAL
ORD000944,CUST00962,2025-12-22 16:19:22,DELIVERED,NORTH
ORD000945,CUST00166,2025-10-22 06:59:52,DELIVERED,WEST
ORD000946,CUST00238,2026-06-04 07:59:56,DELIVERED,EAST
ORD000947,CUST00944,2026-04-25 04:46:31,CANCELLED,WEST
ORD000948,CUST00983,2026-03-03 23:45:24,DELIVERED,WEST
ORD000949,CUST00819,2025-06-15 22:38:26,SHIPPED,NORTH
ORD000950,CUST00684,2026-05-10 04:42:00,SHIPPED,SOUTH
ORD000951,CUST00621,2026-05-19 03:40:25,DELIVERED,WEST
ORD000952,CUST00311,29-08-2025,DELIVERED,NORTH
ORD000953,,2025-09-25 12:59:58,DELIVERED,SOUTH
ORD000954,CUST00848,2026-05-31 01:09:50,CANCELLED,EAST
ORD000955,CUST00441,2025-04-27 22:29:05,SHIPPED,CENTRAL
ORD000956,CUST00230,2026-05-14 09:23:13,RETURNED,EAST
ORD000957,CUST00788,2025-02-17 20:16:50,SHIPPED,SOUTH
ORD000958,CUST00874,2026-06-12 22:00:05,DELIVERED,NORTH
ORD000959,CUST00949,2026-03-25 16:38:37,RETURNED,NORTH
ORD000960,CUST00999,2025-04-19 22:13:48,DELIVERED,NORTH
ORD000961,CUST00844,2026-07-30 01:31:41,DELIVERED,SOUTH
ORD000962,CUST00646,2025-05-01 07:28:40,RETURNED,SOUTH
ORD000963,CUST00746,2025-10-27 16:04:30,DELIVERED,WEST
ORD000964,CUST00751,2025-04-12 05:37:03,DELIVERED,EAST
ORD000965,CUST00839,2025-05-22 04:28:39,CANCELLED,WEST
ORD000966,CUST00993,2026-03-02 00:14:23,SHIPPED,WEST
ORD000967,CUST00350,2025-10-21 18:23:14,SHIPPED,EAST
ORD000968,CUST00382,2026-03-01 13:07:50,DELIVERED,SOUTH
ORD000969,CUST00156,2026-06-27 15:21:15,DELIVERED,SOUTH
ORD000970,,2026-03-16 15:03:06,RETURNED,WEST
ORD000971,CUST00975,2026-06-13 13:10:18,RETURNED,WEST
ORD000972,CUST00150,2025-01-11 18:50:09,RETURNED,NORTH
ORD000973,CUST00347,2025-11-19 14:37:25,RETURNED,SOUTH
ORD000974,CUST00445,2025-03-04 14:19:06,DELIVERED,SOUTH
ORD000975,CUST00925,2025-03-01 22:59:46,RETURNED,CENTRAL
ORD000976,CUST00997,2025-10-30 15:15:59,DELIVERED,CENTRAL
ORD000977,CUST00895,2025-11-08 11:25:16,RETURNED,NORTH
ORD000978,CUST00847,2025-10-14 19:12:58,DELIVERED,SOUTH
ORD000979,CUST00718,2026-02-18 16:14:42,DELIVERED,CENTRAL
ORD000980,CUST00640,2026-03-29 12:34:12,CANCELLED,WEST
ORD000981,CUST00795,2025-07-22 10:58:42,PLACED,CENTRAL
ORD000982,CUST00343,2026-02-04 04:35:15,DELIVERED,CENTRAL
ORD000983,CUST00291,2025-08-07 03:22:46,DELIVERED,EAST
ORD000984,CUST00534,2025-12-15 23:08:40,SHIPPED,NORTH
ORD000985,,2026-07-07 21:34:20,SHIPPED,EAST
ORD000986,CUST00744,2026-03-09 18:23:47,PLACED,NORTH
ORD000987,CUST00862,2026-01-17 09:27:26,DELIVERED,EAST
ORD000988,CUST00127,2025-02-18 23:42:02,RETURNED,WEST
ORD000989,CUST00306,2025-01-06 16:29:54,SHIPPED,SOUTH
ORD000990,CUST00825,2026-07-01 21:40:59,SHIPPED,EAST
ORD000991,CUST00292,2025-05-24 13:45:01,DELIVERED,SOUTH
ORD000992,CUST00108,2025-12-02 18:48:12,DELIVERED,EAST
ORD000993,CUST00466,2025-04-11 05:20:09,DELIVERED,WEST
ORD000994,CUST00084,2025-04-05 02:15:51,DELIVERED,SOUTH
ORD000995,CUST00488,2025-08-08 16:14:39,PLACED,CENTRAL
ORD000996,,2026-07-27 18:53:39,DELIVERED,EAST
ORD000997,CUST00599,2026-05-26 23:10:22,DELIVERED,WEST
ORD000998,CUST00706,2026-05-17 15:10:46,CANCELLED,SOUTH
ORD000999,CUST00518,2025-05-11 17:38:59,DELIVERED,SOUTH
ORD001000,CUST00992,2026-06-10 19:15:55,PLACED,SOUTH
ORD001001,CUST00467,2026-04-30 01:11:13,DELIVERED,CENTRAL
ORD001002,CUST00379,2025-05-02 21:54:12,CANCELLED,NORTH
ORD001003,CUST00124,14-01-2026,SHIPPED,CENTRAL
ORD001004,CUST00157,2025-05-01 13:31:28,SHIPPED,EAST
ORD001005,CUST00311,2025-10-29 17:41:31,PLACED,SOUTH
ORD001006,CUST00146,2026-03-08 01:46:16,RETURNED,EAST
ORD001007,CUST00911,2025-10-18 07:50:56,SHIPPED,WEST
ORD001008,CUST00003,2025-05-06 19:56:06,SHIPPED,NORTH
ORD001009,CUST00428,2026-05-08 20:51:52,SHIPPED,WEST
ORD001010,CUST00922,2025-12-12 13:44:14,DELIVERED,CENTRAL
ORD001011,CUST00136,22-05-2025,DELIVERED,WEST
ORD001012,CUST00684,2026-04-05 05:25:27,CANCELLED,EAST
ORD001013,CUST00092,2026-02-24 14:05:55,SHIPPED,WEST
ORD001014,CUST00348,2026-07-08 01:40:05,RETURNED,WEST
ORD001015,CUST00754,2025-10-12 23:31:01,PLACED,SOUTH
ORD001016,CUST00725,2025-01-26 20:49:32,DELIVERED,EAST
ORD001017,CUST00575,2025-05-07 23:26:39,DELIVERED,SOUTH
ORD001018,CUST00979,2026-07-09 21:00:09,DELIVERED,CENTRAL
ORD001019,CUST00535,2025-07-13 17:19:28,DELIVERED,NORTH
ORD001020,CUST00124,2026-06-29 06:32:39,RETURNED,EAST
ORD001021,CUST00806,2025-07-30 08:55:50,CANCELLED,CENTRAL
ORD001022,CUST00455,2025-03-28 19:25:32,DELIVERED,WEST
ORD001023,CUST00604,2025-02-16 17:53:38,CANCELLED,NORTH
ORD001024,,2026-03-24 06:34:19,DELIVERED,CENTRAL
ORD001025,CUST00325,2026-01-27 09:21:48,PLACED,NORTH
ORD001026,CUST00555,2025-06-22 10:23:21,PLACED,EAST
ORD001027,,2025-04-02 05:36:54,SHIPPED,WEST
ORD001028,CUST00695,2025-06-23 02:08:41,DELIVERED,EAST
ORD001029,,2025-01-28 02:07:47,SHIPPED,NORTH
ORD001030,CUST00328,2025-05-26 15:01:49,CANCELLED,EAST
ORD001031,CUST00385,2025-05-04 01:53:19,SHIPPED,CENTRAL
ORD001032,CUST00601,2025-08-31 17:56:55,DELIVERED,CENTRAL
ORD001033,CUST00395,2025-04-28 09:48:16,PLACED,WEST
ORD001034,CUST00567,2026-02-21 02:22:59,DELIVERED,WEST
ORD001035,CUST00649,2025-08-28 00:40:40,SHIPPED,CENTRAL
ORD001036,CUST00692,2025-04-14 08:58:05,DELIVERED,SOUTH
ORD001037,CUST00312,2026-02-21 16:14:15,PLACED,CENTRAL
ORD001038,CUST00209,2025-05-26 13:35:29,DELIVERED,SOUTH
ORD001039,,2025-09-09 19:34:15,RETURNED,CENTRAL
ORD001040,CUST00463,2025-02-12 00:02:11,CANCELLED,CENTRAL
ORD001041,CUST00297,2025-06-21 00:01:11,PLACED,WEST
ORD001042,CUST00280,2025-09-14 13:50:27,RETURNED,SOUTH
ORD001043,CUST00600,2026-06-07 10:14:32,PLACED,CENTRAL
ORD001044,CUST00577,2025-03-13 10:56:45,PLACED,NORTH
ORD001045,CUST00851,2025-05-24 20:15:38,RETURNED,WEST
ORD001046,CUST00216,2026-06-01 11:35:20,CANCELLED,EAST
ORD001047,CUST00651,2025-09-25 16:28:58,SHIPPED,EAST
ORD001048,CUST00350,2025-08-04 16:44:26,RETURNED,EAST
ORD001049,CUST00017,2025-05-17 23:32:10,RETURNED,CENTRAL
ORD001050,CUST00488,2025-01-05 00:20:55,DELIVERED,WEST
ORD001051,CUST00570,2026-05-16 14:18:03,DELIVERED,NORTH
ORD001052,CUST00552,2025-02-01 16:12:30,DELIVERED,EAST
ORD001053,CUST00996,2026-01-21 21:53:35,DELIVERED,SOUTH
ORD001054,CUST00860,2025-01-09 04:32:33,DELIVERED,SOUTH
ORD001055,CUST00456,10-01-2025,DELIVERED,EAST
ORD001056,CUST00697,2026-01-02 06:58:21,PLACED,CENTRAL
ORD001057,CUST00641,2025-11-07 08:03:06,SHIPPED,WEST
ORD001058,CUST00991,2026-01-07 01:20:22,SHIPPED,CENTRAL
ORD001059,CUST00215,2025-01-08 07:08:21,RETURNED,WEST
ORD001060,,2025-10-12 20:43:13,DELIVERED,SOUTH
ORD001061,CUST00566,2025-07-18 20:35:48,DELIVERED,CENTRAL
ORD001062,CUST00579,2025-06-29 02:22:46,DELIVERED,NORTH
ORD001063,CUST00131,2025-09-23 20:44:58,CANCELLED,CENTRAL
ORD001064,CUST00747,2025-10-08 06:59:06,CANCELLED,NORTH
ORD001065,CUST00994,2026-06-30 22:22:18,SHIPPED,CENTRAL
ORD001066,CUST00905,2026-04-10 00:04:16,RETURNED,NORTH
ORD001067,CUST00875,2025-11-27 15:44:54,CANCELLED,WEST
ORD001068,CUST00281,2025-05-05 18:52:13,DELIVERED,EAST
ORD001069,CUST00530,2025-02-14 08:10:31,PLACED,WEST
ORD001070,CUST00546,2026-04-05 11:30:50,PLACED,SOUTH
ORD001071,CUST00343,2025-03-25 20:49:09,CANCELLED,SOUTH
ORD001072,CUST00707,2026-03-10 02:42:37,RETURNED,SOUTH
ORD001073,CUST00169,04-12-2025,PLACED,NORTH
ORD001074,CUST00029,2026-05-07 15:43:36,CANCELLED,CENTRAL
ORD001075,CUST00817,2025-12-09 09:07:01,SHIPPED,WEST
ORD001076,CUST00245,2025-12-15 01:58:54,CANCELLED,CENTRAL
ORD001077,CUST00814,2025-08-31 02:39:16,DELIVERED,CENTRAL
ORD001078,CUST00450,2025-04-08 22:46:05,DELIVERED,NORTH
ORD001079,CUST00088,2025-03-04 01:12:50,DELIVERED,NORTH
ORD001080,CUST00802,2025-05-11 02:15:26,RETURNED,WEST
ORD001081,CUST00057,2025-11-05 22:14:10,DELIVERED,NORTH
ORD001082,CUST00105,2025-02-27 20:21:43,PLACED,WEST
ORD001083,CUST00412,2025-04-09 22:28:31,DELIVERED,SOUTH
ORD001084,CUST00886,2025-01-11 16:30:29,DELIVERED,WEST
ORD001085,CUST00902,2025-04-14 12:21:54,DELIVERED,NORTH
ORD001086,CUST00465,2026-06-14 11:56:57,DELIVERED,NORTH
ORD001087,CUST00106,2025-01-13 21:40:10,DELIVERED,CENTRAL
ORD001088,CUST00809,2025-07-18 20:52:12,PLACED,CENTRAL
ORD001089,CUST00263,30-12-2025,DELIVERED,CENTRAL
ORD001090,CUST00456,2025-07-10 08:51:10,PLACED,NORTH
ORD001091,CUST00062,2025-05-11 11:20:50,DELIVERED,CENTRAL
ORD001092,CUST00983,2026-01-02 11:19:48,DELIVERED,CENTRAL
ORD001093,CUST00795,2025-05-30 05:22:01,DELIVERED,CENTRAL
ORD001094,CUST00352,2025-10-26 13:25:43,RETURNED,CENTRAL
ORD001095,CUST00601,2025-05-29 02:05:12,SHIPPED,CENTRAL
ORD001096,CUST00880,25-02-2025,SHIPPED,SOUTH
ORD001097,CUST00656,2025-07-26 02:29:25,SHIPPED,WEST
ORD001098,CUST00712,2026-04-24 21:50:12,DELIVERED,CENTRAL
ORD001099,CUST00580,2025-12-10 22:25:53,SHIPPED,EAST
ORD001100,CUST00167,2025-04-18 16:32:26,CANCELLED,NORTH
ORD001101,CUST00508,2025-08-13 00:08:04,DELIVERED,SOUTH
ORD001102,CUST00478,2025-08-07 08:42:08,DELIVERED,EAST
ORD001103,CUST00827,2026-01-20 07:28:31,DELIVERED,NORTH
ORD001104,CUST00372,2025-01-11 02:41:04,DELIVERED,CENTRAL
ORD001105,CUST00118,2025-05-26 10:34:46,DELIVERED,CENTRAL
ORD001106,CUST00935,2026-01-04 01:35:54,RETURNED,SOUTH
ORD001107,CUST00203,2025-10-18 06:20:25,SHIPPED,EAST
ORD001108,CUST00737,2025-06-28 12:22:20,CANCELLED,SOUTH
ORD001109,CUST00183,2025-07-20 00:46:57,SHIPPED,EAST
ORD001110,CUST00933,2025-04-14 00:45:51,CANCELLED,SOUTH
ORD001111,CUST00389,2025-04-24 12:19:12,RETURNED,EAST
ORD001112,CUST00468,03-09-2025,CANCELLED,SOUTH
ORD001113,CUST00964,2026-06-24 22:41:24,CANCELLED,NORTH
ORD001114,CUST00122,2025-05-28 04:45:43,DELIVERED,SOUTH
ORD001115,CUST00546,2026-01-23 13:37:34,SHIPPED,WEST
ORD001116,CUST00652,2025-09-08 01:40:54,DELIVERED,CENTRAL
ORD001117,CUST00194,2026-07-03 10:42:39,DELIVERED,EAST
ORD001118,CUST00254,2025-02-24 22:55:04,DELIVERED,SOUTH
ORD001119,CUST00872,2026-06-05 21:15:56,CANCELLED,SOUTH
ORD001120,CUST00745,2025-03-25 17:08:11,DELIVERED,CENTRAL
ORD001121,CUST00067,2025-06-21 18:31:05,DELIVERED,CENTRAL
ORD001122,CUST00384,2026-05-26 18:53:32,DELIVERED,EAST
ORD001123,CUST00730,2026-01-18 19:07:55,DELIVERED,WEST
ORD001124,CUST00486,2025-10-02 21:09:37,DELIVERED,CENTRAL
ORD001125,CUST00666,2025-02-07 07:32:38,SHIPPED,SOUTH
ORD001126,CUST00463,2025-08-29 14:24:51,SHIPPED,WEST
ORD001127,CUST00911,2026-01-22 20:48:10,SHIPPED,EAST
ORD001128,CUST00261,2026-07-18 03:05:09,PLACED,NORTH
ORD001129,CUST00303,2026-04-01 18:53:22,DELIVERED,CENTRAL
ORD001130,CUST00043,2026-04-22 18:39:03,DELIVERED,WEST
ORD001131,CUST00462,2026-04-24 15:44:49,DELIVERED,WEST
ORD001132,CUST00325,2025-10-07 13:55:18,PLACED,WEST
ORD001133,CUST00240,2025-09-29 23:29:47,PLACED,NORTH
ORD001134,CUST00302,2026-05-29 18:40:12,DELIVERED,NORTH
ORD001135,CUST00805,2025-10-11 08:17:30,PLACED,NORTH
ORD001136,CUST00369,2025-02-09 19:52:48,SHIPPED,SOUTH
ORD001137,CUST00692,2025-12-04 09:06:11,SHIPPED,EAST
ORD001138,CUST00196,2025-05-22 19:46:28,RETURNED,NORTH
ORD001139,CUST00789,2025-11-03 10:15:42,CANCELLED,WEST
ORD001140,CUST00969,2026-02-20 21:06:55,DELIVERED,NORTH
ORD001141,CUST00484,2026-06-09 05:26:06,CANCELLED,SOUTH
ORD001142,CUST00233,2025-08-03 17:16:25,SHIPPED,CENTRAL
ORD001143,CUST00805,2026-07-20 17:03:58,DELIVERED,WEST
ORD001144,CUST00349,2025-03-29 11:23:55,CANCELLED,WEST
ORD001145,CUST00789,2026-03-04 07:37:50,DELIVERED,CENTRAL
ORD001146,CUST00031,2026-01-19 05:03:32,DELIVERED,SOUTH
ORD001147,CUST00313,2025-01-10 18:11:49,CANCELLED,EAST
ORD001148,CUST00348,2025-08-19 15:15:38,DELIVERED,WEST
ORD001149,CUST00782,2026-07-05 10:54:34,SHIPPED,NORTH
ORD001150,CUST00582,2025-02-02 05:03:56,SHIPPED,EAST
ORD001151,CUST00582,2026-02-05 13:53:00,SHIPPED,WEST
ORD001152,CUST00066,2026-07-02 14:04:10,SHIPPED,NORTH
ORD001153,CUST00337,2026-04-08 23:15:55,CANCELLED,NORTH
ORD001154,CUST00176,2025-04-17 20:07:50,SHIPPED,CENTRAL
ORD001155,CUST00501,2025-01-28 06:47:50,SHIPPED,WEST
ORD001156,CUST00291,2025-07-30 08:29:04,SHIPPED,CENTRAL
ORD001157,CUST00072,2026-04-11 02:05:30,DELIVERED,NORTH
ORD001158,CUST00176,2025-12-01 14:57:32,DELIVERED,NORTH
ORD001159,CUST00133,2026-07-04 15:14:02,DELIVERED,NORTH
ORD001160,CUST00399,2025-07-31 04:43:50,CANCELLED,EAST
ORD001161,CUST00443,2026-05-02 05:46:51,DELIVERED,EAST
ORD001162,CUST00602,2025-07-27 18:17:40,DELIVERED,WEST
ORD001163,CUST00283,2025-07-26 00:16:15,RETURNED,WEST
ORD001164,CUST00066,2026-02-13 22:01:18,CANCELLED,CENTRAL
ORD001165,CUST00337,2026-05-18 16:45:19,DELIVERED,NORTH
ORD001166,CUST00755,04-04-2025,DELIVERED,WEST
ORD001167,CUST00356,2025-11-01 14:14:20,DELIVERED,SOUTH
ORD001168,CUST00426,2025-09-13 06:32:17,CANCELLED,WEST
ORD001169,CUST00469,2026-01-29 23:59:46,SHIPPED,CENTRAL
ORD001170,CUST00098,2026-02-07 01:35:23,SHIPPED,SOUTH
ORD001171,CUST00281,2026-07-05 10:37:38,DELIVERED,NORTH
ORD001172,CUST00715,2025-08-11 17:58:02,DELIVERED,CENTRAL
ORD001173,CUST00125,2026-01-13 02:47:11,DELIVERED,CENTRAL
ORD001174,CUST00785,2025-11-30 14:55:52,DELIVERED,EAST
ORD001175,CUST00213,2026-06-03 01:37:30,DELIVERED,NORTH
ORD001176,CUST00655,2026-04-18 13:52:38,SHIPPED,WEST
ORD001177,,2025-07-19 14:26:32,PLACED,EAST
ORD001178,CUST00118,2025-05-20 11:54:35,DELIVERED,WEST
ORD001179,CUST00497,2026-04-18 02:29:03,PLACED,SOUTH
ORD001180,CUST00731,2026-03-25 05:06:23,DELIVERED,EAST
ORD001181,CUST00862,2025-06-15 06:12:39,CANCELLED,CENTRAL
ORD001182,CUST00103,2025-07-01 10:42:34,PLACED,WEST
ORD001183,CUST00173,2025-03-21 00:24:29,DELIVERED,SOUTH
ORD001184,CUST00452,2026-01-02 06:28:42,SHIPPED,NORTH
ORD001185,CUST00915,2026-06-30 07:52:13,DELIVERED,NORTH
ORD001186,CUST00857,2026-06-20 23:20:18,DELIVERED,NORTH
ORD001187,CUST00400,2025-11-12 16:09:54,PLACED,NORTH
ORD001188,CUST00050,2026-01-22 07:20:42,RETURNED,EAST
ORD001189,CUST00931,2025-09-02 07:16:52,PLACED,WEST
ORD001190,CUST00029,2025-01-15 12:16:26,CANCELLED,NORTH
ORD001191,CUST00226,2025-04-09 06:06:44,DELIVERED,NORTH
ORD001192,CUST00426,2026-06-09 03:55:14,CANCELLED,EAST
ORD001193,CUST00576,2025-07-14 22:44:37,SHIPPED,CENTRAL
ORD001194,CUST00405,2026-03-15 04:23:54,SHIPPED,NORTH
ORD001195,CUST00366,2025-11-28 06:19:16,PLACED,EAST
ORD001196,CUST00013,2026-02-03 07:44:47,DELIVERED,NORTH
ORD001197,CUST00674,2025-10-13 23:39:49,DELIVERED,NORTH
ORD001198,CUST00069,2025-08-12 14:58:03,SHIPPED,CENTRAL
ORD001199,CUST00512,2025-04-15 19:31:18,DELIVERED,CENTRAL
ORD001200,CUST00176,2025-09-15 03:26:58,DELIVERED,WEST
ORD001201,CUST00695,2025-05-17 12:05:22,SHIPPED,EAST
ORD001202,,2026-05-09 02:27:29,SHIPPED,CENTRAL
ORD001203,CUST00934,2026-04-05 13:55:18,DELIVERED,SOUTH
ORD001204,CUST00516,2025-01-14 08:28:08,PLACED,NORTH
ORD001205,CUST00317,2025-08-31 15:36:04,DELIVERED,CENTRAL
ORD001206,CUST00082,2025-03-03 05:00:29,DELIVERED,EAST
ORD001207,CUST00207,2025-06-05 13:40:50,SHIPPED,NORTH
ORD001208,CUST00244,2026-03-31 11:58:02,PLACED,EAST
ORD001209,CUST00660,10-02-2025,DELIVERED,WEST
ORD001210,CUST00664,2025-10-23 00:51:45,SHIPPED,EAST
ORD001211,CUST00351,2025-09-06 07:29:36,DELIVERED,SOUTH
ORD001212,CUST00821,2025-08-16 22:08:20,CANCELLED,CENTRAL
ORD001213,CUST00330,2025-07-07 16:06:21,DELIVERED,NORTH
ORD001214,CUST00891,2026-05-19 02:32:53,RETURNED,NORTH
ORD001215,CUST00650,2025-05-25 07:26:07,PLACED,SOUTH
ORD001216,CUST00607,2026-07-17 07:26:27,SHIPPED,NORTH
ORD001217,CUST00437,2026-04-24 11:20:24,SHIPPED,SOUTH
ORD001218,CUST00251,2026-03-11 06:25:25,DELIVERED,EAST
ORD001219,CUST00293,2026-04-05 23:08:29,SHIPPED,WEST
ORD001220,CUST00082,2026-01-04 14:29:58,DELIVERED,WEST
ORD001221,CUST00452,09-03-2026,DELIVERED,WEST
ORD001222,CUST00779,2025-06-09 17:32:56,PLACED,WEST
ORD001223,CUST00438,2025-03-27 10:55:51,DELIVERED,SOUTH
ORD001224,CUST00567,2025-06-29 09:22:03,DELIVERED,EAST
ORD001225,CUST00465,2025-10-18 13:39:31,DELIVERED,WEST
ORD001226,CUST00074,2025-12-08 04:58:31,DELIVERED,SOUTH
ORD001227,CUST00159,2025-07-14 00:09:07,PLACED,CENTRAL
ORD001228,,19-01-2026,DELIVERED,WEST
ORD001229,CUST00963,2026-02-09 13:35:08,DELIVERED,EAST
ORD001230,CUST00657,2025-03-14 14:53:00,CANCELLED,NORTH
ORD001231,CUST00395,2025-06-16 07:04:17,DELIVERED,EAST
ORD001232,CUST00790,2025-12-23 18:33:15,DELIVERED,EAST
ORD001233,CUST00714,2025-03-01 23:41:55,DELIVERED,WEST
ORD001234,CUST00754,2025-09-10 08:49:25,DELIVERED,EAST
ORD001235,CUST00647,2025-01-29 23:29:45,PLACED,CENTRAL
ORD001236,CUST00467,2025-05-31 09:15:30,SHIPPED,CENTRAL
ORD001237,,2025-06-15 00:26:57,PLACED,NORTH
ORD001238,CUST00660,2026-01-29 14:28:42,DELIVERED,NORTH
ORD001239,CUST00531,2025-07-13 15:23:56,SHIPPED,WEST
ORD001240,CUST00259,2025-11-06 18:13:40,RETURNED,WEST
ORD001241,CUST00601,2025-11-12 14:59:10,DELIVERED,NORTH
ORD001242,CUST00112,2025-12-19 05:11:45,SHIPPED,SOUTH
ORD001243,CUST00953,2026-02-12 11:13:03,PLACED,SOUTH
ORD001244,CUST00836,2026-05-19 00:03:26,PLACED,WEST
ORD001245,CUST00538,2026-03-03 23:49:49,SHIPPED,WEST
ORD001246,CUST00175,2025-06-30 13:38:26,SHIPPED,SOUTH
ORD001247,,2026-05-14 06:37:33,DELIVERED,NORTH
ORD001248,CUST00462,2025-08-06 06:45:31,SHIPPED,SOUTH
ORD001249,CUST00829,2025-07-16 09:26:33,RETURNED,WEST
ORD001250,CUST00452,2025-04-22 23:10:18,SHIPPED,EAST
ORD001251,,2026-01-22 04:32:22,SHIPPED,EAST
ORD001252,CUST00031,2025-08-29 17:23:58,DELIVERED,NORTH
ORD001253,CUST00010,2025-03-04 09:41:15,DELIVERED,NORTH
ORD001254,CUST00682,2025-02-12 03:31:33,SHIPPED,NORTH
ORD001255,CUST00385,2026-06-17 09:40:43,RETURNED,WEST
ORD001256,CUST00776,2025-12-12 22:00:16,DELIVERED,EAST
ORD001257,CUST00699,2025-12-18 11:28:37,CANCELLED,EAST
ORD001258,CUST00682,2026-02-13 13:46:42,DELIVERED,EAST
ORD001259,CUST00895,05-12-2025,PLACED,WEST
ORD001260,CUST00743,2025-05-23 00:56:05,DELIVERED,CENTRAL
ORD001261,CUST00287,2025-09-12 13:24:50,DELIVERED,WEST
ORD001262,CUST00528,2026-02-28 06:50:33,PLACED,EAST
ORD001263,CUST00018,2026-01-04 01:39:57,RETURNED,EAST
ORD001264,CUST00695,2026-03-31 08:30:12,DELIVERED,WEST
ORD001265,CUST00757,25-03-2025,DELIVERED,WEST
ORD001266,CUST00675,2025-04-13 14:00:44,SHIPPED,SOUTH
ORD001267,CUST00730,2025-05-27 18:56:04,CANCELLED,CENTRAL
ORD001268,CUST00033,2025-05-11 18:07:44,DELIVERED,EAST
ORD001269,CUST00853,2026-07-16 16:59:44,SHIPPED,WEST
ORD001270,CUST00978,2025-04-29 17:33:18,DELIVERED,SOUTH
ORD001271,CUST00250,2025-08-05 06:12:18,DELIVERED,NORTH
ORD001272,CUST00109,2026-03-22 01:03:50,SHIPPED,EAST
ORD001273,CUST00925,2026-01-28 10:12:27,SHIPPED,EAST
ORD001274,CUST00682,2026-05-03 04:28:54,DELIVERED,CENTRAL
ORD001275,CUST00649,2026-05-19 03:17:34,DELIVERED,EAST
ORD001276,CUST00893,2025-08-18 20:58:13,DELIVERED,CENTRAL
ORD001277,CUST00067,2025-12-18 13:43:35,RETURNED,WEST
ORD001278,CUST00670,2026-07-30 15:54:33,CANCELLED,SOUTH
ORD001279,CUST00266,2025-04-29 10:35:38,PLACED,NORTH
ORD001280,CUST00349,2025-07-12 04:13:38,DELIVERED,SOUTH
ORD001281,CUST00874,2025-11-17 13:50:32,DELIVERED,NORTH
ORD001282,CUST00319,2025-03-05 21:29:00,DELIVERED,WEST
ORD001283,CUST00434,2025-11-24 13:17:24,DELIVERED,SOUTH
ORD001284,CUST00533,2025-08-16 03:52:50,DELIVERED,CENTRAL
ORD001285,CUST00873,2026-04-17 11:30:09,PLACED,EAST
ORD001286,CUST00858,2025-08-13 18:11:54,DELIVERED,SOUTH
ORD001287,CUST00616,2025-10-18 05:18:39,DELIVERED,NORTH
ORD001288,CUST00614,2025-11-24 11:14:47,DELIVERED,NORTH
ORD001289,CUST00281,2026-05-05 22:58:36,CANCELLED,WEST
ORD001290,CUST00299,2026-01-21 02:08:28,RETURNED,EAST
ORD001291,CUST00157,2025-08-04 08:11:40,DELIVERED,NORTH
ORD001292,CUST00946,2025-07-03 17:44:58,DELIVERED,EAST
ORD001293,CUST00835,2025-06-13 00:47:06,DELIVERED,EAST
ORD001294,CUST00433,2026-04-30 12:40:53,DELIVERED,WEST
ORD001295,CUST00074,2026-06-25 10:18:18,SHIPPED,SOUTH
ORD001296,CUST00718,2026-07-16 14:20:12,PLACED,EAST
ORD001297,CUST00771,25-02-2025,DELIVERED,SOUTH
ORD001298,CUST00592,2025-05-21 16:05:18,DELIVERED,EAST
ORD001299,,2025-05-29 07:38:14,SHIPPED,SOUTH
ORD001300,CUST00753,2025-01-10 13:11:17,DELIVERED,CENTRAL
ORD001301,CUST00105,2025-06-01 13:42:35,RETURNED,WEST
ORD001302,CUST00696,2025-06-22 02:03:03,PLACED,WEST
ORD001303,CUST00184,23-02-2025,RETURNED,EAST
ORD001304,CUST00608,2026-03-21 05:24:33,DELIVERED,WEST
ORD001305,CUST00251,2025-02-04 04:19:31,SHIPPED,WEST
ORD001306,CUST00310,2025-06-26 23:46:03,DELIVERED,NORTH
ORD001307,CUST00797,2026-04-20 23:40:37,DELIVERED,WEST
ORD001308,CUST00377,2025-01-12 04:22:08,PLACED,NORTH
ORD001309,CUST00501,2026-06-06 08:11:22,PLACED,CENTRAL
ORD001310,CUST00587,2026-05-07 09:57:57,DELIVERED,NORTH
ORD001311,CUST00814,2025-07-05 13:58:46,DELIVERED,WEST
ORD001312,CUST00306,2025-05-09 03:37:13,SHIPPED,CENTRAL
ORD001313,CUST00190,2026-02-20 00:43:08,DELIVERED,CENTRAL
ORD001314,CUST00803,2026-06-27 17:47:16,PLACED,CENTRAL
ORD001315,CUST00552,2025-05-08 07:33:12,RETURNED,NORTH
ORD001316,CUST00186,2025-07-04 00:11:37,DELIVERED,EAST
ORD001317,CUST00126,2025-02-10 04:41:24,DELIVERED,SOUTH
ORD001318,CUST00090,2026-07-30 09:20:54,CANCELLED,NORTH
ORD001319,CUST00087,2025-05-08 18:25:41,SHIPPED,CENTRAL
ORD001320,CUST00176,2026-03-10 23:57:46,PLACED,EAST
ORD001321,CUST00048,2026-06-16 10:40:56,DELIVERED,WEST
ORD001322,CUST00144,2026-05-18 11:23:37,DELIVERED,EAST
ORD001323,,2026-07-06 18:35:24,SHIPPED,NORTH
ORD001324,CUST00679,2025-02-15 08:37:57,PLACED,SOUTH
ORD001325,CUST00307,2025-08-09 04:53:10,DELIVERED,SOUTH
ORD001326,CUST00606,2026-01-03 10:05:58,PLACED,CENTRAL
ORD001327,CUST00433,2025-03-18 20:01:09,SHIPPED,WEST
ORD001328,CUST00666,2025-06-17 14:33:56,DELIVERED,EAST
ORD001329,CUST00693,2026-03-12 05:12:55,DELIVERED,NORTH
ORD001330,CUST00645,2025-10-03 23:03:04,DELIVERED,SOUTH
ORD001331,CUST00732,2026-01-17 20:31:17,DELIVERED,CENTRAL
ORD001332,CUST00620,2025-06-17 15:16:49,CANCELLED,EAST
ORD001333,CUST00807,2026-03-21 13:47:48,PLACED,CENTRAL
ORD001334,CUST00254,2025-03-21 09:50:05,PLACED,NORTH
ORD001335,CUST00701,2026-07-16 14:48:37,PLACED,NORTH
ORD001336,CUST00372,2025-12-08 09:56:55,PLACED,SOUTH
ORD001337,CUST00281,2025-01-11 03:33:58,DELIVERED,SOUTH
ORD001338,CUST00388,2025-04-18 04:29:47,SHIPPED,EAST
ORD001339,CUST00603,2026-05-17 03:28:42,DELIVERED,CENTRAL
ORD001340,,2025-10-16 20:04:51,SHIPPED,NORTH
ORD001341,CUST00919,2025-02-19 06:13:00,SHIPPED,WEST
ORD001342,CUST00186,2025-12-20 19:21:28,DELIVERED,WEST
ORD001343,CUST00489,2025-05-11 09:25:55,PLACED,CENTRAL
ORD001344,,2025-06-09 23:56:28,PLACED,WEST
ORD001345,CUST00582,2025-10-01 01:55:29,RETURNED,EAST
ORD001346,CUST00725,2025-09-13 22:09:43,DELIVERED,WEST
ORD001347,CUST00188,2026-03-26 12:53:19,DELIVERED,CENTRAL
ORD001348,CUST00294,2025-10-10 15:34:28,DELIVERED,SOUTH
ORD001349,CUST00313,2025-03-31 11:07:43,DELIVERED,EAST
ORD001350,CUST00866,2025-04-03 23:06:28,PLACED,SOUTH
ORD001351,CUST00968,2025-04-06 06:00:41,DELIVERED,NORTH
ORD001352,CUST00762,2025-10-20 20:10:34,RETURNED,NORTH
ORD001353,CUST00986,2026-03-11 18:31:14,RETURNED,SOUTH
ORD001354,CUST00492,2026-05-25 18:45:03,DELIVERED,CENTRAL
ORD001355,CUST00715,2025-05-08 14:45:45,PLACED,SOUTH
ORD001356,CUST00933,2025-01-08 15:28:22,DELIVERED,EAST
ORD001357,CUST00251,2026-06-25 22:10:48,PLACED,WEST
ORD001358,CUST00988,2025-06-22 19:03:38,RETURNED,SOUTH
ORD001359,CUST00077,2026-01-11 04:51:14,DELIVERED,NORTH
ORD001360,CUST00433,2026-05-23 13:48:08,SHIPPED,NORTH
ORD001361,CUST00347,2025-09-13 19:37:43,CANCELLED,NORTH
ORD001362,CUST00298,2025-11-03 17:35:24,SHIPPED,SOUTH
ORD001363,CUST00003,2026-02-08 07:55:03,RETURNED,CENTRAL
ORD001364,CUST00846,2025-02-06 16:51:33,CANCELLED,WEST
ORD001365,CUST00059,2025-12-31 00:12:52,DELIVERED,EAST
ORD001366,CUST00306,2025-12-29 03:54:06,PLACED,SOUTH
ORD001367,CUST00412,2025-12-30 00:19:21,PLACED,WEST
ORD001368,CUST00203,2025-03-28 19:15:49,DELIVERED,SOUTH
ORD001369,CUST00421,2025-05-07 17:44:46,PLACED,EAST
ORD001370,CUST00232,2026-04-27 14:23:40,DELIVERED,EAST
ORD001371,CUST00439,2025-07-06 19:31:50,CANCELLED,NORTH
ORD001372,,2026-03-26 05:53:31,PLACED,WEST
ORD001373,,2026-01-03 07:13:33,PLACED,EAST
ORD001374,CUST00042,2025-05-17 14:21:53,DELIVERED,EAST
ORD001375,CUST00923,2025-02-02 05:50:12,DELIVERED,WEST
ORD001376,CUST00983,2025-09-30 04:19:30,DELIVERED,CENTRAL
ORD001377,CUST00508,2025-05-11 11:49:43,DELIVERED,WEST
ORD001378,CUST00514,2026-02-03 04:47:05,PLACED,NORTH
ORD001379,CUST00812,2025-01-22 04:35:31,SHIPPED,CENTRAL
ORD001380,CUST00014,2025-08-31 01:53:40,DELIVERED,EAST
ORD001381,CUST00440,2025-01-09 15:48:48,DELIVERED,EAST
ORD001382,CUST00498,26-03-2025,SHIPPED,SOUTH
ORD001383,,08-06-2026,SHIPPED,NORTH
ORD001384,CUST00885,2025-09-27 09:00:21,DELIVERED,WEST
ORD001385,CUST00204,2026-05-01 03:45:08,DELIVERED,CENTRAL
ORD001386,CUST00626,2025-07-05 06:52:09,RETURNED,CENTRAL
ORD001387,CUST00645,2025-06-02 08:21:05,PLACED,WEST
ORD001388,CUST00040,2025-10-08 06:59:49,RETURNED,WEST
ORD001389,CUST00019,2025-07-24 03:18:39,CANCELLED,WEST
ORD001390,CUST00418,2026-06-22 11:09:26,DELIVERED,SOUTH
ORD001391,CUST00228,2025-12-11 15:30:46,DELIVERED,CENTRAL
ORD001392,CUST00438,2025-02-22 11:04:43,PLACED,EAST
ORD001393,CUST00288,2025-12-26 15:13:17,SHIPPED,NORTH
ORD001394,CUST00187,2025-02-11 00:01:10,PLACED,EAST
ORD001395,CUST00218,2025-10-20 17:11:13,SHIPPED,CENTRAL
ORD001396,CUST00104,2026-03-18 06:43:47,SHIPPED,WEST
ORD001397,CUST00373,2025-12-09 11:04:52,PLACED,NORTH
ORD001398,,2026-07-20 04:44:39,SHIPPED,EAST
ORD001399,CUST00761,2026-06-26 22:01:01,DELIVERED,EAST
ORD001400,CUST00216,2026-01-29 03:10:33,CANCELLED,SOUTH
ORD001401,CUST00645,2025-05-04 01:29:39,DELIVERED,SOUTH
ORD001402,CUST00198,2026-04-02 03:35:28,PLACED,CENTRAL
ORD001403,CUST00634,2025-12-18 10:58:35,DELIVERED,SOUTH
ORD001404,CUST00547,2025-06-07 01:35:42,PLACED,WEST
ORD001405,CUST00564,2025-09-16 20:24:05,RETURNED,EAST
ORD001406,,01-05-2025,PLACED,WEST
ORD001407,CUST00537,2026-05-31 00:47:47,SHIPPED,EAST
ORD001408,CUST00714,2025-05-13 10:32:45,PLACED,CENTRAL
ORD001409,CUST00063,2025-07-14 14:28:20,DELIVERED,CENTRAL
ORD001410,CUST00892,2026-06-10 02:43:48,SHIPPED,CENTRAL
ORD001411,CUST00394,2026-07-30 14:12:30,DELIVERED,EAST
ORD001412,CUST00212,08-07-2025,SHIPPED,SOUTH
ORD001413,CUST00607,2025-01-10 18:40:13,DELIVERED,CENTRAL
ORD001414,CUST00266,2025-11-07 08:01:19,SHIPPED,EAST
ORD001415,CUST00566,2025-05-02 06:13:47,SHIPPED,CENTRAL
ORD001416,CUST00244,2025-10-26 01:25:23,DELIVERED,EAST
ORD001417,CUST00950,2025-05-17 09:50:46,CANCELLED,NORTH
ORD001418,CUST00658,2025-09-12 07:38:41,DELIVERED,NORTH
ORD001419,CUST00665,2025-12-22 23:02:07,DELIVERED,EAST
ORD001420,CUST00333,2025-03-27 19:59:54,SHIPPED,SOUTH
ORD001421,CUST00419,2025-10-29 11:49:10,RETURNED,NORTH
ORD001422,CUST00844,2025-12-31 07:59:01,DELIVERED,EAST
ORD001423,CUST00181,2025-09-20 00:34:09,DELIVERED,CENTRAL
ORD001424,CUST00109,2026-01-27 23:48:18,SHIPPED,CENTRAL
ORD001425,CUST00565,2025-07-31 16:05:58,SHIPPED,EAST
ORD001426,CUST00209,2026-02-09 05:40:00,DELIVERED,WEST
ORD001427,CUST00378,2025-06-01 17:26:24,PLACED,SOUTH
ORD001428,CUST00471,2025-07-09 06:24:43,SHIPPED,WEST
ORD001429,CUST00966,2025-07-04 23:34:37,SHIPPED,EAST
ORD001430,CUST00167,2025-07-01 14:21:08,DELIVERED,SOUTH
ORD001431,CUST00072,2025-05-27 02:37:23,DELIVERED,WEST
ORD001432,CUST00931,2026-02-17 03:38:57,DELIVERED,SOUTH
ORD001433,CUST00745,2025-01-13 21:57:54,PLACED,WEST
ORD001434,CUST00022,2025-04-23 00:29:36,DELIVERED,NORTH
ORD001435,CUST00136,2025-09-12 03:02:37,SHIPPED,CENTRAL
ORD001436,CUST00014,2025-01-10 03:52:18,DELIVERED,EAST
ORD001437,CUST00874,2025-03-29 07:21:58,PLACED,CENTRAL
ORD001438,CUST00914,2026-03-31 05:56:23,SHIPPED,WEST
ORD001439,CUST00159,2025-09-07 02:02:03,DELIVERED,EAST
ORD001440,CUST00643,2026-07-11 04:28:51,PLACED,NORTH
ORD001441,CUST00106,2026-07-12 10:48:14,PLACED,WEST
ORD001442,CUST00146,2025-01-02 08:10:01,PLACED,WEST
ORD001443,CUST00395,2025-05-31 12:51:49,DELIVERED,SOUTH
ORD001444,CUST00944,2026-01-29 04:05:33,DELIVERED,NORTH
ORD001445,CUST00230,2025-04-15 10:15:37,DELIVERED,CENTRAL
ORD001446,CUST00342,2025-05-02 13:07:30,RETURNED,NORTH
ORD001447,CUST00918,2025-02-14 22:00:33,SHIPPED,WEST
ORD001448,CUST00544,2025-12-09 21:49:52,SHIPPED,WEST
ORD001449,CUST00154,2025-11-05 22:44:48,CANCELLED,EAST
ORD001450,CUST00897,17-04-2025,RETURNED,EAST
ORD001451,CUST00956,2025-09-29 02:46:49,DELIVERED,SOUTH
ORD001452,CUST00797,2025-05-31 11:39:36,PLACED,WEST
ORD001453,CUST00739,2026-05-05 02:27:02,PLACED,WEST
ORD001454,CUST00983,2025-10-13 05:16:01,PLACED,SOUTH
ORD001455,CUST00187,2026-01-30 12:50:17,SHIPPED,WEST
ORD001456,CUST00493,2026-02-28 21:54:31,DELIVERED,EAST
ORD001457,CUST00142,2025-09-09 13:57:04,DELIVERED,WEST
ORD001458,CUST00552,2026-07-01 17:56:06,DELIVERED,SOUTH
ORD001459,,2025-03-27 21:09:08,DELIVERED,CENTRAL
ORD001460,CUST00592,2025-08-13 03:10:36,SHIPPED,NORTH
ORD001461,CUST00209,2025-01-18 13:11:40,DELIVERED,SOUTH
ORD001462,CUST00944,2025-04-23 02:10:08,RETURNED,EAST
ORD001463,CUST00870,2025-05-23 10:43:46,DELIVERED,CENTRAL
ORD001464,CUST00996,2026-03-08 08:49:44,SHIPPED,SOUTH
ORD001465,CUST00058,2025-05-22 04:16:06,RETURNED,SOUTH
ORD001466,CUST00387,2025-01-27 15:27:47,DELIVERED,NORTH
ORD001467,CUST00679,2025-03-17 17:21:38,CANCELLED,SOUTH
ORD001468,CUST00031,2025-05-31 13:17:53,PLACED,SOUTH
ORD001469,CUST00079,2025-01-13 20:43:23,CANCELLED,WEST
ORD001470,CUST00154,2025-07-06 17:06:13,DELIVERED,CENTRAL
ORD001471,CUST00716,2025-11-03 17:07:08,DELIVERED,EAST
ORD001472,CUST00455,2025-01-14 10:26:27,PLACED,NORTH
ORD001473,CUST00903,2025-02-02 21:59:50,DELIVERED,CENTRAL
ORD001474,CUST00165,2025-01-12 14:25:55,CANCELLED,WEST
ORD001475,CUST00568,2025-09-22 20:49:41,DELIVERED,SOUTH
ORD001476,CUST00434,2025-06-10 09:53:48,RETURNED,CENTRAL
ORD001477,CUST00387,2025-05-09 07:42:49,DELIVERED,NORTH
ORD001478,CUST00225,2026-02-06 06:41:17,CANCELLED,CENTRAL
ORD001479,CUST00620,2025-03-21 17:03:18,DELIVERED,WEST
ORD001480,CUST00848,2026-01-25 06:00:03,PLACED,EAST
ORD001481,CUST00663,2026-03-11 07:05:23,SHIPPED,NORTH
ORD001482,CUST00080,2026-01-07 21:57:41,DELIVERED,EAST
ORD001483,CUST00029,2025-09-03 10:16:29,SHIPPED,NORTH
ORD001484,CUST00067,2025-08-05 21:44:24,PLACED,EAST
ORD001485,CUST00193,2026-07-19 07:20:40,DELIVERED,NORTH
ORD001486,CUST00247,2025-10-03 03:05:46,RETURNED,CENTRAL
ORD001487,CUST00046,2026-05-11 01:39:47,PLACED,NORTH
ORD001488,CUST00967,2025-11-13 00:18:31,RETURNED,EAST
ORD001489,CUST00982,12-02-2026,SHIPPED,WEST
ORD001490,CUST00744,2025-12-31 04:42:56,DELIVERED,NORTH
ORD001491,CUST00340,22-02-2026,PLACED,SOUTH
ORD001492,CUST00025,2026-01-27 17:21:55,DELIVERED,NORTH
ORD001493,CUST00298,2025-06-15 05:31:02,DELIVERED,NORTH
ORD001494,CUST00907,2025-04-06 08:25:52,CANCELLED,SOUTH
ORD001495,CUST00788,2025-06-14 18:15:48,DELIVERED,CENTRAL
ORD001496,CUST00668,2026-06-20 12:25:49,DELIVERED,SOUTH
ORD001497,CUST00348,2025-10-25 13:07:07,DELIVERED,WEST
ORD001498,CUST00041,2026-02-01 08:42:20,SHIPPED,CENTRAL
ORD001499,CUST00622,18-03-2025,DELIVERED,WEST
ORD001500,CUST00100,2025-01-16 05:11:33,DELIVERED,EAST
ORD001501,,31-03-2025,PLACED,EAST
ORD001502,CUST00174,2025-10-30 05:52:44,PLACED,CENTRAL
ORD001503,CUST00373,2025-12-28 03:14:55,PLACED,WEST
ORD001504,CUST00265,2026-04-30 09:19:17,DELIVERED,WEST
ORD001505,CUST00666,2025-05-24 04:30:48,RETURNED,WEST
ORD001506,CUST00041,2026-01-08 10:26:08,DELIVERED,CENTRAL
ORD001507,CUST00940,2025-05-13 16:03:00,DELIVERED,CENTRAL
ORD001508,CUST00975,2025-11-18 13:36:19,PLACED,WEST
ORD001509,CUST00519,2026-04-06 09:34:09,CANCELLED,NORTH
ORD001510,CUST00636,2025-02-28 08:54:48,DELIVERED,CENTRAL
ORD001511,CUST00009,2025-06-08 03:50:01,SHIPPED,SOUTH
ORD001512,CUST00584,2026-02-13 02:39:25,SHIPPED,WEST
ORD001513,CUST00686,06-04-2025,DELIVERED,CENTRAL
ORD001514,CUST00922,2026-04-22 03:58:22,PLACED,NORTH
ORD001515,CUST00940,2026-02-11 15:46:09,SHIPPED,EAST
ORD001516,CUST00067,2025-11-21 12:28:02,RETURNED,WEST
ORD001517,,2026-05-03 04:09:44,SHIPPED,NORTH
ORD001518,CUST00559,2025-06-09 17:06:39,PLACED,SOUTH
ORD001519,CUST00328,2025-02-02 21:53:04,DELIVERED,NORTH
ORD001520,,2026-01-06 15:39:35,RETURNED,SOUTH
ORD001521,CUST00056,2025-08-05 00:50:07,RETURNED,WEST
ORD001522,CUST00277,2025-09-16 23:08:40,SHIPPED,SOUTH
ORD001523,CUST00071,2025-10-08 14:44:53,PLACED,WEST
ORD001524,CUST00893,2026-03-06 19:06:23,SHIPPED,EAST
ORD001525,CUST00189,2025-02-25 03:21:56,CANCELLED,WEST
ORD001526,CUST00351,2025-11-01 05:59:25,SHIPPED,WEST
ORD001527,CUST00494,2026-05-02 19:29:49,DELIVERED,SOUTH
ORD001528,CUST00989,2026-03-24 12:54:50,RETURNED,CENTRAL
ORD001529,CUST00399,2025-01-11 20:25:19,DELIVERED,CENTRAL
ORD001530,CUST00204,2025-03-21 21:03:43,DELIVERED,EAST
ORD001531,CUST00681,2025-11-21 00:30:59,SHIPPED,WEST
ORD001532,CUST00957,2025-06-01 18:11:03,CANCELLED,NORTH
ORD001533,CUST00812,2026-02-21 09:34:06,DELIVERED,NORTH
ORD001534,CUST00462,2025-05-09 23:05:38,DELIVERED,CENTRAL
ORD001535,CUST00100,2025-02-07 07:57:35,DELIVERED,SOUTH
ORD001536,CUST00431,2026-07-14 06:02:51,DELIVERED,SOUTH
ORD001537,CUST00357,2025-08-03 06:57:35,RETURNED,CENTRAL
ORD001538,CUST00979,2025-01-15 13:28:50,CANCELLED,NORTH
ORD001539,CUST00310,2025-11-11 18:16:49,CANCELLED,NORTH
ORD001540,,2026-05-27 23:37:34,RETURNED,WEST
ORD001541,CUST00421,2025-12-27 12:49:25,CANCELLED,WEST
ORD001542,CUST00536,2025-12-10 04:07:40,RETURNED,WEST
ORD001543,CUST00439,2026-01-18 06:26:26,DELIVERED,SOUTH
ORD001544,CUST00556,2026-03-23 13:53:32,SHIPPED,WEST
ORD001545,CUST00650,2025-10-18 22:35:13,RETURNED,NORTH
ORD001546,CUST00090,2025-04-17 03:15:49,DELIVERED,CENTRAL
ORD001547,CUST00955,2026-02-26 03:46:28,DELIVERED,CENTRAL
ORD001548,CUST00950,2026-07-12 03:37:48,DELIVERED,CENTRAL
ORD001549,CUST00596,2025-02-03 10:33:18,CANCELLED,SOUTH
ORD001550,CUST00229,2026-04-11 20:04:57,DELIVERED,SOUTH
ORD001551,CUST00877,2026-04-26 04:31:50,DELIVERED,WEST
ORD001552,CUST00423,2026-02-10 00:16:36,RETURNED,SOUTH
ORD001553,CUST00520,2025-10-18 09:44:36,CANCELLED,EAST
ORD001554,CUST00315,2026-03-01 08:47:41,PLACED,WEST
ORD001555,CUST00034,2025-01-16 00:57:20,SHIPPED,EAST
ORD001556,CUST00861,16-06-2026,SHIPPED,SOUTH
ORD001557,CUST00983,2026-03-17 08:48:17,DELIVERED,WEST
ORD001558,CUST00198,2026-02-07 01:52:40,CANCELLED,CENTRAL
ORD001559,CUST00440,2025-05-12 23:09:57,DELIVERED,SOUTH
ORD001560,CUST00413,2025-11-22 18:50:00,SHIPPED,SOUTH
ORD001561,CUST00102,2025-05-10 18:21:33,PLACED,CENTRAL
ORD001562,CUST00804,2026-02-06 22:50:23,RETURNED,CENTRAL
ORD001563,CUST00163,2025-11-27 07:25:07,PLACED,NORTH
ORD001564,CUST00448,2025-01-12 22:53:50,DELIVERED,SOUTH
ORD001565,CUST00029,2026-07-11 02:52:04,DELIVERED,NORTH
ORD001566,CUST00761,2025-05-14 16:31:08,DELIVERED,EAST
ORD001567,CUST00192,2025-09-03 23:45:27,CANCELLED,EAST
ORD001568,CUST00199,2026-07-03 08:55:45,DELIVERED,WEST
ORD001569,CUST00789,2025-09-24 01:53:02,SHIPPED,SOUTH
ORD001570,CUST00643,2025-01-24 23:14:34,RETURNED,NORTH
ORD001571,CUST00114,16-04-2026,PLACED,SOUTH
ORD001572,CUST00290,2025-09-26 06:34:35,PLACED,WEST
ORD001573,,2026-01-06 07:34:19,DELIVERED,WEST
ORD001574,CUST00815,2025-01-23 15:03:50,PLACED,NORTH
ORD001575,CUST00216,2026-03-06 13:39:45,CANCELLED,WEST
ORD001576,CUST00828,2025-06-14 06:32:47,SHIPPED,SOUTH
ORD001577,CUST00676,2025-02-02 04:16:02,RETURNED,EAST
ORD001578,CUST00496,2026-07-14 00:10:57,SHIPPED,EAST
ORD001579,CUST00949,2025-05-05 07:01:16,DELIVERED,CENTRAL
ORD001580,,2026-06-15 18:37:55,DELIVERED,SOUTH
ORD001581,CUST00888,2026-01-09 04:10:45,CANCELLED,NORTH
ORD001582,CUST00336,2025-05-22 08:00:04,PLACED,SOUTH
ORD001583,CUST00275,2025-10-08 17:32:00,SHIPPED,NORTH
ORD001584,CUST00357,2026-07-19 23:44:09,SHIPPED,WEST
ORD001585,CUST00447,2026-06-09 14:33:41,RETURNED,EAST
ORD001586,CUST00178,2025-07-22 10:14:02,RETURNED,NORTH
ORD001587,CUST00598,2025-11-16 06:01:52,DELIVERED,WEST
ORD001588,CUST00444,2026-04-02 15:25:40,DELIVERED,EAST
ORD001589,CUST00836,2025-11-23 22:40:46,PLACED,WEST
ORD001590,CUST00440,2025-07-24 20:38:56,DELIVERED,NORTH
ORD001591,CUST00461,2025-06-21 01:13:44,RETURNED,EAST
ORD001592,CUST00601,2026-02-24 10:41:06,DELIVERED,CENTRAL
ORD001593,CUST00361,2026-02-12 01:05:24,PLACED,EAST
ORD001594,CUST00440,2025-07-10 13:01:30,SHIPPED,SOUTH
ORD001595,CUST00673,2026-01-16 13:32:34,PLACED,EAST
ORD001596,CUST00126,2025-01-10 11:35:58,DELIVERED,EAST
ORD001597,CUST00219,2026-04-22 20:39:39,DELIVERED,SOUTH
ORD001598,CUST00576,2025-03-09 14:02:20,SHIPPED,SOUTH
ORD001599,CUST00540,2025-08-11 03:44:49,DELIVERED,CENTRAL
ORD001600,,2025-03-18 20:53:48,CANCELLED,WEST
ORD001601,CUST00699,2026-03-22 11:34:12,CANCELLED,SOUTH
ORD001602,CUST00202,2025-02-20 17:59:00,DELIVERED,EAST
ORD001603,CUST00432,2025-05-03 04:31:05,DELIVERED,CENTRAL
ORD001604,CUST00335,2026-01-28 08:36:28,DELIVERED,EAST
ORD001605,CUST00019,2025-01-05 16:48:45,SHIPPED,WEST
ORD001606,CUST00038,2026-07-01 19:12:22,PLACED,NORTH
ORD001607,CUST00072,2026-04-27 03:27:47,CANCELLED,WEST
ORD001608,CUST00741,2025-11-05 10:00:02,SHIPPED,EAST
ORD001609,CUST00410,23-03-2025,DELIVERED,WEST
ORD001610,CUST00628,2025-02-18 14:19:14,SHIPPED,WEST
ORD001611,CUST00506,2025-05-05 13:36:48,RETURNED,NORTH
ORD001612,CUST00030,2025-08-18 01:44:29,CANCELLED,SOUTH
ORD001613,CUST00108,2025-11-27 15:51:45,SHIPPED,NORTH
ORD001614,CUST00196,2026-01-13 19:34:18,RETURNED,NORTH
ORD001615,CUST00266,2025-02-14 04:02:03,PLACED,EAST
ORD001616,CUST00077,2025-09-28 11:59:25,DELIVERED,WEST
ORD001617,CUST00277,2025-06-24 05:00:56,DELIVERED,NORTH
ORD001618,CUST00130,2025-11-23 05:23:18,DELIVERED,WEST
ORD001619,CUST00653,2026-04-03 04:27:19,DELIVERED,SOUTH
ORD001620,CUST00592,2026-05-05 17:50:38,RETURNED,EAST
ORD001621,CUST00792,2026-05-10 08:13:20,PLACED,EAST
ORD001622,CUST00729,2025-03-26 12:51:09,DELIVERED,SOUTH
ORD001623,CUST00676,2025-07-30 02:50:25,PLACED,WEST
ORD001624,CUST00062,2025-08-06 00:28:40,DELIVERED,WEST
ORD001625,CUST00839,2026-01-30 06:50:30,DELIVERED,EAST
ORD001626,CUST00214,2026-06-25 18:42:41,CANCELLED,EAST
ORD001627,CUST00726,2026-04-10 23:51:30,SHIPPED,CENTRAL
ORD001628,CUST00109,2025-05-14 07:57:56,RETURNED,WEST
ORD001629,CUST00999,2026-04-09 22:35:27,DELIVERED,WEST
ORD001630,CUST00193,2025-03-12 10:06:56,DELIVERED,EAST
ORD001631,CUST00975,2025-04-15 05:21:45,DELIVERED,NORTH
ORD001632,CUST00763,2025-04-23 08:45:31,PLACED,WEST
ORD001633,CUST00192,2025-10-01 01:02:26,DELIVERED,CENTRAL
ORD001634,CUST00464,2025-12-27 09:40:09,PLACED,CENTRAL
ORD001635,CUST00087,2025-12-29 15:42:34,SHIPPED,WEST
ORD001636,CUST00515,2026-03-18 18:29:34,SHIPPED,WEST
ORD001637,CUST00280,2026-01-14 03:33:40,PLACED,WEST
ORD001638,CUST00750,2026-03-09 07:03:39,SHIPPED,WEST
ORD001639,CUST00181,2025-10-10 19:16:50,DELIVERED,CENTRAL
ORD001640,CUST00444,2025-04-22 01:48:56,DELIVERED,NORTH
ORD001641,CUST00225,2025-04-28 01:56:04,CANCELLED,CENTRAL
ORD001642,CUST00273,2025-09-02 02:23:50,DELIVERED,EAST
ORD001643,CUST00232,2026-02-19 14:16:08,DELIVERED,SOUTH
ORD001644,,2025-10-02 18:01:43,SHIPPED,SOUTH
ORD001645,CUST00356,2025-10-22 21:42:39,SHIPPED,NORTH
ORD001646,,2025-07-09 18:19:20,RETURNED,CENTRAL
ORD001647,CUST00489,2025-11-09 08:41:16,SHIPPED,NORTH
ORD001648,CUST00171,2025-07-11 12:05:36,CANCELLED,SOUTH
ORD001649,CUST00986,2025-01-14 17:16:46,DELIVERED,NORTH
ORD001650,CUST00182,2025-09-28 02:48:09,SHIPPED,NORTH
ORD001651,CUST00609,2025-12-27 17:15:05,DELIVERED,WEST
ORD001652,,2025-09-11 17:12:20,PLACED,NORTH
ORD001653,,2025-10-25 08:18:42,DELIVERED,SOUTH
ORD001654,CUST00774,2025-05-31 03:25:08,PLACED,EAST
ORD001655,CUST00464,2026-05-18 12:46:17,RETURNED,EAST
ORD001656,CUST00680,2026-05-14 09:13:51,DELIVERED,NORTH
ORD001657,CUST00848,2025-12-28 10:57:50,DELIVERED,CENTRAL
ORD001658,CUST00794,2026-05-11 04:06:19,SHIPPED,CENTRAL
ORD001659,CUST00746,2025-01-22 05:23:05,RETURNED,SOUTH
ORD001660,CUST00676,2025-05-26 13:00:18,DELIVERED,SOUTH
ORD001661,CUST00592,2026-03-18 13:05:09,SHIPPED,NORTH
ORD001662,CUST00199,2026-01-22 23:15:20,PLACED,EAST
ORD001663,CUST00899,2026-07-12 16:21:26,RETURNED,CENTRAL
ORD001664,CUST00180,2025-09-29 12:42:03,CANCELLED,WEST
ORD001665,CUST00604,04-03-2026,SHIPPED,NORTH
ORD001666,CUST00594,2026-06-17 12:29:53,CANCELLED,NORTH
ORD001667,CUST00444,2026-04-11 20:37:53,RETURNED,EAST
ORD001668,CUST00296,2025-04-23 00:18:12,DELIVERED,SOUTH
ORD001669,CUST00478,2025-06-03 19:02:55,RETURNED,CENTRAL
ORD001670,CUST00572,2025-06-16 11:03:19,DELIVERED,NORTH
ORD001671,CUST00819,2025-10-29 00:34:03,DELIVERED,SOUTH
ORD001672,CUST00290,2025-05-07 01:56:12,DELIVERED,NORTH
ORD001673,CUST00441,2025-12-27 00:01:24,PLACED,SOUTH
ORD001674,CUST00359,2025-10-18 18:16:37,DELIVERED,CENTRAL
ORD001675,CUST00159,2025-03-30 09:51:17,PLACED,SOUTH
ORD001676,CUST00443,2025-03-24 10:35:16,SHIPPED,WEST
ORD001677,CUST00956,2025-12-30 09:03:21,CANCELLED,WEST
ORD001678,CUST00433,13-02-2026,CANCELLED,EAST
ORD001679,CUST00612,2025-11-15 06:18:35,DELIVERED,EAST
ORD001680,CUST00824,2025-05-23 07:15:49,SHIPPED,WEST
ORD001681,CUST00568,24-07-2025,SHIPPED,EAST
ORD001682,,2026-04-18 19:52:23,SHIPPED,WEST
ORD001683,CUST00099,2025-05-22 19:10:18,DELIVERED,EAST
ORD001684,CUST00516,2026-01-02 17:03:11,DELIVERED,WEST
ORD001685,CUST00431,2026-02-25 16:47:41,PLACED,CENTRAL
ORD001686,,2026-03-08 03:13:10,DELIVERED,CENTRAL
ORD001687,CUST00929,2025-11-06 08:50:04,DELIVERED,EAST
ORD001688,CUST00131,2026-07-11 20:35:30,CANCELLED,NORTH
ORD001689,CUST00774,2026-02-07 04:35:06,DELIVERED,NORTH
ORD001690,CUST00474,2026-06-15 16:45:22,CANCELLED,NORTH
ORD001691,CUST00057,04-10-2025,PLACED,CENTRAL
ORD001692,CUST00100,2025-10-25 20:35:13,DELIVERED,EAST
ORD001693,CUST00886,2025-03-04 04:25:17,DELIVERED,CENTRAL
ORD001694,CUST00758,2025-02-24 07:27:58,DELIVERED,CENTRAL
ORD001695,CUST00759,2026-05-23 04:57:58,SHIPPED,SOUTH
ORD001696,CUST00309,2025-11-15 00:14:05,CANCELLED,CENTRAL
ORD001697,CUST00705,2025-07-25 04:10:35,PLACED,SOUTH
ORD001698,CUST00619,2025-05-04 18:55:34,PLACED,SOUTH
ORD001699,CUST00107,2026-05-01 00:53:51,CANCELLED,WEST
ORD001700,CUST00401,2025-02-26 04:26:06,SHIPPED,WEST
ORD001701,CUST00189,2025-08-29 19:54:19,SHIPPED,CENTRAL
ORD001702,CUST00698,2026-03-26 23:57:46,DELIVERED,WEST
ORD001703,CUST00150,2025-01-23 06:43:43,PLACED,SOUTH
ORD001704,CUST00175,2026-06-08 19:54:14,SHIPPED,WEST
ORD001705,CUST00297,2025-10-24 03:38:29,RETURNED,WEST
ORD001706,CUST00377,2025-10-09 14:14:33,DELIVERED,NORTH
ORD001707,CUST00476,2026-03-03 15:28:03,PLACED,EAST
ORD001708,CUST00469,2025-05-04 20:32:32,DELIVERED,CENTRAL
ORD001709,,2025-02-04 23:29:15,DELIVERED,CENTRAL
ORD001710,CUST00456,13-02-2025,RETURNED,WEST
ORD001711,CUST00904,2026-04-15 10:04:54,PLACED,SOUTH
ORD001712,CUST00367,2026-05-28 18:19:16,SHIPPED,CENTRAL
ORD001713,CUST00400,2026-06-10 02:17:06,SHIPPED,SOUTH
ORD001714,CUST00361,2026-07-31 12:21:11,DELIVERED,SOUTH
ORD001715,CUST00286,2025-11-07 14:20:33,PLACED,WEST
ORD001716,CUST00386,2026-04-29 22:03:28,DELIVERED,CENTRAL
ORD001717,CUST00726,2026-06-04 23:59:24,DELIVERED,SOUTH
ORD001718,CUST00715,2025-11-28 21:26:22,RETURNED,EAST
ORD001719,CUST00599,2026-02-18 02:27:36,PLACED,SOUTH
ORD001720,CUST00238,2025-04-09 03:52:02,DELIVERED,WEST
ORD001721,CUST00332,2025-08-26 08:36:53,PLACED,SOUTH
ORD001722,CUST00746,2026-01-29 15:17:37,RETURNED,NORTH
ORD001723,CUST00627,2025-09-14 04:10:04,PLACED,NORTH
ORD001724,CUST00453,2026-01-19 22:04:59,DELIVERED,NORTH
ORD001725,CUST00946,2025-06-28 11:41:34,PLACED,WEST
ORD001726,CUST00387,2025-05-17 23:12:24,DELIVERED,SOUTH
ORD001727,CUST00201,2025-09-16 17:52:49,DELIVERED,EAST
ORD001728,CUST00231,2025-07-26 05:54:05,DELIVERED,CENTRAL
ORD001729,,2025-07-16 03:07:54,DELIVERED,NORTH
ORD001730,CUST00209,2025-02-04 05:07:03,CANCELLED,EAST
ORD001731,CUST00793,2026-02-22 20:41:27,DELIVERED,NORTH
ORD001732,CUST00349,2025-07-09 23:22:58,DELIVERED,SOUTH
ORD001733,CUST00853,2025-08-01 20:45:59,CANCELLED,CENTRAL
ORD001734,CUST00361,2026-01-01 22:31:05,CANCELLED,SOUTH
ORD001735,CUST00821,2025-03-10 15:58:44,DELIVERED,WEST
ORD001736,CUST00895,2025-03-14 20:43:19,PLACED,CENTRAL
ORD001737,CUST00306,2025-04-14 04:17:36,DELIVERED,NORTH
ORD001738,CUST00616,2026-07-08 12:02:54,PLACED,EAST
ORD001739,CUST00945,2025-09-15 14:12:53,DELIVERED,NORTH
ORD001740,CUST00894,2025-06-11 10:29:17,PLACED,CENTRAL
ORD001741,CUST00248,2026-06-15 22:15:17,DELIVERED,WEST
ORD001742,CUST00634,2025-02-28 19:52:37,DELIVERED,NORTH
ORD001743,CUST00597,2026-04-28 09:34:38,DELIVERED,NORTH
ORD001744,CUST00347,2026-03-08 09:29:54,SHIPPED,NORTH
ORD001745,CUST00143,2025-07-29 19:55:07,CANCELLED,EAST
ORD001746,CUST00947,2025-03-05 08:34:42,DELIVERED,CENTRAL
ORD001747,CUST00927,2025-02-06 12:35:30,RETURNED,WEST
ORD001748,CUST00613,2025-03-24 20:04:36,DELIVERED,SOUTH
ORD001749,CUST00278,2025-02-12 03:47:19,PLACED,CENTRAL
ORD001750,CUST00231,2025-12-25 15:42:39,DELIVERED,SOUTH
ORD001751,CUST00022,2025-02-26 00:57:34,DELIVERED,SOUTH
ORD001752,CUST00548,2026-01-24 00:39:31,DELIVERED,NORTH
ORD001753,CUST00397,2026-01-22 04:33:35,DELIVERED,WEST
ORD001754,CUST00563,2025-05-22 04:12:29,DELIVERED,CENTRAL
ORD001755,CUST00926,2026-01-12 12:48:29,SHIPPED,WEST
ORD001756,CUST00941,2025-03-01 08:40:17,SHIPPED,CENTRAL
ORD001757,CUST00011,2025-08-21 15:02:21,DELIVERED,CENTRAL
ORD001758,CUST00582,2025-02-16 00:32:32,CANCELLED,SOUTH
ORD001759,CUST00833,2025-02-28 02:47:21,PLACED,WEST
ORD001760,CUST00185,2025-10-17 01:35:30,SHIPPED,CENTRAL
ORD001761,CUST00671,2025-09-08 10:38:47,PLACED,WEST
ORD001762,CUST00491,2025-05-06 23:54:20,PLACED,EAST
ORD001763,CUST00961,2026-07-11 07:29:42,DELIVERED,EAST
ORD001764,CUST00920,2025-08-14 16:08:55,DELIVERED,EAST
ORD001765,CUST00799,2026-07-19 10:39:22,CANCELLED,SOUTH
ORD001766,CUST00540,2025-10-01 11:36:33,DELIVERED,CENTRAL
ORD001767,,2025-02-25 12:37:14,RETURNED,CENTRAL
ORD001768,CUST00498,2025-10-14 02:51:22,SHIPPED,SOUTH
ORD001769,CUST00862,2026-06-18 08:23:36,SHIPPED,CENTRAL
ORD001770,CUST00216,2025-05-06 13:33:29,DELIVERED,SOUTH
ORD001771,CUST00037,2025-08-29 16:01:48,DELIVERED,WEST
ORD001772,CUST00976,2025-04-27 00:46:30,DELIVERED,NORTH
ORD001773,CUST00277,2025-10-12 21:25:01,DELIVERED,NORTH
ORD001774,CUST00062,2025-10-13 22:12:00,DELIVERED,NORTH
ORD001775,CUST00884,2026-01-27 14:00:18,DELIVERED,SOUTH
ORD001776,CUST00211,2026-01-24 06:42:53,DELIVERED,CENTRAL
ORD001777,CUST00054,2025-11-09 01:08:23,DELIVERED,EAST
ORD001778,CUST00960,27-01-2025,DELIVERED,EAST
ORD001779,CUST00945,2025-09-26 21:30:58,SHIPPED,NORTH
ORD001780,CUST00350,2026-03-21 15:33:59,DELIVERED,NORTH
ORD001781,CUST00827,2025-04-22 20:08:41,DELIVERED,EAST
ORD001782,CUST00880,2026-07-02 16:52:32,DELIVERED,CENTRAL
ORD001783,CUST00788,16-06-2026,SHIPPED,WEST
ORD001784,CUST00479,2025-09-01 04:48:04,RETURNED,EAST
ORD001785,CUST00819,2025-10-08 03:06:51,RETURNED,CENTRAL
ORD001786,CUST00303,2025-12-12 20:47:32,DELIVERED,CENTRAL
ORD001787,CUST00281,06-01-2026,DELIVERED,CENTRAL
ORD001788,CUST00013,2025-05-08 11:10:25,DELIVERED,EAST
ORD001789,CUST00857,2025-09-28 06:30:33,DELIVERED,NORTH
ORD001790,CUST00451,2025-01-10 16:58:57,PLACED,EAST
ORD001791,CUST00492,2026-07-24 07:55:53,DELIVERED,CENTRAL
ORD001792,CUST00962,2025-03-23 10:03:54,CANCELLED,CENTRAL
ORD001793,CUST00322,2025-03-07 16:02:09,SHIPPED,EAST
ORD001794,CUST00266,2026-05-22 04:37:55,SHIPPED,SOUTH
ORD001795,CUST00151,2025-02-20 08:28:16,PLACED,NORTH
ORD001796,CUST00189,2026-06-03 16:01:52,DELIVERED,NORTH
ORD001797,CUST00567,2025-08-22 02:12:50,RETURNED,EAST
ORD001798,CUST00999,2025-09-21 00:35:12,DELIVERED,EAST
ORD001799,CUST00554,2025-02-15 21:51:59,SHIPPED,NORTH
ORD001800,CUST00080,2026-06-04 16:09:31,PLACED,NORTH
ORD001801,CUST00243,2025-07-28 11:51:41,DELIVERED,WEST
ORD001802,CUST00074,2026-03-13 10:18:24,PLACED,EAST
ORD001803,CUST00622,2026-01-04 12:11:47,RETURNED,EAST
ORD001804,CUST00482,2025-10-29 22:38:35,PLACED,EAST
ORD001805,CUST00046,2025-10-25 05:27:49,RETURNED,NORTH
ORD001806,CUST00109,2025-08-05 11:23:59,DELIVERED,CENTRAL
ORD001807,CUST00803,2025-12-19 07:49:23,DELIVERED,CENTRAL
ORD001808,CUST00034,2025-06-03 13:52:30,DELIVERED,NORTH
ORD001809,CUST00979,2025-03-21 08:10:36,DELIVERED,CENTRAL
ORD001810,CUST00646,2026-07-16 15:13:18,DELIVERED,NORTH
ORD001811,CUST00868,2026-06-25 01:52:21,DELIVERED,CENTRAL
ORD001812,CUST00533,2026-03-28 11:32:21,SHIPPED,CENTRAL
ORD001813,CUST00301,2025-09-07 11:58:01,SHIPPED,EAST
ORD001814,,2026-04-12 11:27:43,DELIVERED,NORTH
ORD001815,CUST00710,2025-09-04 16:12:08,DELIVERED,WEST
ORD001816,CUST00371,2025-03-23 12:48:55,DELIVERED,NORTH
ORD001817,CUST00937,2026-01-06 23:47:13,DELIVERED,SOUTH
ORD001818,CUST00460,2026-03-05 08:21:55,DELIVERED,SOUTH
ORD001819,CUST00948,2026-07-05 08:55:05,DELIVERED,WEST
ORD001820,CUST00691,2025-05-22 22:02:50,SHIPPED,EAST
ORD001821,CUST00350,2025-11-18 04:17:41,PLACED,WEST
ORD001822,CUST00518,01-06-2025,DELIVERED,SOUTH
ORD001823,CUST00922,2025-07-04 16:31:55,PLACED,NORTH
ORD001824,CUST00429,2025-09-27 20:11:29,DELIVERED,WEST
ORD001825,CUST00761,2025-04-14 04:36:07,CANCELLED,WEST
ORD001826,CUST00025,2025-06-20 02:39:30,PLACED,CENTRAL
ORD001827,CUST00941,2026-02-02 15:22:39,DELIVERED,WEST
ORD001828,CUST00714,2026-07-25 08:47:25,DELIVERED,NORTH
ORD001829,CUST00345,11-12-2025,DELIVERED,NORTH
ORD001830,CUST00740,2025-02-16 02:41:06,DELIVERED,EAST
ORD001831,CUST00973,2026-04-05 14:53:12,DELIVERED,WEST
ORD001832,CUST00297,2026-05-04 04:54:03,DELIVERED,CENTRAL
ORD001833,CUST00939,2026-06-06 03:03:02,SHIPPED,NORTH
ORD001834,CUST00608,2026-01-14 23:38:38,DELIVERED,EAST
ORD001835,CUST00450,2025-06-30 18:31:12,DELIVERED,EAST
ORD001836,CUST00968,2025-04-10 08:27:23,SHIPPED,EAST
ORD001837,CUST00050,2026-06-15 19:07:18,DELIVERED,WEST
ORD001838,CUST00293,2025-11-27 13:59:00,SHIPPED,SOUTH
ORD001839,CUST00977,2025-05-27 01:31:36,CANCELLED,SOUTH
ORD001840,CUST00441,2026-06-16 10:07:51,DELIVERED,CENTRAL
ORD001841,CUST00322,2025-04-12 12:38:47,SHIPPED,NORTH
ORD001842,CUST00295,2025-10-08 17:43:04,DELIVERED,SOUTH
ORD001843,CUST00296,2025-09-23 22:04:11,DELIVERED,SOUTH
ORD001844,CUST00683,2025-10-13 05:08:01,PLACED,CENTRAL
ORD001845,CUST00859,2026-06-05 06:08:51,PLACED,NORTH
ORD001846,CUST00983,2026-07-07 19:35:05,DELIVERED,NORTH
ORD001847,CUST00501,2025-01-27 13:27:16,SHIPPED,CENTRAL
ORD001848,CUST00437,2026-04-01 18:57:54,PLACED,WEST
ORD001849,CUST00303,2025-04-23 04:22:00,DELIVERED,WEST
ORD001850,CUST00506,2025-09-27 03:09:45,CANCELLED,EAST
ORD001851,CUST00750,30-04-2025,CANCELLED,SOUTH
ORD001852,CUST00745,2025-03-18 11:54:35,SHIPPED,EAST
ORD001853,CUST00283,2026-04-10 22:57:37,DELIVERED,NORTH
ORD001854,CUST00724,2025-11-19 01:23:47,DELIVERED,CENTRAL
ORD001855,CUST00326,2025-07-14 20:19:20,DELIVERED,NORTH
ORD001856,CUST00972,2025-01-09 08:57:12,PLACED,WEST
ORD001857,CUST00894,2025-08-14 07:07:27,SHIPPED,SOUTH
ORD001858,CUST00497,2025-07-11 18:05:06,SHIPPED,SOUTH
ORD001859,CUST00651,2025-04-01 18:47:53,CANCELLED,SOUTH
ORD001860,CUST00004,2026-03-21 02:26:56,DELIVERED,CENTRAL
ORD001861,,2025-07-02 01:24:47,DELIVERED,EAST
ORD001862,CUST00629,2026-01-25 22:58:29,DELIVERED,EAST
ORD001863,CUST00496,2026-06-28 23:55:06,RETURNED,EAST
ORD001864,CUST00861,2025-08-26 10:38:08,DELIVERED,WEST
ORD001865,CUST00816,2026-02-06 21:46:00,DELIVERED,WEST
ORD001866,CUST00303,2025-04-09 07:58:15,PLACED,EAST
ORD001867,CUST00430,2026-04-03 11:50:50,SHIPPED,WEST
ORD001868,CUST00119,2025-06-30 16:55:13,RETURNED,NORTH
ORD001869,CUST00356,2026-02-12 04:39:44,DELIVERED,WEST
ORD001870,CUST00861,2026-05-16 21:53:01,DELIVERED,SOUTH
ORD001871,CUST00030,2025-10-25 09:45:17,DELIVERED,WEST
ORD001872,CUST00063,2026-07-30 11:46:01,SHIPPED,EAST
ORD001873,CUST00422,2026-02-05 16:05:27,DELIVERED,EAST
ORD001874,,2025-02-25 09:46:08,DELIVERED,SOUTH
ORD001875,CUST00348,2025-02-16 11:13:57,DELIVERED,SOUTH
ORD001876,CUST00587,2025-06-20 19:30:56,SHIPPED,NORTH
ORD001877,CUST00971,2025-12-04 04:42:16,DELIVERED,NORTH
ORD001878,CUST00974,2025-01-22 13:48:20,PLACED,EAST
ORD001879,CUST00935,2025-12-28 20:07:48,PLACED,NORTH
ORD001880,CUST00532,2025-08-04 13:11:00,DELIVERED,SOUTH
ORD001881,CUST00859,2026-07-03 14:24:02,CANCELLED,SOUTH
ORD001882,CUST00298,15-06-2025,SHIPPED,SOUTH
ORD001883,CUST00567,2025-09-12 00:29:47,PLACED,NORTH
ORD001884,CUST00774,2026-06-24 03:43:57,DELIVERED,WEST
ORD001885,CUST00044,2025-06-10 10:18:25,SHIPPED,SOUTH
ORD001886,CUST00647,2025-09-11 01:13:47,SHIPPED,NORTH
ORD001887,CUST00833,2026-01-22 23:51:28,DELIVERED,EAST
ORD001888,CUST00883,2025-03-28 02:47:10,PLACED,WEST
ORD001889,CUST00021,2025-01-16 19:43:21,DELIVERED,SOUTH
ORD001890,CUST00098,2026-02-05 07:04:25,CANCELLED,EAST
ORD001891,CUST00804,2025-11-28 15:28:45,DELIVERED,NORTH
ORD001892,CUST00310,2025-10-08 16:42:29,SHIPPED,EAST
ORD001893,CUST00993,2026-04-28 13:42:39,SHIPPED,NORTH
ORD001894,CUST00228,2026-02-21 20:25:30,SHIPPED,EAST
ORD001895,CUST00930,2026-07-01 18:26:40,SHIPPED,NORTH
ORD001896,CUST00509,2026-02-08 13:34:15,DELIVERED,NORTH
ORD001897,CUST00464,2025-08-18 21:02:23,RETURNED,WEST
ORD001898,CUST00790,2025-08-26 16:16:40,DELIVERED,CENTRAL
ORD001899,CUST00112,2025-11-15 12:06:12,PLACED,NORTH
ORD001900,CUST00098,2026-07-29 06:09:44,SHIPPED,WEST
ORD001901,CUST00608,2025-09-13 03:03:15,PLACED,CENTRAL
ORD001902,CUST00859,2026-04-30 19:03:23,DELIVERED,CENTRAL
ORD001903,CUST00779,2025-08-27 02:08:44,DELIVERED,EAST
ORD001904,CUST00422,2025-11-15 12:18:05,CANCELLED,NORTH
ORD001905,CUST00330,2026-02-21 00:12:10,SHIPPED,SOUTH
ORD001906,CUST00774,2026-07-30 17:47:38,DELIVERED,EAST
ORD001907,CUST00983,2025-08-30 11:43:03,DELIVERED,WEST
ORD001908,CUST00527,2026-07-23 02:57:53,RETURNED,WEST
ORD001909,CUST00717,2025-03-21 13:40:41,PLACED,NORTH
ORD001910,CUST00166,17-06-2026,SHIPPED,WEST
ORD001911,CUST00891,2025-04-27 01:25:19,CANCELLED,WEST
ORD001912,CUST00175,2026-06-22 17:44:17,PLACED,CENTRAL
ORD001913,CUST00429,2026-02-13 00:20:13,SHIPPED,WEST
ORD001914,CUST00302,05-10-2025,SHIPPED,EAST
ORD001915,CUST00578,2025-06-19 05:09:08,SHIPPED,SOUTH
ORD001916,CUST00823,2026-01-16 18:54:36,DELIVERED,WEST
ORD001917,CUST00474,2025-08-04 12:01:16,RETURNED,SOUTH
ORD001918,CUST00169,2026-06-21 17:15:11,PLACED,WEST
ORD001919,CUST00184,2025-06-03 17:07:48,PLACED,NORTH
ORD001920,CUST00320,2025-07-12 07:15:18,DELIVERED,CENTRAL
ORD001921,CUST00470,2025-12-05 03:26:54,PLACED,WEST
ORD001922,CUST00609,2025-06-10 02:25:51,DELIVERED,CENTRAL
ORD001923,CUST00905,2025-08-20 12:33:34,DELIVERED,SOUTH
ORD001924,CUST00282,2025-10-19 15:30:58,DELIVERED,EAST
ORD001925,CUST00377,2026-02-17 09:16:30,DELIVERED,SOUTH
ORD001926,CUST00080,2025-06-06 03:44:57,DELIVERED,EAST
ORD001927,CUST00183,2025-09-27 20:31:20,PLACED,CENTRAL
ORD001928,CUST00602,2026-01-28 12:01:14,DELIVERED,CENTRAL
ORD001929,CUST00620,2025-10-11 22:25:25,DELIVERED,WEST
ORD001930,CUST00215,2025-06-22 00:05:50,DELIVERED,SOUTH
ORD001931,CUST00094,2025-05-31 05:13:06,SHIPPED,NORTH
ORD001932,CUST00332,2025-03-21 01:54:00,PLACED,WEST
ORD001933,CUST00436,2026-04-29 11:54:32,SHIPPED,NORTH
ORD001934,CUST00247,2026-07-28 14:19:03,DELIVERED,WEST
ORD001935,CUST00724,2026-05-01 12:55:29,SHIPPED,CENTRAL
ORD001936,CUST00325,2026-06-28 02:50:49,CANCELLED,SOUTH
ORD001937,CUST00979,2025-06-20 23:04:29,CANCELLED,SOUTH
ORD001938,CUST00861,2026-03-24 20:24:24,DELIVERED,EAST
ORD001939,CUST00702,2025-05-04 20:18:45,CANCELLED,EAST
ORD001940,CUST00183,2025-01-26 13:18:51,CANCELLED,EAST
ORD001941,CUST00746,2026-03-11 07:47:00,DELIVERED,SOUTH
ORD001942,CUST00392,19-01-2026,RETURNED,NORTH
ORD001943,CUST00201,2026-03-29 13:08:35,DELIVERED,NORTH
ORD001944,CUST00601,2025-11-14 11:57:30,PLACED,EAST
ORD001945,CUST00938,2025-09-17 18:18:22,RETURNED,CENTRAL
ORD001946,CUST00280,2025-02-04 23:33:52,SHIPPED,WEST
ORD001947,CUST00408,2025-02-14 09:12:46,SHIPPED,NORTH
ORD001948,CUST00995,2025-02-01 17:08:29,RETURNED,WEST
ORD001949,CUST00503,2025-06-27 17:14:15,DELIVERED,CENTRAL
ORD001950,CUST00827,2025-04-17 01:23:26,DELIVERED,CENTRAL
ORD001951,CUST00916,2025-06-06 06:26:27,CANCELLED,SOUTH
ORD001952,CUST00085,2026-03-06 04:20:53,PLACED,NORTH
ORD001953,CUST00322,2025-04-10 19:48:34,SHIPPED,SOUTH
ORD001954,CUST00671,2025-01-18 12:06:43,CANCELLED,EAST
ORD001955,CUST00920,2025-06-23 21:21:59,DELIVERED,EAST
ORD001956,,2025-01-15 14:40:44,DELIVERED,NORTH
ORD001957,CUST00067,2025-07-17 18:15:35,PLACED,EAST
ORD001958,CUST00086,2025-06-26 16:08:37,PLACED,CENTRAL
ORD001959,CUST00204,2026-06-02 14:54:01,SHIPPED,NORTH
ORD001960,CUST00319,2025-10-08 20:24:33,DELIVERED,EAST
ORD001961,CUST00478,2025-03-30 20:36:51,RETURNED,NORTH
ORD001962,CUST00120,2025-04-03 06:38:40,DELIVERED,SOUTH
ORD001963,CUST00326,2025-01-21 06:09:55,DELIVERED,SOUTH
ORD001964,,2026-01-19 16:45:38,PLACED,SOUTH
ORD001965,CUST00316,2025-07-15 04:49:57,SHIPPED,WEST
ORD001966,,2025-10-21 06:28:51,SHIPPED,CENTRAL
ORD001967,CUST00324,2026-02-28 08:13:37,CANCELLED,EAST
ORD001968,CUST00905,2025-07-24 06:26:54,RETURNED,EAST
ORD001969,CUST00715,2026-03-27 09:37:54,PLACED,EAST
ORD001970,CUST00593,2026-01-08 12:42:05,DELIVERED,CENTRAL
ORD001971,CUST00461,2025-06-24 01:20:14,RETURNED,CENTRAL
ORD001972,CUST00395,2025-06-09 19:35:10,DELIVERED,WEST
ORD001973,CUST00356,2025-10-23 07:33:10,SHIPPED,CENTRAL
ORD001974,CUST00565,2025-10-03 03:18:15,DELIVERED,SOUTH
ORD001975,CUST00265,2025-08-12 17:01:40,SHIPPED,NORTH
ORD001976,CUST00530,2025-07-10 17:18:06,PLACED,CENTRAL
ORD001977,CUST00331,2026-01-17 20:31:34,DELIVERED,CENTRAL
ORD001978,CUST00923,2025-02-04 11:44:13,DELIVERED,EAST
ORD001979,CUST00891,2025-01-09 05:46:47,DELIVERED,EAST
ORD001980,CUST00345,2025-04-13 06:48:45,RETURNED,EAST
ORD001981,CUST00167,2026-04-24 19:54:27,SHIPPED,NORTH
ORD001982,CUST00450,2026-04-13 21:36:41,DELIVERED,WEST
ORD001983,CUST00749,2026-02-13 17:14:32,CANCELLED,EAST
ORD001984,CUST00741,2026-01-18 21:52:46,SHIPPED,WEST
ORD001985,CUST00308,2025-02-11 08:31:50,DELIVERED,CENTRAL
ORD001986,CUST00111,2026-03-08 15:30:22,DELIVERED,CENTRAL
ORD001987,CUST00411,2025-01-30 05:58:19,DELIVERED,EAST
ORD001988,,2026-06-21 07:13:32,RETURNED,CENTRAL
ORD001989,CUST00770,2025-05-23 04:43:45,DELIVERED,NORTH
ORD001990,CUST00994,2025-04-03 11:15:37,DELIVERED,SOUTH
ORD001991,CUST00821,21-12-2025,DELIVERED,WEST
ORD001992,CUST00001,2025-06-01 07:17:47,CANCELLED,EAST
ORD001993,CUST00315,2025-03-24 06:43:15,SHIPPED,SOUTH
ORD001994,CUST00448,2025-04-03 08:54:37,SHIPPED,CENTRAL
ORD001995,CUST00866,2026-01-19 00:10:48,DELIVERED,EAST
ORD001996,CUST00103,2026-04-28 20:01:07,DELIVERED,SOUTH
ORD001997,CUST00935,2026-04-29 13:42:01,CANCELLED,SOUTH
ORD001998,CUST00782,2025-04-09 14:06:40,PLACED,SOUTH
ORD001999,CUST00410,2025-12-01 10:18:38,CANCELLED,WEST
ORD002000,CUST00612,2026-02-08 19:26:47,PLACED,WEST
